timeStamp,elapsed,label,responseCode,responseMessage,threadName,dataType,success,failureMessage,bytes,sentBytes,grpThreads,allThreads,URL,Latency,IdleTime,Connect
1776025781000,807,config 3 request,200,OK,config 3 3-1,text,false,"The operation lasted too long: It took 807 milliseconds, but should not have lasted longer than 775 milliseconds.",231,167,2,6,http://stload.se.ifmo.ru:8080/?token=518477874&user=-1355069478&config=3,798,0,175
1776025781000,935,config 2 request,200,OK,config 2 2-1,text,false,"The operation lasted too long: It took 935 milliseconds, but should not have lasted longer than 775 milliseconds.",231,167,2,6,http://stload.se.ifmo.ru:8080/?token=518477874&user=-1355069478&config=2,935,0,120
1776025781751,818,config 3 request,200,OK,config 3 3-2,text,false,"The operation lasted too long: It took 818 milliseconds, but should not have lasted longer than 775 milliseconds.",231,167,2,6,http://stload.se.ifmo.ru:8080/?token=518477874&user=-1355069478&config=3,818,0,95
1776025781750,1118,config 2 request,200,OK,config 2 2-2,text,false,"The operation lasted too long: It took 1,118 milliseconds, but should not have lasted longer than 775 milliseconds.",231,167,3,9,http://stload.se.ifmo.ru:8080/?token=518477874&user=-1355069478&config=2,1118,0,185
1776025782429,624,config 3 request,200,OK,config 3 3-1,text,true,,231,167,3,9,http://stload.se.ifmo.ru:8080/?token=518477874&user=-1355069478&config=3,624,0,0
1776025782429,882,config 2 request,200,OK,config 2 2-1,text,false,"The operation lasted too long: It took 882 milliseconds, but should not have lasted longer than 775 milliseconds.",231,167,3,9,http://stload.se.ifmo.ru:8080/?token=518477874&user=-1355069478&config=2,882,0,0
1776025782742,870,config 3 request,200,OK,config 3 3-3,text,false,"The operation lasted too long: It took 870 milliseconds, but should not have lasted longer than 775 milliseconds.",231,167,3,9,http://stload.se.ifmo.ru:8080/?token=518477874&user=-1355069478&config=3,869,0,218
1776025782737,1025,config 2 request,200,OK,config 2 2-3,text,false,"The operation lasted too long: It took 1,025 milliseconds, but should not have lasted longer than 775 milliseconds.",231,167,4,12,http://stload.se.ifmo.ru:8080/?token=518477874&user=-1355069478&config=2,1025,0,183
1776025783249,648,config 3 request,200,OK,config 3 3-2,text,true,,231,167,4,12,http://stload.se.ifmo.ru:8080/?token=518477874&user=-1355069478&config=3,648,0,0
1776025783249,873,config 2 request,200,OK,config 2 2-2,text,false,"The operation lasted too long: It took 873 milliseconds, but should not have lasted longer than 775 milliseconds.",231,167,4,12,http://stload.se.ifmo.ru:8080/?token=518477874&user=-1355069478&config=2,873,0,0
1776025783742,813,config 3 request,200,OK,config 3 3-4,text,false,"The operation lasted too long: It took 813 milliseconds, but should not have lasted longer than 775 milliseconds.",231,167,4,12,http://stload.se.ifmo.ru:8080/?token=518477874&user=-1355069478&config=3,813,0,154
1776025783926,669,config 3 request,200,OK,config 3 3-1,text,true,,231,167,4,12,http://stload.se.ifmo.ru:8080/?token=518477874&user=-1355069478&config=3,669,0,0
1776025783734,1021,config 2 request,200,OK,config 2 2-4,text,false,"The operation lasted too long: It took 1,021 milliseconds, but should not have lasted longer than 775 milliseconds.",231,167,5,15,http://stload.se.ifmo.ru:8080/?token=518477874&user=-1355069478&config=2,1021,0,162
1776025783926,893,config 2 request,200,OK,config 2 2-1,text,false,"The operation lasted too long: It took 893 milliseconds, but should not have lasted longer than 775 milliseconds.",231,167,5,15,http://stload.se.ifmo.ru:8080/?token=518477874&user=-1355069478&config=2,893,0,0
1776025784243,697,config 3 request,200,OK,config 3 3-3,text,true,,231,167,5,15,http://stload.se.ifmo.ru:8080/?token=518477874&user=-1355069478&config=3,697,0,0
1776025784240,938,config 2 request,200,OK,config 2 2-3,text,false,"The operation lasted too long: It took 938 milliseconds, but should not have lasted longer than 775 milliseconds.",231,167,5,15,http://stload.se.ifmo.ru:8080/?token=518477874&user=-1355069478&config=2,938,0,0
1776025784752,618,config 3 request,200,OK,config 3 3-2,text,true,,231,167,5,15,http://stload.se.ifmo.ru:8080/?token=518477874&user=-1355069478&config=3,618,0,0
1776025784739,848,config 3 request,200,OK,config 3 3-5,text,false,"The operation lasted too long: It took 848 milliseconds, but should not have lasted longer than 775 milliseconds.",231,167,5,15,http://stload.se.ifmo.ru:8080/?token=518477874&user=-1355069478&config=3,848,0,155
1776025784745,842,config 2 request,200,OK,config 2 2-2,text,false,"The operation lasted too long: It took 842 milliseconds, but should not have lasted longer than 775 milliseconds.",231,167,5,15,http://stload.se.ifmo.ru:8080/?token=518477874&user=-1355069478&config=2,842,0,0
1776025784736,1021,config 2 request,200,OK,config 2 2-5,text,false,"The operation lasted too long: It took 1,021 milliseconds, but should not have lasted longer than 775 milliseconds.",231,167,6,18,http://stload.se.ifmo.ru:8080/?token=518477874&user=-1355069478&config=2,1021,0,158
1776025785246,696,config 3 request,200,OK,config 3 3-4,text,true,,231,167,6,18,http://stload.se.ifmo.ru:8080/?token=518477874&user=-1355069478&config=3,696,0,0
1776025785426,694,config 3 request,200,OK,config 3 3-1,text,true,,231,167,6,18,http://stload.se.ifmo.ru:8080/?token=518477874&user=-1355069478&config=3,694,0,0
1776025785238,882,config 2 request,200,OK,config 2 2-4,text,false,"The operation lasted too long: It took 882 milliseconds, but should not have lasted longer than 775 milliseconds.",231,167,6,18,http://stload.se.ifmo.ru:8080/?token=518477874&user=-1355069478&config=2,882,0,0
1776025785423,852,config 2 request,200,OK,config 2 2-1,text,false,"The operation lasted too long: It took 852 milliseconds, but should not have lasted longer than 775 milliseconds.",231,167,6,18,http://stload.se.ifmo.ru:8080/?token=518477874&user=-1355069478&config=2,852,0,0
1776025785744,637,config 3 request,200,OK,config 3 3-3,text,true,,231,167,6,18,http://stload.se.ifmo.ru:8080/?token=518477874&user=-1355069478&config=3,637,0,0
1776025785738,848,config 2 request,200,OK,config 2 2-3,text,false,"The operation lasted too long: It took 848 milliseconds, but should not have lasted longer than 775 milliseconds.",231,167,6,18,http://stload.se.ifmo.ru:8080/?token=518477874&user=-1355069478&config=2,848,0,0
1776025785742,844,config 3 request,200,OK,config 3 3-6,text,false,"The operation lasted too long: It took 844 milliseconds, but should not have lasted longer than 775 milliseconds.",231,167,6,18,http://stload.se.ifmo.ru:8080/?token=518477874&user=-1355069478&config=3,844,0,153
1776025785735,1038,config 2 request,200,OK,config 2 2-6,text,false,"The operation lasted too long: It took 1,038 milliseconds, but should not have lasted longer than 775 milliseconds.",231,167,7,21,http://stload.se.ifmo.ru:8080/?token=518477874&user=-1355069478&config=2,1037,0,159
1776025786239,711,config 3 request,200,OK,config 3 3-5,text,true,,231,167,7,21,http://stload.se.ifmo.ru:8080/?token=518477874&user=-1355069478&config=3,711,0,0
1776025786250,700,config 3 request,200,OK,config 3 3-2,text,true,,231,167,7,21,http://stload.se.ifmo.ru:8080/?token=518477874&user=-1355069478&config=3,700,0,0
1776025786245,896,config 2 request,200,OK,config 2 2-2,text,false,"The operation lasted too long: It took 896 milliseconds, but should not have lasted longer than 775 milliseconds.",231,167,7,21,http://stload.se.ifmo.ru:8080/?token=518477874&user=-1355069478&config=2,896,0,0
1776025786235,906,config 2 request,200,OK,config 2 2-5,text,false,"The operation lasted too long: It took 906 milliseconds, but should not have lasted longer than 775 milliseconds.",231,167,7,21,http://stload.se.ifmo.ru:8080/?token=518477874&user=-1355069478&config=2,906,0,0
1776025786744,730,config 3 request,200,OK,config 3 3-4,text,true,,231,167,7,21,http://stload.se.ifmo.ru:8080/?token=518477874&user=-1355069478&config=3,729,0,0
1776025786923,695,config 3 request,200,OK,config 3 3-1,text,true,,231,167,7,21,http://stload.se.ifmo.ru:8080/?token=518477874&user=-1355069478&config=3,694,0,0
1776025786732,886,config 2 request,200,OK,config 2 2-4,text,false,"The operation lasted too long: It took 886 milliseconds, but should not have lasted longer than 775 milliseconds.",231,167,7,21,http://stload.se.ifmo.ru:8080/?token=518477874&user=-1355069478&config=2,886,0,0
1776025786738,880,config 3 request,200,OK,config 3 3-7,text,false,"The operation lasted too long: It took 880 milliseconds, but should not have lasted longer than 775 milliseconds.",231,167,7,21,http://stload.se.ifmo.ru:8080/?token=518477874&user=-1355069478&config=3,879,0,162
1776025786736,1053,config 2 request,200,OK,config 2 2-7,text,false,"The operation lasted too long: It took 1,053 milliseconds, but should not have lasted longer than 775 milliseconds.",231,167,8,24,http://stload.se.ifmo.ru:8080/?token=518477874&user=-1355069478&config=2,1053,0,164
1776025786925,878,config 2 request,200,OK,config 2 2-1,text,false,"The operation lasted too long: It took 878 milliseconds, but should not have lasted longer than 775 milliseconds.",231,167,8,24,http://stload.se.ifmo.ru:8080/?token=518477874&user=-1355069478&config=2,878,0,0
1776025787243,694,config 3 request,200,OK,config 3 3-3,text,true,,231,167,8,24,http://stload.se.ifmo.ru:8080/?token=518477874&user=-1355069478&config=3,694,0,0
1776025787244,693,config 3 request,200,OK,config 3 3-6,text,true,,231,167,8,24,http://stload.se.ifmo.ru:8080/?token=518477874&user=-1355069478&config=3,693,0,0
1776025787240,917,config 2 request,200,OK,config 2 2-3,text,false,"The operation lasted too long: It took 917 milliseconds, but should not have lasted longer than 775 milliseconds.",231,167,8,24,http://stload.se.ifmo.ru:8080/?token=518477874&user=-1355069478&config=2,917,0,0
1776025787234,923,config 2 request,200,OK,config 2 2-6,text,false,"The operation lasted too long: It took 923 milliseconds, but should not have lasted longer than 775 milliseconds.",231,167,8,24,http://stload.se.ifmo.ru:8080/?token=518477874&user=-1355069478&config=2,923,0,0
1776025787739,686,config 3 request,200,OK,config 3 3-5,text,true,,231,167,8,24,http://stload.se.ifmo.ru:8080/?token=518477874&user=-1355069478&config=3,686,0,0
1776025787747,678,config 3 request,200,OK,config 3 3-2,text,true,,231,167,8,24,http://stload.se.ifmo.ru:8080/?token=518477874&user=-1355069478&config=3,678,0,0
1776025787735,873,config 2 request,200,OK,config 2 2-5,text,false,"The operation lasted too long: It took 873 milliseconds, but should not have lasted longer than 775 milliseconds.",231,167,8,24,http://stload.se.ifmo.ru:8080/?token=518477874&user=-1355069478&config=2,873,0,0
1776025787743,865,config 3 request,200,OK,config 3 3-8,text,false,"The operation lasted too long: It took 865 milliseconds, but should not have lasted longer than 775 milliseconds.",231,167,8,24,http://stload.se.ifmo.ru:8080/?token=518477874&user=-1355069478&config=3,865,0,139
1776025787748,900,config 2 request,200,OK,config 2 2-2,text,false,"The operation lasted too long: It took 900 milliseconds, but should not have lasted longer than 775 milliseconds.",231,167,8,24,http://stload.se.ifmo.ru:8080/?token=518477874&user=-1355069478&config=2,900,0,0
1776025787731,1060,config 2 request,200,OK,config 2 2-8,text,false,"The operation lasted too long: It took 1,060 milliseconds, but should not have lasted longer than 775 milliseconds.",231,167,9,27,http://stload.se.ifmo.ru:8080/?token=518477874&user=-1355069478&config=2,1060,0,151
1776025788240,776,config 3 request,200,OK,config 3 3-7,text,false,"The operation lasted too long: It took 776 milliseconds, but should not have lasted longer than 775 milliseconds.",231,167,9,27,http://stload.se.ifmo.ru:8080/?token=518477874&user=-1355069478&config=3,776,0,0
1776025788240,776,config 3 request,200,OK,config 3 3-4,text,false,"The operation lasted too long: It took 776 milliseconds, but should not have lasted longer than 775 milliseconds.",231,167,9,27,http://stload.se.ifmo.ru:8080/?token=518477874&user=-1355069478&config=3,776,0,0
1776025788423,687,config 3 request,200,OK,config 3 3-1,text,true,,231,167,9,27,http://stload.se.ifmo.ru:8080/?token=518477874&user=-1355069478&config=3,687,0,0
1776025788232,878,config 2 request,200,OK,config 2 2-4,text,false,"The operation lasted too long: It took 878 milliseconds, but should not have lasted longer than 775 milliseconds.",231,167,9,27,http://stload.se.ifmo.ru:8080/?token=518477874&user=-1355069478&config=2,878,0,0
1776025788237,873,config 2 request,200,OK,config 2 2-7,text,false,"The operation lasted too long: It took 873 milliseconds, but should not have lasted longer than 775 milliseconds.",231,167,9,27,http://stload.se.ifmo.ru:8080/?token=518477874&user=-1355069478&config=2,873,0,0
1776025788423,908,config 2 request,200,OK,config 2 2-1,text,false,"The operation lasted too long: It took 908 milliseconds, but should not have lasted longer than 775 milliseconds.",231,167,9,27,http://stload.se.ifmo.ru:8080/?token=518477874&user=-1355069478&config=2,908,0,0
1776025788742,728,config 3 request,200,OK,config 3 3-3,text,true,,231,167,9,27,http://stload.se.ifmo.ru:8080/?token=518477874&user=-1355069478&config=3,728,0,0
1776025788742,728,config 3 request,200,OK,config 3 3-6,text,true,,231,167,9,27,http://stload.se.ifmo.ru:8080/?token=518477874&user=-1355069478&config=3,728,0,0
1776025788739,918,config 2 request,200,OK,config 2 2-3,text,false,"The operation lasted too long: It took 918 milliseconds, but should not have lasted longer than 775 milliseconds.",231,167,9,27,http://stload.se.ifmo.ru:8080/?token=518477874&user=-1355069478&config=2,918,0,0
1776025788733,924,config 2 request,200,OK,config 2 2-6,text,false,"The operation lasted too long: It took 924 milliseconds, but should not have lasted longer than 775 milliseconds.",231,167,9,27,http://stload.se.ifmo.ru:8080/?token=518477874&user=-1355069478&config=2,924,0,0
1776025788743,1007,config 3 request,200,OK,config 3 3-9,text,false,"The operation lasted too long: It took 1,007 milliseconds, but should not have lasted longer than 775 milliseconds.",231,167,9,29,http://stload.se.ifmo.ru:8080/?token=518477874&user=-1355069478&config=3,1007,0,180
1776025788732,1097,config 2 request,200,OK,config 2 2-9,text,false,"The operation lasted too long: It took 1,097 milliseconds, but should not have lasted longer than 775 milliseconds.",231,167,10,30,http://stload.se.ifmo.ru:8080/?token=518477874&user=-1355069478&config=2,1097,0,152
1776025789239,699,config 3 request,200,OK,config 3 3-5,text,true,,231,167,10,30,http://stload.se.ifmo.ru:8080/?token=518477874&user=-1355069478&config=3,699,0,0
1776025789243,695,config 3 request,200,OK,config 3 3-8,text,true,,231,167,10,30,http://stload.se.ifmo.ru:8080/?token=518477874&user=-1355069478&config=3,695,0,0
1776025789251,784,config 3 request,200,OK,config 3 3-2,text,false,"The operation lasted too long: It took 784 milliseconds, but should not have lasted longer than 775 milliseconds.",231,167,10,30,http://stload.se.ifmo.ru:8080/?token=518477874&user=-1355069478&config=3,783,0,0
1776025789235,930,config 2 request,200,OK,config 2 2-5,text,false,"The operation lasted too long: It took 930 milliseconds, but should not have lasted longer than 775 milliseconds.",231,167,10,30,http://stload.se.ifmo.ru:8080/?token=518477874&user=-1355069478&config=2,930,0,0
1776025789231,934,config 2 request,200,OK,config 2 2-8,text,false,"The operation lasted too long: It took 934 milliseconds, but should not have lasted longer than 775 milliseconds.",231,167,10,30,http://stload.se.ifmo.ru:8080/?token=518477874&user=-1355069478&config=2,934,0,0
1776025789249,956,config 2 request,200,OK,config 2 2-2,text,false,"The operation lasted too long: It took 956 milliseconds, but should not have lasted longer than 775 milliseconds.",231,167,10,30,http://stload.se.ifmo.ru:8080/?token=518477874&user=-1355069478&config=2,956,0,0
1776025789743,725,config 3 request,200,OK,config 3 3-4,text,true,,231,167,10,30,http://stload.se.ifmo.ru:8080/?token=518477874&user=-1355069478&config=3,725,0,0
1776025789742,726,config 3 request,200,OK,config 3 3-7,text,true,,231,167,10,30,http://stload.se.ifmo.ru:8080/?token=518477874&user=-1355069478&config=3,726,0,0
1776025789923,733,config 3 request,200,OK,config 3 3-1,text,true,,231,167,10,30,http://stload.se.ifmo.ru:8080/?token=518477874&user=-1355069478&config=3,733,0,0
1776025789734,922,config 2 request,200,OK,config 2 2-4,text,false,"The operation lasted too long: It took 922 milliseconds, but should not have lasted longer than 775 milliseconds.",231,167,10,30,http://stload.se.ifmo.ru:8080/?token=518477874&user=-1355069478&config=2,922,0,0
1776025789736,920,config 2 request,200,OK,config 2 2-7,text,false,"The operation lasted too long: It took 920 milliseconds, but should not have lasted longer than 775 milliseconds.",231,167,10,30,http://stload.se.ifmo.ru:8080/?token=518477874&user=-1355069478&config=2,920,0,0
1776025789763,932,config 3 request,200,OK,config 3 3-10,text,false,"The operation lasted too long: It took 932 milliseconds, but should not have lasted longer than 775 milliseconds.",231,167,10,30,http://stload.se.ifmo.ru:8080/?token=518477874&user=-1355069478&config=3,932,0,163
1776025789733,1013,config 2 request,200,OK,config 2 2-10,text,false,"The operation lasted too long: It took 1,013 milliseconds, but should not have lasted longer than 775 milliseconds.",231,167,11,32,http://stload.se.ifmo.ru:8080/?token=518477874&user=-1355069478&config=2,1013,0,100
1776025789925,962,config 2 request,200,OK,config 2 2-1,text,false,"The operation lasted too long: It took 962 milliseconds, but should not have lasted longer than 775 milliseconds.",231,167,11,33,http://stload.se.ifmo.ru:8080/?token=518477874&user=-1355069478&config=2,962,0,0
1776025790244,777,config 3 request,200,OK,config 3 3-6,text,false,"The operation lasted too long: It took 777 milliseconds, but should not have lasted longer than 775 milliseconds.",231,167,11,33,http://stload.se.ifmo.ru:8080/?token=518477874&user=-1355069478&config=3,777,0,0
1776025790244,777,config 3 request,200,OK,config 3 3-9,text,false,"The operation lasted too long: It took 777 milliseconds, but should not have lasted longer than 775 milliseconds.",231,167,11,33,http://stload.se.ifmo.ru:8080/?token=518477874&user=-1355069478&config=3,777,0,0
1776025790243,778,config 3 request,200,OK,config 3 3-3,text,false,"The operation lasted too long: It took 778 milliseconds, but should not have lasted longer than 775 milliseconds.",231,167,11,33,http://stload.se.ifmo.ru:8080/?token=518477874&user=-1355069478&config=3,778,0,0
1776025790232,942,config 2 request,200,OK,config 2 2-6,text,false,"The operation lasted too long: It took 942 milliseconds, but should not have lasted longer than 775 milliseconds.",231,167,11,33,http://stload.se.ifmo.ru:8080/?token=518477874&user=-1355069478&config=2,942,0,0
1776025790236,938,config 2 request,200,OK,config 2 2-3,text,false,"The operation lasted too long: It took 938 milliseconds, but should not have lasted longer than 775 milliseconds.",231,167,11,33,http://stload.se.ifmo.ru:8080/?token=518477874&user=-1355069478&config=2,938,0,0
1776025790236,973,config 2 request,200,OK,config 2 2-9,text,false,"The operation lasted too long: It took 973 milliseconds, but should not have lasted longer than 775 milliseconds.",231,167,11,33,http://stload.se.ifmo.ru:8080/?token=518477874&user=-1355069478&config=2,973,0,0
1776025790744,776,config 3 request,200,OK,config 3 3-8,text,false,"The operation lasted too long: It took 776 milliseconds, but should not have lasted longer than 775 milliseconds.",231,167,11,33,http://stload.se.ifmo.ru:8080/?token=518477874&user=-1355069478&config=3,776,0,0
1776025790742,778,config 3 request,200,OK,config 3 3-5,text,false,"The operation lasted too long: It took 778 milliseconds, but should not have lasted longer than 775 milliseconds.",231,167,11,33,http://stload.se.ifmo.ru:8080/?token=518477874&user=-1355069478&config=3,778,0,0
1776025790751,860,config 3 request,200,OK,config 3 3-2,text,false,"The operation lasted too long: It took 860 milliseconds, but should not have lasted longer than 775 milliseconds.",231,167,11,33,http://stload.se.ifmo.ru:8080/?token=518477874&user=-1355069478&config=3,860,0,0
1776025790738,945,config 2 request,200,OK,config 2 2-5,text,false,"The operation lasted too long: It took 945 milliseconds, but should not have lasted longer than 775 milliseconds.",231,167,11,33,http://stload.se.ifmo.ru:8080/?token=518477874&user=-1355069478&config=2,945,0,0
1776025790734,971,config 2 request,200,OK,config 2 2-8,text,false,"The operation lasted too long: It took 971 milliseconds, but should not have lasted longer than 775 milliseconds.",231,167,11,33,http://stload.se.ifmo.ru:8080/?token=518477874&user=-1355069478&config=2,971,0,0
1776025790761,1000,config 3 request,200,OK,config 3 3-11,text,false,"The operation lasted too long: It took 1,000 milliseconds, but should not have lasted longer than 775 milliseconds.",231,167,12,36,http://stload.se.ifmo.ru:8080/?token=518477874&user=-1355069478&config=3,1000,0,218
1776025790746,1086,config 2 request,200,OK,config 2 2-2,text,false,"The operation lasted too long: It took 1,086 milliseconds, but should not have lasted longer than 775 milliseconds.",231,167,12,36,http://stload.se.ifmo.ru:8080/?token=518477874&user=-1355069478&config=2,1086,0,0
1776025790738,1094,config 2 request,200,OK,config 2 2-11,text,false,"The operation lasted too long: It took 1,094 milliseconds, but should not have lasted longer than 775 milliseconds.",231,167,12,36,http://stload.se.ifmo.ru:8080/?token=518477874&user=-1355069478&config=2,1094,0,108
1776025791243,816,config 3 request,200,OK,config 3 3-7,text,false,"The operation lasted too long: It took 816 milliseconds, but should not have lasted longer than 775 milliseconds.",231,167,12,36,http://stload.se.ifmo.ru:8080/?token=518477874&user=-1355069478&config=3,816,0,0
1776025791264,795,config 3 request,200,OK,config 3 3-10,text,false,"The operation lasted too long: It took 795 milliseconds, but should not have lasted longer than 775 milliseconds.",231,167,12,36,http://stload.se.ifmo.ru:8080/?token=518477874&user=-1355069478&config=3,795,0,0
1776025791245,814,config 3 request,200,OK,config 3 3-4,text,false,"The operation lasted too long: It took 814 milliseconds, but should not have lasted longer than 775 milliseconds.",231,167,12,36,http://stload.se.ifmo.ru:8080/?token=518477874&user=-1355069478&config=3,814,0,0
1776025791237,959,config 2 request,200,OK,config 2 2-4,text,false,"The operation lasted too long: It took 959 milliseconds, but should not have lasted longer than 775 milliseconds.",231,167,12,36,http://stload.se.ifmo.ru:8080/?token=518477874&user=-1355069478&config=2,958,0,0
1776025791237,959,config 2 request,200,OK,config 2 2-7,text,false,"The operation lasted too long: It took 959 milliseconds, but should not have lasted longer than 775 milliseconds.",231,167,12,36,http://stload.se.ifmo.ru:8080/?token=518477874&user=-1355069478&config=2,959,0,0
1776025791425,772,config 3 request,200,OK,config 3 3-1,text,true,,231,167,12,36,http://stload.se.ifmo.ru:8080/?token=518477874&user=-1355069478&config=3,772,0,0
1776025791235,962,config 2 request,200,OK,config 2 2-10,text,false,"The operation lasted too long: It took 962 milliseconds, but should not have lasted longer than 775 milliseconds.",231,167,12,36,http://stload.se.ifmo.ru:8080/?token=518477874&user=-1355069478&config=2,962,0,0
1776025791425,957,config 2 request,200,OK,config 2 2-1,text,false,"The operation lasted too long: It took 957 milliseconds, but should not have lasted longer than 775 milliseconds.",231,167,12,36,http://stload.se.ifmo.ru:8080/?token=518477874&user=-1355069478&config=2,956,0,0
1776025791745,785,config 3 request,200,OK,config 3 3-9,text,false,"The operation lasted too long: It took 785 milliseconds, but should not have lasted longer than 775 milliseconds.",231,167,12,36,http://stload.se.ifmo.ru:8080/?token=518477874&user=-1355069478&config=3,785,0,0
1776025791745,829,config 3 request,200,OK,config 3 3-3,text,false,"The operation lasted too long: It took 829 milliseconds, but should not have lasted longer than 775 milliseconds.",231,167,12,36,http://stload.se.ifmo.ru:8080/?token=518477874&user=-1355069478&config=3,829,0,0
1776025791741,833,config 3 request,200,OK,config 3 3-6,text,false,"The operation lasted too long: It took 833 milliseconds, but should not have lasted longer than 775 milliseconds.",231,167,12,36,http://stload.se.ifmo.ru:8080/?token=518477874&user=-1355069478&config=3,833,0,0
1776025791734,967,config 2 request,200,OK,config 2 2-9,text,false,"The operation lasted too long: It took 967 milliseconds, but should not have lasted longer than 775 milliseconds.",231,167,12,36,http://stload.se.ifmo.ru:8080/?token=518477874&user=-1355069478&config=2,967,0,0
1776025791736,972,config 2 request,200,OK,config 2 2-6,text,false,"The operation lasted too long: It took 972 milliseconds, but should not have lasted longer than 775 milliseconds.",231,167,12,36,http://stload.se.ifmo.ru:8080/?token=518477874&user=-1355069478&config=2,972,0,0
1776025791737,1013,config 2 request,200,OK,config 2 2-3,text,false,"The operation lasted too long: It took 1,013 milliseconds, but should not have lasted longer than 775 milliseconds.",231,167,13,39,http://stload.se.ifmo.ru:8080/?token=518477874&user=-1355069478&config=2,1013,0,0
1776025791745,1050,config 3 request,200,OK,config 3 3-12,text,false,"The operation lasted too long: It took 1,050 milliseconds, but should not have lasted longer than 775 milliseconds.",231,167,13,39,http://stload.se.ifmo.ru:8080/?token=518477874&user=-1355069478&config=3,1050,0,181
1776025791733,1210,config 2 request,200,OK,config 2 2-12,text,false,"The operation lasted too long: It took 1,210 milliseconds, but should not have lasted longer than 775 milliseconds.",231,167,13,39,http://stload.se.ifmo.ru:8080/?token=518477874&user=-1355069478&config=2,1210,0,121
1776025792238,800,config 3 request,200,OK,config 3 3-5,text,false,"The operation lasted too long: It took 800 milliseconds, but should not have lasted longer than 775 milliseconds.",231,167,13,39,http://stload.se.ifmo.ru:8080/?token=518477874&user=-1355069478&config=3,800,0,0
1776025792246,792,config 3 request,200,OK,config 3 3-8,text,false,"The operation lasted too long: It took 792 milliseconds, but should not have lasted longer than 775 milliseconds.",231,167,13,39,http://stload.se.ifmo.ru:8080/?token=518477874&user=-1355069478&config=3,792,0,0
1776025792261,852,config 3 request,200,OK,config 3 3-11,text,false,"The operation lasted too long: It took 852 milliseconds, but should not have lasted longer than 775 milliseconds.",231,167,13,39,http://stload.se.ifmo.ru:8080/?token=518477874&user=-1355069478&config=3,852,0,0
1776025792250,863,config 3 request,200,OK,config 3 3-2,text,false,"The operation lasted too long: It took 863 milliseconds, but should not have lasted longer than 775 milliseconds.",231,167,13,39,http://stload.se.ifmo.ru:8080/?token=518477874&user=-1355069478&config=3,863,0,0
1776025792234,996,config 2 request,200,OK,config 2 2-8,text,false,"The operation lasted too long: It took 996 milliseconds, but should not have lasted longer than 775 milliseconds.",231,167,13,39,http://stload.se.ifmo.ru:8080/?token=518477874&user=-1355069478&config=2,996,0,0
1776025792235,1046,config 2 request,200,OK,config 2 2-5,text,false,"The operation lasted too long: It took 1,046 milliseconds, but should not have lasted longer than 775 milliseconds.",231,167,13,39,http://stload.se.ifmo.ru:8080/?token=518477874&user=-1355069478&config=2,1046,0,0
1776025792242,1039,config 2 request,200,OK,config 2 2-11,text,false,"The operation lasted too long: It took 1,039 milliseconds, but should not have lasted longer than 775 milliseconds.",231,167,13,39,http://stload.se.ifmo.ru:8080/?token=518477874&user=-1355069478&config=2,1039,0,0
1776025792250,1075,config 2 request,200,OK,config 2 2-2,text,false,"The operation lasted too long: It took 1,075 milliseconds, but should not have lasted longer than 775 milliseconds.",231,167,13,39,http://stload.se.ifmo.ru:8080/?token=518477874&user=-1355069478&config=2,1075,0,0
1776025792742,811,config 3 request,200,OK,config 3 3-4,text,false,"The operation lasted too long: It took 811 milliseconds, but should not have lasted longer than 775 milliseconds.",231,167,13,39,http://stload.se.ifmo.ru:8080/?token=518477874&user=-1355069478&config=3,811,0,0
1776025792742,894,config 3 request,200,OK,config 3 3-7,text,false,"The operation lasted too long: It took 894 milliseconds, but should not have lasted longer than 775 milliseconds.",231,167,13,39,http://stload.se.ifmo.ru:8080/?token=518477874&user=-1355069478&config=3,894,0,0
1776025792763,873,config 3 request,200,OK,config 3 3-10,text,false,"The operation lasted too long: It took 873 milliseconds, but should not have lasted longer than 775 milliseconds.",231,167,13,39,http://stload.se.ifmo.ru:8080/?token=518477874&user=-1355069478&config=3,873,0,0
1776025792735,1032,config 2 request,200,OK,config 2 2-10,text,false,"The operation lasted too long: It took 1,032 milliseconds, but should not have lasted longer than 775 milliseconds.",231,167,14,42,http://stload.se.ifmo.ru:8080/?token=518477874&user=-1355069478&config=2,1032,0,0
1776025792737,1030,config 2 request,200,OK,config 2 2-4,text,false,"The operation lasted too long: It took 1,030 milliseconds, but should not have lasted longer than 775 milliseconds.",231,167,14,42,http://stload.se.ifmo.ru:8080/?token=518477874&user=-1355069478&config=2,1030,0,0
1776025792736,1031,config 2 request,200,OK,config 2 2-7,text,false,"The operation lasted too long: It took 1,031 milliseconds, but should not have lasted longer than 775 milliseconds.",231,167,14,42,http://stload.se.ifmo.ru:8080/?token=518477874&user=-1355069478&config=2,1031,0,0
1776025792926,842,config 3 request,200,OK,config 3 3-1,text,false,"The operation lasted too long: It took 842 milliseconds, but should not have lasted longer than 775 milliseconds.",231,167,14,42,http://stload.se.ifmo.ru:8080/?token=518477874&user=-1355069478&config=3,842,0,0
1776025792743,1036,config 3 request,200,OK,config 3 3-13,text,false,"The operation lasted too long: It took 1,036 milliseconds, but should not have lasted longer than 775 milliseconds.",231,167,14,42,http://stload.se.ifmo.ru:8080/?token=518477874&user=-1355069478&config=3,1036,0,140
1776025792735,1178,config 2 request,200,OK,config 2 2-13,text,false,"The operation lasted too long: It took 1,178 milliseconds, but should not have lasted longer than 775 milliseconds.",231,167,14,42,http://stload.se.ifmo.ru:8080/?token=518477874&user=-1355069478&config=2,1178,0,108
1776025792926,1037,config 2 request,200,OK,config 2 2-1,text,false,"The operation lasted too long: It took 1,037 milliseconds, but should not have lasted longer than 775 milliseconds.",231,167,14,42,http://stload.se.ifmo.ru:8080/?token=518477874&user=-1355069478&config=2,1037,0,0
1776025793245,850,config 3 request,200,OK,config 3 3-6,text,false,"The operation lasted too long: It took 850 milliseconds, but should not have lasted longer than 775 milliseconds.",231,167,14,42,http://stload.se.ifmo.ru:8080/?token=518477874&user=-1355069478&config=3,850,0,0
1776025793245,896,config 3 request,200,OK,config 3 3-3,text,false,"The operation lasted too long: It took 896 milliseconds, but should not have lasted longer than 775 milliseconds.",231,167,14,42,http://stload.se.ifmo.ru:8080/?token=518477874&user=-1355069478&config=3,896,0,0
1776025793246,895,config 3 request,200,OK,config 3 3-12,text,false,"The operation lasted too long: It took 895 milliseconds, but should not have lasted longer than 775 milliseconds.",231,167,14,42,http://stload.se.ifmo.ru:8080/?token=518477874&user=-1355069478&config=3,895,0,0
1776025793245,896,config 3 request,200,OK,config 3 3-9,text,false,"The operation lasted too long: It took 896 milliseconds, but should not have lasted longer than 775 milliseconds.",231,167,14,42,http://stload.se.ifmo.ru:8080/?token=518477874&user=-1355069478&config=3,896,0,0
1776025793236,1035,config 2 request,200,OK,config 2 2-3,text,false,"The operation lasted too long: It took 1,035 milliseconds, but should not have lasted longer than 775 milliseconds.",231,167,14,42,http://stload.se.ifmo.ru:8080/?token=518477874&user=-1355069478&config=2,1035,0,0
1776025793236,1093,config 2 request,200,OK,config 2 2-9,text,false,"The operation lasted too long: It took 1,093 milliseconds, but should not have lasted longer than 775 milliseconds.",231,167,14,42,http://stload.se.ifmo.ru:8080/?token=518477874&user=-1355069478&config=2,1093,0,0
1776025793237,1092,config 2 request,200,OK,config 2 2-6,text,false,"The operation lasted too long: It took 1,092 milliseconds, but should not have lasted longer than 775 milliseconds.",231,167,14,42,http://stload.se.ifmo.ru:8080/?token=518477874&user=-1355069478&config=2,1092,0,0
1776025793234,1095,config 2 request,200,OK,config 2 2-12,text,false,"The operation lasted too long: It took 1,095 milliseconds, but should not have lasted longer than 775 milliseconds.",231,167,14,42,http://stload.se.ifmo.ru:8080/?token=518477874&user=-1355069478&config=2,1095,0,0
1776025793746,891,config 3 request,200,OK,config 3 3-8,text,false,"The operation lasted too long: It took 891 milliseconds, but should not have lasted longer than 775 milliseconds.",231,167,14,42,http://stload.se.ifmo.ru:8080/?token=518477874&user=-1355069478&config=3,891,0,0
1776025793738,900,config 3 request,200,OK,config 3 3-5,text,false,"The operation lasted too long: It took 900 milliseconds, but should not have lasted longer than 775 milliseconds.",231,167,14,42,http://stload.se.ifmo.ru:8080/?token=518477874&user=-1355069478&config=3,899,0,0
1776025793750,889,config 3 request,200,OK,config 3 3-2,text,false,"The operation lasted too long: It took 889 milliseconds, but should not have lasted longer than 775 milliseconds.",231,167,14,42,http://stload.se.ifmo.ru:8080/?token=518477874&user=-1355069478&config=3,888,0,0
1776025793765,913,config 3 request,200,OK,config 3 3-11,text,false,"The operation lasted too long: It took 913 milliseconds, but should not have lasted longer than 775 milliseconds.",231,167,14,42,http://stload.se.ifmo.ru:8080/?token=518477874&user=-1355069478&config=3,913,0,0
1776025793734,1079,config 2 request,200,OK,config 2 2-8,text,false,"The operation lasted too long: It took 1,079 milliseconds, but should not have lasted longer than 775 milliseconds.",231,167,14,42,http://stload.se.ifmo.ru:8080/?token=518477874&user=-1355069478&config=2,1079,0,0
1776025793737,1076,config 3 request,200,OK,config 3 3-14,text,false,"The operation lasted too long: It took 1,076 milliseconds, but should not have lasted longer than 775 milliseconds.",231,167,14,42,http://stload.se.ifmo.ru:8080/?token=518477874&user=-1355069478&config=3,1076,0,135
1776025793736,1077,config 2 request,200,OK,config 2 2-5,text,false,"The operation lasted too long: It took 1,077 milliseconds, but should not have lasted longer than 775 milliseconds.",231,167,14,42,http://stload.se.ifmo.ru:8080/?token=518477874&user=-1355069478&config=2,1077,0,0
1776025793746,1068,config 2 request,200,OK,config 2 2-2,text,false,"The operation lasted too long: It took 1,068 milliseconds, but should not have lasted longer than 775 milliseconds.",231,167,14,42,http://stload.se.ifmo.ru:8080/?token=518477874&user=-1355069478&config=2,1068,0,0
1776025793742,1084,config 2 request,200,OK,config 2 2-11,text,false,"The operation lasted too long: It took 1,084 milliseconds, but should not have lasted longer than 775 milliseconds.",231,167,14,42,http://stload.se.ifmo.ru:8080/?token=518477874&user=-1355069478&config=2,1084,0,0
1776025794243,951,config 3 request,200,OK,config 3 3-7,text,false,"The operation lasted too long: It took 951 milliseconds, but should not have lasted longer than 775 milliseconds.",231,167,14,42,http://stload.se.ifmo.ru:8080/?token=518477874&user=-1355069478&config=3,951,0,0
1776025794243,951,config 3 request,200,OK,config 3 3-13,text,false,"The operation lasted too long: It took 951 milliseconds, but should not have lasted longer than 775 milliseconds.",231,167,14,42,http://stload.se.ifmo.ru:8080/?token=518477874&user=-1355069478&config=3,951,0,0
1776025794243,951,config 3 request,200,OK,config 3 3-4,text,false,"The operation lasted too long: It took 951 milliseconds, but should not have lasted longer than 775 milliseconds.",231,167,14,42,http://stload.se.ifmo.ru:8080/?token=518477874&user=-1355069478&config=3,951,0,0
1776025793735,1459,config 2 request,200,OK,config 2 2-14,text,false,"The operation lasted too long: It took 1,459 milliseconds, but should not have lasted longer than 775 milliseconds.",231,167,14,42,http://stload.se.ifmo.ru:8080/?token=518477874&user=-1355069478&config=2,1459,0,106
1776025794271,966,config 3 request,200,OK,config 3 3-10,text,false,"The operation lasted too long: It took 966 milliseconds, but should not have lasted longer than 775 milliseconds.",231,167,14,42,http://stload.se.ifmo.ru:8080/?token=518477874&user=-1355069478&config=3,966,0,0
1776025794234,1085,config 2 request,200,OK,config 2 2-4,text,false,"The operation lasted too long: It took 1,085 milliseconds, but should not have lasted longer than 775 milliseconds.",231,167,14,42,http://stload.se.ifmo.ru:8080/?token=518477874&user=-1355069478&config=2,1085,0,0
1776025794234,1085,config 2 request,200,OK,config 2 2-10,text,false,"The operation lasted too long: It took 1,085 milliseconds, but should not have lasted longer than 775 milliseconds.",231,167,14,42,http://stload.se.ifmo.ru:8080/?token=518477874&user=-1355069478&config=2,1085,0,0
1776025794423,922,config 3 request,200,OK,config 3 3-1,text,false,"The operation lasted too long: It took 922 milliseconds, but should not have lasted longer than 775 milliseconds.",231,167,14,42,http://stload.se.ifmo.ru:8080/?token=518477874&user=-1355069478&config=3,922,0,0
1776025794236,1141,config 2 request,200,OK,config 2 2-7,text,false,"The operation lasted too long: It took 1,141 milliseconds, but should not have lasted longer than 775 milliseconds.",231,167,14,42,http://stload.se.ifmo.ru:8080/?token=518477874&user=-1355069478&config=2,1141,0,0
1776025794239,1138,config 2 request,200,OK,config 2 2-13,text,false,"The operation lasted too long: It took 1,138 milliseconds, but should not have lasted longer than 775 milliseconds.",231,167,14,42,http://stload.se.ifmo.ru:8080/?token=518477874&user=-1355069478&config=2,1138,0,0
1776025794425,1177,config 2 request,200,OK,config 2 2-1,text,false,"The operation lasted too long: It took 1,177 milliseconds, but should not have lasted longer than 775 milliseconds.",231,167,14,42,http://stload.se.ifmo.ru:8080/?token=518477874&user=-1355069478&config=2,1177,0,0
1776025794744,946,config 3 request,200,OK,config 3 3-9,text,false,"The operation lasted too long: It took 946 milliseconds, but should not have lasted longer than 775 milliseconds.",231,167,14,42,http://stload.se.ifmo.ru:8080/?token=518477874&user=-1355069478&config=3,945,0,0
1776025794743,947,config 3 request,200,OK,config 3 3-3,text,false,"The operation lasted too long: It took 947 milliseconds, but should not have lasted longer than 775 milliseconds.",231,167,14,42,http://stload.se.ifmo.ru:8080/?token=518477874&user=-1355069478&config=3,946,0,0
1776025794744,946,config 3 request,200,OK,config 3 3-6,text,false,"The operation lasted too long: It took 946 milliseconds, but should not have lasted longer than 775 milliseconds.",231,167,14,42,http://stload.se.ifmo.ru:8080/?token=518477874&user=-1355069478&config=3,945,0,0
1776025794746,944,config 3 request,200,OK,config 3 3-12,text,false,"The operation lasted too long: It took 944 milliseconds, but should not have lasted longer than 775 milliseconds.",231,167,14,42,http://stload.se.ifmo.ru:8080/?token=518477874&user=-1355069478&config=3,943,0,0
1776025794734,1126,config 2 request,200,OK,config 2 2-12,text,false,"The operation lasted too long: It took 1,126 milliseconds, but should not have lasted longer than 775 milliseconds.",231,167,14,42,http://stload.se.ifmo.ru:8080/?token=518477874&user=-1355069478&config=2,1125,0,0
1776025794737,1123,config 2 request,200,OK,config 2 2-3,text,false,"The operation lasted too long: It took 1,123 milliseconds, but should not have lasted longer than 775 milliseconds.",231,167,14,42,http://stload.se.ifmo.ru:8080/?token=518477874&user=-1355069478&config=2,1122,0,0
1776025794736,1128,config 2 request,200,OK,config 2 2-9,text,false,"The operation lasted too long: It took 1,128 milliseconds, but should not have lasted longer than 775 milliseconds.",231,167,14,42,http://stload.se.ifmo.ru:8080/?token=518477874&user=-1355069478&config=2,1128,0,0
1776025794736,1128,config 2 request,200,OK,config 2 2-6,text,false,"The operation lasted too long: It took 1,128 milliseconds, but should not have lasted longer than 775 milliseconds.",231,167,14,42,http://stload.se.ifmo.ru:8080/?token=518477874&user=-1355069478&config=2,1128,0,0
1776025795242,961,config 3 request,200,OK,config 3 3-8,text,false,"The operation lasted too long: It took 961 milliseconds, but should not have lasted longer than 775 milliseconds.",231,167,14,42,http://stload.se.ifmo.ru:8080/?token=518477874&user=-1355069478&config=3,961,0,0
1776025795240,963,config 3 request,200,OK,config 3 3-14,text,false,"The operation lasted too long: It took 963 milliseconds, but should not have lasted longer than 775 milliseconds.",231,167,14,42,http://stload.se.ifmo.ru:8080/?token=518477874&user=-1355069478&config=3,963,0,0
1776025795242,961,config 3 request,200,OK,config 3 3-5,text,false,"The operation lasted too long: It took 961 milliseconds, but should not have lasted longer than 775 milliseconds.",231,167,14,42,http://stload.se.ifmo.ru:8080/?token=518477874&user=-1355069478&config=3,961,0,0
1776025795252,992,config 3 request,200,OK,config 3 3-2,text,false,"The operation lasted too long: It took 992 milliseconds, but should not have lasted longer than 775 milliseconds.",231,167,14,42,http://stload.se.ifmo.ru:8080/?token=518477874&user=-1355069478&config=3,992,0,0
1776025795265,979,config 3 request,200,OK,config 3 3-11,text,false,"The operation lasted too long: It took 979 milliseconds, but should not have lasted longer than 775 milliseconds.",231,167,14,42,http://stload.se.ifmo.ru:8080/?token=518477874&user=-1355069478&config=3,979,0,0
1776025795232,1110,config 2 request,200,OK,config 2 2-8,text,false,"The operation lasted too long: It took 1,110 milliseconds, but should not have lasted longer than 775 milliseconds.",231,167,14,42,http://stload.se.ifmo.ru:8080/?token=518477874&user=-1355069478&config=2,1110,0,0
1776025795238,1187,config 2 request,200,OK,config 2 2-14,text,false,"The operation lasted too long: It took 1,187 milliseconds, but should not have lasted longer than 775 milliseconds.",231,167,14,42,http://stload.se.ifmo.ru:8080/?token=518477874&user=-1355069478&config=2,1187,0,0
1776025795239,1186,config 2 request,200,OK,config 2 2-5,text,false,"The operation lasted too long: It took 1,186 milliseconds, but should not have lasted longer than 775 milliseconds.",231,167,14,42,http://stload.se.ifmo.ru:8080/?token=518477874&user=-1355069478&config=2,1186,0,0
1776025795240,1185,config 2 request,200,OK,config 2 2-11,text,false,"The operation lasted too long: It took 1,185 milliseconds, but should not have lasted longer than 775 milliseconds.",231,167,14,42,http://stload.se.ifmo.ru:8080/?token=518477874&user=-1355069478&config=2,1185,0,0
1776025795249,1180,config 2 request,200,OK,config 2 2-2,text,false,"The operation lasted too long: It took 1,180 milliseconds, but should not have lasted longer than 775 milliseconds.",231,167,14,42,http://stload.se.ifmo.ru:8080/?token=518477874&user=-1355069478&config=2,1180,0,0
1776025795747,963,config 3 request,200,OK,config 3 3-13,text,false,"The operation lasted too long: It took 963 milliseconds, but should not have lasted longer than 775 milliseconds.",231,167,14,42,http://stload.se.ifmo.ru:8080/?token=518477874&user=-1355069478&config=3,963,0,0
1776025795768,996,config 3 request,200,OK,config 3 3-10,text,false,"The operation lasted too long: It took 996 milliseconds, but should not have lasted longer than 775 milliseconds.",231,167,14,42,http://stload.se.ifmo.ru:8080/?token=518477874&user=-1355069478&config=3,996,0,0
1776025795744,1020,config 3 request,200,OK,config 3 3-4,text,false,"The operation lasted too long: It took 1,020 milliseconds, but should not have lasted longer than 775 milliseconds.",231,167,14,42,http://stload.se.ifmo.ru:8080/?token=518477874&user=-1355069478&config=3,1020,0,0
1776025795744,1021,config 3 request,200,OK,config 3 3-7,text,false,"The operation lasted too long: It took 1,021 milliseconds, but should not have lasted longer than 775 milliseconds.",231,167,14,42,http://stload.se.ifmo.ru:8080/?token=518477874&user=-1355069478&config=3,1021,0,0
1776025795738,1152,config 2 request,200,OK,config 2 2-10,text,false,"The operation lasted too long: It took 1,152 milliseconds, but should not have lasted longer than 775 milliseconds.",231,167,14,42,http://stload.se.ifmo.ru:8080/?token=518477874&user=-1355069478&config=2,1152,0,0
1776025795738,1152,config 2 request,200,OK,config 2 2-4,text,false,"The operation lasted too long: It took 1,152 milliseconds, but should not have lasted longer than 775 milliseconds.",231,167,14,42,http://stload.se.ifmo.ru:8080/?token=518477874&user=-1355069478&config=2,1152,0,0
1776025795738,1193,config 2 request,200,OK,config 2 2-13,text,false,"The operation lasted too long: It took 1,193 milliseconds, but should not have lasted longer than 775 milliseconds.",231,167,14,42,http://stload.se.ifmo.ru:8080/?token=518477874&user=-1355069478&config=2,1193,0,0
1776025795740,1191,config 2 request,200,OK,config 2 2-7,text,false,"The operation lasted too long: It took 1,191 milliseconds, but should not have lasted longer than 775 milliseconds.",231,167,14,42,http://stload.se.ifmo.ru:8080/?token=518477874&user=-1355069478&config=2,1191,0,0
1776025795926,1176,config 3 request,200,OK,config 3 3-1,text,false,"The operation lasted too long: It took 1,176 milliseconds, but should not have lasted longer than 775 milliseconds.",231,167,14,42,http://stload.se.ifmo.ru:8080/?token=518477874&user=-1355069478&config=3,1176,0,0
1776025795925,1271,config 2 request,200,OK,config 2 2-1,text,false,"The operation lasted too long: It took 1,271 milliseconds, but should not have lasted longer than 775 milliseconds.",231,167,14,42,http://stload.se.ifmo.ru:8080/?token=518477874&user=-1355069478&config=2,1271,0,0
1776025796245,1046,config 3 request,200,OK,config 3 3-6,text,false,"The operation lasted too long: It took 1,046 milliseconds, but should not have lasted longer than 775 milliseconds.",231,167,14,42,http://stload.se.ifmo.ru:8080/?token=518477874&user=-1355069478&config=3,1046,0,0
1776025796248,1043,config 3 request,200,OK,config 3 3-9,text,false,"The operation lasted too long: It took 1,043 milliseconds, but should not have lasted longer than 775 milliseconds.",231,167,14,42,http://stload.se.ifmo.ru:8080/?token=518477874&user=-1355069478&config=3,1043,0,0
1776025796242,1049,config 3 request,200,OK,config 3 3-3,text,false,"The operation lasted too long: It took 1,049 milliseconds, but should not have lasted longer than 775 milliseconds.",231,167,14,42,http://stload.se.ifmo.ru:8080/?token=518477874&user=-1355069478&config=3,1049,0,0
1776025796248,1085,config 3 request,200,OK,config 3 3-12,text,false,"The operation lasted too long: It took 1,085 milliseconds, but should not have lasted longer than 775 milliseconds.",231,167,14,42,http://stload.se.ifmo.ru:8080/?token=518477874&user=-1355069478&config=3,1085,0,0
1776025796241,1175,config 2 request,200,OK,config 2 2-3,text,false,"The operation lasted too long: It took 1,175 milliseconds, but should not have lasted longer than 775 milliseconds.",231,167,14,42,http://stload.se.ifmo.ru:8080/?token=518477874&user=-1355069478&config=2,1175,0,0
1776025796234,1182,config 2 request,200,OK,config 2 2-12,text,false,"The operation lasted too long: It took 1,182 milliseconds, but should not have lasted longer than 775 milliseconds.",231,167,14,42,http://stload.se.ifmo.ru:8080/?token=518477874&user=-1355069478&config=2,1182,0,0
1776025796234,1182,config 2 request,200,OK,config 2 2-6,text,false,"The operation lasted too long: It took 1,182 milliseconds, but should not have lasted longer than 775 milliseconds.",231,167,14,42,http://stload.se.ifmo.ru:8080/?token=518477874&user=-1355069478&config=2,1182,0,0
1776025796233,1193,config 2 request,200,OK,config 2 2-9,text,false,"The operation lasted too long: It took 1,193 milliseconds, but should not have lasted longer than 775 milliseconds.",231,167,14,42,http://stload.se.ifmo.ru:8080/?token=518477874&user=-1355069478&config=2,1193,0,0
1776025796742,998,config 3 request,200,OK,config 3 3-14,text,false,"The operation lasted too long: It took 998 milliseconds, but should not have lasted longer than 775 milliseconds.",231,167,14,42,http://stload.se.ifmo.ru:8080/?token=518477874&user=-1355069478&config=3,998,0,0
1776025796742,1036,config 3 request,200,OK,config 3 3-5,text,false,"The operation lasted too long: It took 1,036 milliseconds, but should not have lasted longer than 775 milliseconds.",231,167,14,42,http://stload.se.ifmo.ru:8080/?token=518477874&user=-1355069478&config=3,1036,0,0
1776025796760,1018,config 3 request,200,OK,config 3 3-2,text,false,"The operation lasted too long: It took 1,018 milliseconds, but should not have lasted longer than 775 milliseconds.",231,167,14,42,http://stload.se.ifmo.ru:8080/?token=518477874&user=-1355069478&config=3,1018,0,0
1776025796743,1035,config 3 request,200,OK,config 3 3-8,text,false,"The operation lasted too long: It took 1,035 milliseconds, but should not have lasted longer than 775 milliseconds.",231,167,14,42,http://stload.se.ifmo.ru:8080/?token=518477874&user=-1355069478&config=3,1035,0,0
1776025796763,1056,config 3 request,200,OK,config 3 3-11,text,false,"The operation lasted too long: It took 1,056 milliseconds, but should not have lasted longer than 775 milliseconds.",231,167,14,42,http://stload.se.ifmo.ru:8080/?token=518477874&user=-1355069478&config=3,1056,0,0
1776025796736,1204,config 2 request,200,OK,config 2 2-5,text,false,"The operation lasted too long: It took 1,204 milliseconds, but should not have lasted longer than 775 milliseconds.",231,167,14,42,http://stload.se.ifmo.ru:8080/?token=518477874&user=-1355069478&config=2,1204,0,0
1776025796736,1204,config 2 request,200,OK,config 2 2-14,text,false,"The operation lasted too long: It took 1,204 milliseconds, but should not have lasted longer than 775 milliseconds.",231,167,14,42,http://stload.se.ifmo.ru:8080/?token=518477874&user=-1355069478&config=2,1204,0,0
1776025796734,1207,config 2 request,200,OK,config 2 2-8,text,false,"The operation lasted too long: It took 1,207 milliseconds, but should not have lasted longer than 775 milliseconds.",231,167,14,42,http://stload.se.ifmo.ru:8080/?token=518477874&user=-1355069478&config=2,1207,0,0
1776025796742,1281,config 2 request,200,OK,config 2 2-11,text,false,"The operation lasted too long: It took 1,281 milliseconds, but should not have lasted longer than 775 milliseconds.",231,167,14,42,http://stload.se.ifmo.ru:8080/?token=518477874&user=-1355069478&config=2,1281,0,0
1776025796746,1277,config 2 request,200,OK,config 2 2-2,text,false,"The operation lasted too long: It took 1,277 milliseconds, but should not have lasted longer than 775 milliseconds.",231,167,14,42,http://stload.se.ifmo.ru:8080/?token=518477874&user=-1355069478&config=2,1277,0,0
1776025797241,1050,config 3 request,200,OK,config 3 3-4,text,false,"The operation lasted too long: It took 1,050 milliseconds, but should not have lasted longer than 775 milliseconds.",231,167,14,42,http://stload.se.ifmo.ru:8080/?token=518477874&user=-1355069478&config=3,1050,0,0
1776025797267,1064,config 3 request,200,OK,config 3 3-10,text,false,"The operation lasted too long: It took 1,064 milliseconds, but should not have lasted longer than 775 milliseconds.",231,167,14,42,http://stload.se.ifmo.ru:8080/?token=518477874&user=-1355069478&config=3,1064,0,0
1776025797243,1089,config 3 request,200,OK,config 3 3-13,text,false,"The operation lasted too long: It took 1,089 milliseconds, but should not have lasted longer than 775 milliseconds.",231,167,14,42,http://stload.se.ifmo.ru:8080/?token=518477874&user=-1355069478&config=3,1089,0,0
1776025797242,1090,config 3 request,200,OK,config 3 3-7,text,false,"The operation lasted too long: It took 1,090 milliseconds, but should not have lasted longer than 775 milliseconds.",231,167,14,42,http://stload.se.ifmo.ru:8080/?token=518477874&user=-1355069478&config=3,1089,0,0
1776025797233,1320,config 2 request,200,OK,config 2 2-10,text,false,"The operation lasted too long: It took 1,320 milliseconds, but should not have lasted longer than 775 milliseconds.",231,167,14,42,http://stload.se.ifmo.ru:8080/?token=518477874&user=-1355069478&config=2,1319,0,0
1776025797239,1328,config 2 request,200,OK,config 2 2-13,text,false,"The operation lasted too long: It took 1,328 milliseconds, but should not have lasted longer than 775 milliseconds.",231,167,14,42,http://stload.se.ifmo.ru:8080/?token=518477874&user=-1355069478&config=2,1328,0,0
1776025797234,1333,config 2 request,200,OK,config 2 2-4,text,false,"The operation lasted too long: It took 1,333 milliseconds, but should not have lasted longer than 775 milliseconds.",231,167,14,42,http://stload.se.ifmo.ru:8080/?token=518477874&user=-1355069478&config=2,1333,0,0
1776025797237,1330,config 2 request,200,OK,config 2 2-7,text,false,"The operation lasted too long: It took 1,330 milliseconds, but should not have lasted longer than 775 milliseconds.",231,167,14,42,http://stload.se.ifmo.ru:8080/?token=518477874&user=-1355069478&config=2,1330,0,0
1776025797421,1225,config 2 request,200,OK,config 2 2-1,text,false,"The operation lasted too long: It took 1,225 milliseconds, but should not have lasted longer than 775 milliseconds.",231,167,14,42,http://stload.se.ifmo.ru:8080/?token=518477874&user=-1355069478&config=2,1225,0,0
1776025797426,1237,config 3 request,200,OK,config 3 3-1,text,false,"The operation lasted too long: It took 1,237 milliseconds, but should not have lasted longer than 775 milliseconds.",231,167,14,42,http://stload.se.ifmo.ru:8080/?token=518477874&user=-1355069478&config=3,1236,0,0
1776025797745,1049,config 3 request,200,OK,config 3 3-9,text,false,"The operation lasted too long: It took 1,049 milliseconds, but should not have lasted longer than 775 milliseconds.",231,167,14,42,http://stload.se.ifmo.ru:8080/?token=518477874&user=-1355069478&config=3,1049,0,0
1776025797745,1090,config 3 request,200,OK,config 3 3-6,text,false,"The operation lasted too long: It took 1,090 milliseconds, but should not have lasted longer than 775 milliseconds.",231,167,14,42,http://stload.se.ifmo.ru:8080/?token=518477874&user=-1355069478&config=3,1089,0,0
1776025797747,1220,config 3 request,200,OK,config 3 3-12,text,false,"The operation lasted too long: It took 1,220 milliseconds, but should not have lasted longer than 775 milliseconds.",231,167,14,42,http://stload.se.ifmo.ru:8080/?token=518477874&user=-1355069478&config=3,1220,0,0
1776025797745,1222,config 3 request,200,OK,config 3 3-3,text,false,"The operation lasted too long: It took 1,222 milliseconds, but should not have lasted longer than 775 milliseconds.",231,167,14,42,http://stload.se.ifmo.ru:8080/?token=518477874&user=-1355069478&config=3,1222,0,0
1776025797733,1259,config 2 request,200,OK,config 2 2-12,text,false,"The operation lasted too long: It took 1,259 milliseconds, but should not have lasted longer than 775 milliseconds.",231,167,14,42,http://stload.se.ifmo.ru:8080/?token=518477874&user=-1355069478&config=2,1259,0,0
1776025797737,1255,config 2 request,200,OK,config 2 2-6,text,false,"The operation lasted too long: It took 1,255 milliseconds, but should not have lasted longer than 775 milliseconds.",231,167,14,42,http://stload.se.ifmo.ru:8080/?token=518477874&user=-1355069478&config=2,1255,0,0
1776025797739,1280,config 2 request,200,OK,config 2 2-3,text,false,"The operation lasted too long: It took 1,280 milliseconds, but should not have lasted longer than 775 milliseconds.",231,167,14,42,http://stload.se.ifmo.ru:8080/?token=518477874&user=-1355069478&config=2,1280,0,0
1776025797738,1374,config 2 request,200,OK,config 2 2-9,text,false,"The operation lasted too long: It took 1,374 milliseconds, but should not have lasted longer than 775 milliseconds.",231,167,14,42,http://stload.se.ifmo.ru:8080/?token=518477874&user=-1355069478&config=2,1374,0,0
1776025798237,1055,config 3 request,200,OK,config 3 3-14,text,false,"The operation lasted too long: It took 1,055 milliseconds, but should not have lasted longer than 775 milliseconds.",231,167,14,42,http://stload.se.ifmo.ru:8080/?token=518477874&user=-1355069478&config=3,1055,0,0
1776025798237,1146,config 3 request,200,OK,config 3 3-5,text,false,"The operation lasted too long: It took 1,146 milliseconds, but should not have lasted longer than 775 milliseconds.",231,167,14,42,http://stload.se.ifmo.ru:8080/?token=518477874&user=-1355069478&config=3,1146,0,0
1776025798250,1238,config 3 request,200,OK,config 3 3-2,text,false,"The operation lasted too long: It took 1,238 milliseconds, but should not have lasted longer than 775 milliseconds.",231,167,14,42,http://stload.se.ifmo.ru:8080/?token=518477874&user=-1355069478&config=3,1238,0,0
1776025798265,1223,config 3 request,200,OK,config 3 3-11,text,false,"The operation lasted too long: It took 1,223 milliseconds, but should not have lasted longer than 775 milliseconds.",231,167,14,42,http://stload.se.ifmo.ru:8080/?token=518477874&user=-1355069478&config=3,1223,0,0
1776025798243,1246,config 3 request,200,OK,config 3 3-8,text,false,"The operation lasted too long: It took 1,246 milliseconds, but should not have lasted longer than 775 milliseconds.",231,167,14,42,http://stload.se.ifmo.ru:8080/?token=518477874&user=-1355069478&config=3,1245,0,0
1776025798236,1321,config 2 request,200,OK,config 2 2-5,text,false,"The operation lasted too long: It took 1,321 milliseconds, but should not have lasted longer than 775 milliseconds.",231,167,14,42,http://stload.se.ifmo.ru:8080/?token=518477874&user=-1355069478&config=2,1321,0,0
1776025798232,1325,config 2 request,200,OK,config 2 2-8,text,false,"The operation lasted too long: It took 1,325 milliseconds, but should not have lasted longer than 775 milliseconds.",231,167,14,42,http://stload.se.ifmo.ru:8080/?token=518477874&user=-1355069478&config=2,1325,0,0
1776025798238,1360,config 2 request,200,OK,config 2 2-14,text,false,"The operation lasted too long: It took 1,360 milliseconds, but should not have lasted longer than 775 milliseconds.",231,167,14,42,http://stload.se.ifmo.ru:8080/?token=518477874&user=-1355069478&config=2,1360,0,0
1776025798250,1389,config 2 request,200,OK,config 2 2-2,text,false,"The operation lasted too long: It took 1,389 milliseconds, but should not have lasted longer than 775 milliseconds.",231,167,14,42,http://stload.se.ifmo.ru:8080/?token=518477874&user=-1355069478&config=2,1388,0,0
1776025798238,1401,config 2 request,200,OK,config 2 2-11,text,false,"The operation lasted too long: It took 1,401 milliseconds, but should not have lasted longer than 775 milliseconds.",231,167,14,42,http://stload.se.ifmo.ru:8080/?token=518477874&user=-1355069478&config=2,1400,0,0
1776025798744,1079,config 3 request,200,OK,config 3 3-7,text,false,"The operation lasted too long: It took 1,079 milliseconds, but should not have lasted longer than 775 milliseconds.",231,167,14,42,http://stload.se.ifmo.ru:8080/?token=518477874&user=-1355069478&config=3,1079,0,0
1776025798744,1092,config 3 request,200,OK,config 3 3-13,text,false,"The operation lasted too long: It took 1,092 milliseconds, but should not have lasted longer than 775 milliseconds.",231,167,14,42,http://stload.se.ifmo.ru:8080/?token=518477874&user=-1355069478&config=3,1092,0,0
1776025798765,1192,config 3 request,200,OK,config 3 3-10,text,false,"The operation lasted too long: It took 1,192 milliseconds, but should not have lasted longer than 775 milliseconds.",231,167,14,42,http://stload.se.ifmo.ru:8080/?token=518477874&user=-1355069478&config=3,1192,0,0
1776025798745,1212,config 3 request,200,OK,config 3 3-4,text,false,"The operation lasted too long: It took 1,212 milliseconds, but should not have lasted longer than 775 milliseconds.",231,167,14,42,http://stload.se.ifmo.ru:8080/?token=518477874&user=-1355069478&config=3,1212,0,0
1776025798737,1450,config 2 request,200,OK,config 2 2-4,text,false,"The operation lasted too long: It took 1,450 milliseconds, but should not have lasted longer than 775 milliseconds.",231,167,14,42,http://stload.se.ifmo.ru:8080/?token=518477874&user=-1355069478&config=2,1449,0,0
1776025798740,1466,config 2 request,200,OK,config 2 2-7,text,false,"The operation lasted too long: It took 1,466 milliseconds, but should not have lasted longer than 775 milliseconds.",231,167,14,42,http://stload.se.ifmo.ru:8080/?token=518477874&user=-1355069478&config=2,1466,0,0
1776025798738,1468,config 2 request,200,OK,config 2 2-13,text,false,"The operation lasted too long: It took 1,468 milliseconds, but should not have lasted longer than 775 milliseconds.",231,167,14,42,http://stload.se.ifmo.ru:8080/?token=518477874&user=-1355069478&config=2,1468,0,0
1776025798926,1280,config 3 request,200,OK,config 3 3-1,text,false,"The operation lasted too long: It took 1,280 milliseconds, but should not have lasted longer than 775 milliseconds.",231,167,14,42,http://stload.se.ifmo.ru:8080/?token=518477874&user=-1355069478&config=3,1280,0,0
1776025798737,1469,config 2 request,200,OK,config 2 2-10,text,false,"The operation lasted too long: It took 1,469 milliseconds, but should not have lasted longer than 775 milliseconds.",231,167,14,42,http://stload.se.ifmo.ru:8080/?token=518477874&user=-1355069478&config=2,1469,0,0
1776025798924,1307,config 2 request,200,OK,config 2 2-1,text,false,"The operation lasted too long: It took 1,307 milliseconds, but should not have lasted longer than 775 milliseconds.",231,167,14,42,http://stload.se.ifmo.ru:8080/?token=518477874&user=-1355069478&config=2,1307,0,0
1776025799248,1125,config 3 request,200,OK,config 3 3-9,text,false,"The operation lasted too long: It took 1,125 milliseconds, but should not have lasted longer than 775 milliseconds.",231,167,14,42,http://stload.se.ifmo.ru:8080/?token=518477874&user=-1355069478&config=3,1125,0,0
1776025799242,1183,config 3 request,200,OK,config 3 3-6,text,false,"The operation lasted too long: It took 1,183 milliseconds, but should not have lasted longer than 775 milliseconds.",231,167,14,42,http://stload.se.ifmo.ru:8080/?token=518477874&user=-1355069478&config=3,1183,0,0
1776025799235,1359,config 2 request,200,OK,config 2 2-9,text,false,"The operation lasted too long: It took 1,359 milliseconds, but should not have lasted longer than 775 milliseconds.",231,167,14,42,http://stload.se.ifmo.ru:8080/?token=518477874&user=-1355069478&config=2,1359,0,0
1776025799243,1351,config 3 request,200,OK,config 3 3-3,text,false,"The operation lasted too long: It took 1,351 milliseconds, but should not have lasted longer than 775 milliseconds.",231,167,14,42,http://stload.se.ifmo.ru:8080/?token=518477874&user=-1355069478&config=3,1351,0,0
1776025799234,1360,config 2 request,200,OK,config 2 2-12,text,false,"The operation lasted too long: It took 1,360 milliseconds, but should not have lasted longer than 775 milliseconds.",231,167,14,42,http://stload.se.ifmo.ru:8080/?token=518477874&user=-1355069478&config=2,1360,0,0
1776025799249,1345,config 3 request,200,OK,config 3 3-12,text,false,"The operation lasted too long: It took 1,345 milliseconds, but should not have lasted longer than 775 milliseconds.",231,167,14,42,http://stload.se.ifmo.ru:8080/?token=518477874&user=-1355069478&config=3,1345,0,0
1776025799240,1373,config 2 request,200,OK,config 2 2-3,text,false,"The operation lasted too long: It took 1,373 milliseconds, but should not have lasted longer than 775 milliseconds.",231,167,14,42,http://stload.se.ifmo.ru:8080/?token=518477874&user=-1355069478&config=2,1373,0,0
1776025799236,1470,config 2 request,200,OK,config 2 2-6,text,false,"The operation lasted too long: It took 1,470 milliseconds, but should not have lasted longer than 775 milliseconds.",231,167,14,42,http://stload.se.ifmo.ru:8080/?token=518477874&user=-1355069478&config=2,1470,0,0
1776025799742,1100,config 3 request,200,OK,config 3 3-5,text,false,"The operation lasted too long: It took 1,100 milliseconds, but should not have lasted longer than 775 milliseconds.",231,167,14,42,http://stload.se.ifmo.ru:8080/?token=518477874&user=-1355069478&config=3,1100,0,0
1776025799740,1376,config 3 request,200,OK,config 3 3-14,text,false,"The operation lasted too long: It took 1,376 milliseconds, but should not have lasted longer than 775 milliseconds.",231,167,14,42,http://stload.se.ifmo.ru:8080/?token=518477874&user=-1355069478&config=3,1375,0,0
1776025799750,1365,config 3 request,200,OK,config 3 3-2,text,false,"The operation lasted too long: It took 1,365 milliseconds, but should not have lasted longer than 775 milliseconds.",231,167,14,42,http://stload.se.ifmo.ru:8080/?token=518477874&user=-1355069478&config=3,1365,0,0
1776025799742,1373,config 3 request,200,OK,config 3 3-8,text,false,"The operation lasted too long: It took 1,373 milliseconds, but should not have lasted longer than 775 milliseconds.",231,167,14,42,http://stload.se.ifmo.ru:8080/?token=518477874&user=-1355069478&config=3,1373,0,0
1776025799761,1388,config 3 request,200,OK,config 3 3-11,text,false,"The operation lasted too long: It took 1,388 milliseconds, but should not have lasted longer than 775 milliseconds.",231,167,14,42,http://stload.se.ifmo.ru:8080/?token=518477874&user=-1355069478&config=3,1388,0,0
1776025799740,1409,config 2 request,200,OK,config 2 2-11,text,false,"The operation lasted too long: It took 1,409 milliseconds, but should not have lasted longer than 775 milliseconds.",231,167,14,42,http://stload.se.ifmo.ru:8080/?token=518477874&user=-1355069478&config=2,1409,0,0
1776025799736,1413,config 2 request,200,OK,config 2 2-14,text,false,"The operation lasted too long: It took 1,413 milliseconds, but should not have lasted longer than 775 milliseconds.",231,167,14,42,http://stload.se.ifmo.ru:8080/?token=518477874&user=-1355069478&config=2,1412,0,0
1776025799736,1471,config 2 request,200,OK,config 2 2-5,text,false,"The operation lasted too long: It took 1,471 milliseconds, but should not have lasted longer than 775 milliseconds.",231,167,14,42,http://stload.se.ifmo.ru:8080/?token=518477874&user=-1355069478&config=2,1471,0,0
1776025799736,1471,config 2 request,200,OK,config 2 2-8,text,false,"The operation lasted too long: It took 1,471 milliseconds, but should not have lasted longer than 775 milliseconds.",231,167,14,42,http://stload.se.ifmo.ru:8080/?token=518477874&user=-1355069478&config=2,1471,0,0
1776025799748,1558,config 2 request,200,OK,config 2 2-2,text,false,"The operation lasted too long: It took 1,558 milliseconds, but should not have lasted longer than 775 milliseconds.",231,167,14,42,http://stload.se.ifmo.ru:8080/?token=518477874&user=-1355069478&config=2,1558,0,0
1776025800233,1312,config 2 request,200,OK,config 2 2-10,text,false,"The operation lasted too long: It took 1,312 milliseconds, but should not have lasted longer than 775 milliseconds.",231,167,14,42,http://stload.se.ifmo.ru:8080/?token=518477874&user=-1355069478&config=2,1312,0,0
1776025800247,1298,config 3 request,200,OK,config 3 3-13,text,false,"The operation lasted too long: It took 1,298 milliseconds, but should not have lasted longer than 775 milliseconds.",231,167,14,42,http://stload.se.ifmo.ru:8080/?token=518477874&user=-1355069478&config=3,1298,0,0
1776025800241,1304,config 3 request,200,OK,config 3 3-4,text,false,"The operation lasted too long: It took 1,304 milliseconds, but should not have lasted longer than 775 milliseconds.",231,167,14,42,http://stload.se.ifmo.ru:8080/?token=518477874&user=-1355069478&config=3,1304,0,0
1776025800243,1369,config 3 request,200,OK,config 3 3-7,text,false,"The operation lasted too long: It took 1,369 milliseconds, but should not have lasted longer than 775 milliseconds.",231,167,14,42,http://stload.se.ifmo.ru:8080/?token=518477874&user=-1355069478&config=3,1369,0,0
1776025800233,1379,config 2 request,200,OK,config 2 2-4,text,false,"The operation lasted too long: It took 1,379 milliseconds, but should not have lasted longer than 775 milliseconds.",231,167,14,42,http://stload.se.ifmo.ru:8080/?token=518477874&user=-1355069478&config=2,1379,0,0
1776025800268,1344,config 3 request,200,OK,config 3 3-10,text,false,"The operation lasted too long: It took 1,344 milliseconds, but should not have lasted longer than 775 milliseconds.",231,167,14,42,http://stload.se.ifmo.ru:8080/?token=518477874&user=-1355069478&config=3,1344,0,0
1776025800238,1460,config 2 request,200,OK,config 2 2-7,text,false,"The operation lasted too long: It took 1,460 milliseconds, but should not have lasted longer than 775 milliseconds.",231,167,14,42,http://stload.se.ifmo.ru:8080/?token=518477874&user=-1355069478&config=2,1460,0,0
1776025800422,1276,config 3 request,200,OK,config 3 3-1,text,false,"The operation lasted too long: It took 1,276 milliseconds, but should not have lasted longer than 775 milliseconds.",231,167,14,42,http://stload.se.ifmo.ru:8080/?token=518477874&user=-1355069478&config=3,1276,0,0
1776025800239,1460,config 2 request,200,OK,config 2 2-13,text,false,"The operation lasted too long: It took 1,460 milliseconds, but should not have lasted longer than 775 milliseconds.",231,167,14,42,http://stload.se.ifmo.ru:8080/?token=518477874&user=-1355069478&config=2,1459,0,0
1776025800427,1503,config 2 request,200,OK,config 2 2-1,text,false,"The operation lasted too long: It took 1,503 milliseconds, but should not have lasted longer than 775 milliseconds.",231,167,14,42,http://stload.se.ifmo.ru:8080/?token=518477874&user=-1355069478&config=2,1503,0,0
1776025800741,1455,config 3 request,200,OK,config 3 3-6,text,false,"The operation lasted too long: It took 1,455 milliseconds, but should not have lasted longer than 775 milliseconds.",231,167,14,42,http://stload.se.ifmo.ru:8080/?token=518477874&user=-1355069478&config=3,1455,0,0
1776025800747,1449,config 3 request,200,OK,config 3 3-3,text,false,"The operation lasted too long: It took 1,449 milliseconds, but should not have lasted longer than 775 milliseconds.",231,167,14,42,http://stload.se.ifmo.ru:8080/?token=518477874&user=-1355069478&config=3,1449,0,0
1776025800733,1493,config 2 request,200,OK,config 2 2-9,text,false,"The operation lasted too long: It took 1,493 milliseconds, but should not have lasted longer than 775 milliseconds.",231,167,14,42,http://stload.se.ifmo.ru:8080/?token=518477874&user=-1355069478&config=2,1493,0,0
1776025800748,1477,config 3 request,200,OK,config 3 3-12,text,false,"The operation lasted too long: It took 1,477 milliseconds, but should not have lasted longer than 775 milliseconds.",231,167,14,42,http://stload.se.ifmo.ru:8080/?token=518477874&user=-1355069478&config=3,1477,0,0
1776025800749,1476,config 3 request,200,OK,config 3 3-9,text,false,"The operation lasted too long: It took 1,476 milliseconds, but should not have lasted longer than 775 milliseconds.",231,167,14,42,http://stload.se.ifmo.ru:8080/?token=518477874&user=-1355069478&config=3,1476,0,0
1776025800734,1491,config 2 request,200,OK,config 2 2-12,text,false,"The operation lasted too long: It took 1,491 milliseconds, but should not have lasted longer than 775 milliseconds.",231,167,14,42,http://stload.se.ifmo.ru:8080/?token=518477874&user=-1355069478&config=2,1491,0,0
1776025800739,1856,config 2 request,200,OK,config 2 2-3,text,false,"The operation lasted too long: It took 1,856 milliseconds, but should not have lasted longer than 775 milliseconds.",231,167,14,42,http://stload.se.ifmo.ru:8080/?token=518477874&user=-1355069478&config=2,1856,0,0
1776025801240,1355,config 3 request,200,OK,config 3 3-5,text,false,"The operation lasted too long: It took 1,355 milliseconds, but should not have lasted longer than 775 milliseconds.",231,167,14,42,http://stload.se.ifmo.ru:8080/?token=518477874&user=-1355069478&config=3,1355,0,0
1776025800733,1861,config 2 request,200,OK,config 2 2-6,text,false,"The operation lasted too long: It took 1,861 milliseconds, but should not have lasted longer than 775 milliseconds.",231,167,14,42,http://stload.se.ifmo.ru:8080/?token=518477874&user=-1355069478&config=2,1861,0,0
1776025801244,1353,config 3 request,200,OK,config 3 3-8,text,false,"The operation lasted too long: It took 1,353 milliseconds, but should not have lasted longer than 775 milliseconds.",231,167,14,42,http://stload.se.ifmo.ru:8080/?token=518477874&user=-1355069478&config=3,1353,0,0
1776025801242,1396,config 3 request,200,OK,config 3 3-14,text,false,"The operation lasted too long: It took 1,396 milliseconds, but should not have lasted longer than 775 milliseconds.",231,167,14,42,http://stload.se.ifmo.ru:8080/?token=518477874&user=-1355069478&config=3,1396,0,0
1776025801238,1400,config 2 request,200,OK,config 2 2-5,text,false,"The operation lasted too long: It took 1,400 milliseconds, but should not have lasted longer than 775 milliseconds.",231,167,14,42,http://stload.se.ifmo.ru:8080/?token=518477874&user=-1355069478&config=2,1400,0,0
1776025801266,1371,config 3 request,200,OK,config 3 3-11,text,false,"The operation lasted too long: It took 1,371 milliseconds, but should not have lasted longer than 775 milliseconds.",231,167,14,42,http://stload.se.ifmo.ru:8080/?token=518477874&user=-1355069478&config=3,1371,0,0
1776025801238,1400,config 2 request,200,OK,config 2 2-14,text,false,"The operation lasted too long: It took 1,400 milliseconds, but should not have lasted longer than 775 milliseconds.",231,167,14,42,http://stload.se.ifmo.ru:8080/?token=518477874&user=-1355069478&config=2,1400,0,0
1776025801248,1391,config 3 request,200,OK,config 3 3-2,text,false,"The operation lasted too long: It took 1,391 milliseconds, but should not have lasted longer than 775 milliseconds.",231,167,14,42,http://stload.se.ifmo.ru:8080/?token=518477874&user=-1355069478&config=3,1391,0,0
1776025801235,1404,config 2 request,200,OK,config 2 2-8,text,false,"The operation lasted too long: It took 1,404 milliseconds, but should not have lasted longer than 775 milliseconds.",231,167,14,42,http://stload.se.ifmo.ru:8080/?token=518477874&user=-1355069478&config=2,1404,0,0
1776025801240,1427,config 2 request,200,OK,config 2 2-11,text,false,"The operation lasted too long: It took 1,427 milliseconds, but should not have lasted longer than 775 milliseconds.",231,167,14,42,http://stload.se.ifmo.ru:8080/?token=518477874&user=-1355069478&config=2,1427,0,0
1776025801307,1526,config 2 request,200,OK,config 2 2-2,text,false,"The operation lasted too long: It took 1,526 milliseconds, but should not have lasted longer than 775 milliseconds.",231,167,14,42,http://stload.se.ifmo.ru:8080/?token=518477874&user=-1355069478&config=2,1526,0,0
1776025801741,1404,config 3 request,200,OK,config 3 3-7,text,false,"The operation lasted too long: It took 1,404 milliseconds, but should not have lasted longer than 775 milliseconds.",231,167,14,42,http://stload.se.ifmo.ru:8080/?token=518477874&user=-1355069478&config=3,1404,0,0
1776025801764,1401,config 3 request,200,OK,config 3 3-10,text,false,"The operation lasted too long: It took 1,401 milliseconds, but should not have lasted longer than 775 milliseconds.",231,167,14,42,http://stload.se.ifmo.ru:8080/?token=518477874&user=-1355069478&config=3,1401,0,0
1776025801734,1431,config 2 request,200,OK,config 2 2-4,text,false,"The operation lasted too long: It took 1,431 milliseconds, but should not have lasted longer than 775 milliseconds.",231,167,14,42,http://stload.se.ifmo.ru:8080/?token=518477874&user=-1355069478&config=2,1431,0,0
1776025801744,1421,config 3 request,200,OK,config 3 3-4,text,false,"The operation lasted too long: It took 1,421 milliseconds, but should not have lasted longer than 775 milliseconds.",231,167,14,42,http://stload.se.ifmo.ru:8080/?token=518477874&user=-1355069478&config=3,1421,0,0
1776025801735,1430,config 2 request,200,OK,config 2 2-10,text,false,"The operation lasted too long: It took 1,430 milliseconds, but should not have lasted longer than 775 milliseconds.",231,167,14,42,http://stload.se.ifmo.ru:8080/?token=518477874&user=-1355069478&config=2,1430,0,0
1776025801744,1444,config 3 request,200,OK,config 3 3-13,text,false,"The operation lasted too long: It took 1,444 milliseconds, but should not have lasted longer than 775 milliseconds.",231,167,14,42,http://stload.se.ifmo.ru:8080/?token=518477874&user=-1355069478&config=3,1444,0,0
1776025801736,1452,config 2 request,200,OK,config 2 2-13,text,false,"The operation lasted too long: It took 1,452 milliseconds, but should not have lasted longer than 775 milliseconds.",231,167,14,42,http://stload.se.ifmo.ru:8080/?token=518477874&user=-1355069478&config=2,1452,0,0
1776025801740,1542,config 2 request,200,OK,config 2 2-7,text,false,"The operation lasted too long: It took 1,542 milliseconds, but should not have lasted longer than 775 milliseconds.",231,167,14,42,http://stload.se.ifmo.ru:8080/?token=518477874&user=-1355069478&config=2,1542,0,0
1776025801926,1356,config 3 request,200,OK,config 3 3-1,text,false,"The operation lasted too long: It took 1,356 milliseconds, but should not have lasted longer than 775 milliseconds.",231,167,14,42,http://stload.se.ifmo.ru:8080/?token=518477874&user=-1355069478&config=3,1356,0,0
1776025801931,1553,config 2 request,200,OK,config 2 2-1,text,false,"The operation lasted too long: It took 1,553 milliseconds, but should not have lasted longer than 775 milliseconds.",231,167,14,42,http://stload.se.ifmo.ru:8080/?token=518477874&user=-1355069478&config=2,1553,0,0
1776025802244,1240,config 3 request,200,OK,config 3 3-9,text,false,"The operation lasted too long: It took 1,240 milliseconds, but should not have lasted longer than 775 milliseconds.",231,167,14,42,http://stload.se.ifmo.ru:8080/?token=518477874&user=-1355069478&config=3,1240,0,0
1776025802245,1665,config 3 request,200,OK,config 3 3-12,text,false,"The operation lasted too long: It took 1,665 milliseconds, but should not have lasted longer than 775 milliseconds.",231,167,14,42,http://stload.se.ifmo.ru:8080/?token=518477874&user=-1355069478&config=3,1665,0,0
1776025802245,1689,config 3 request,200,OK,config 3 3-6,text,false,"The operation lasted too long: It took 1,689 milliseconds, but should not have lasted longer than 775 milliseconds.",231,167,14,42,http://stload.se.ifmo.ru:8080/?token=518477874&user=-1355069478&config=3,1689,0,0
1776025802245,1689,config 3 request,200,OK,config 3 3-3,text,false,"The operation lasted too long: It took 1,689 milliseconds, but should not have lasted longer than 775 milliseconds.",231,167,14,42,http://stload.se.ifmo.ru:8080/?token=518477874&user=-1355069478&config=3,1689,0,0
1776025802232,1702,config 2 request,200,OK,config 2 2-9,text,false,"The operation lasted too long: It took 1,702 milliseconds, but should not have lasted longer than 775 milliseconds.",231,167,14,42,http://stload.se.ifmo.ru:8080/?token=518477874&user=-1355069478&config=2,1702,0,0
1776025802233,1702,config 2 request,200,OK,config 2 2-12,text,false,"The operation lasted too long: It took 1,702 milliseconds, but should not have lasted longer than 775 milliseconds.",231,167,14,42,http://stload.se.ifmo.ru:8080/?token=518477874&user=-1355069478&config=2,1702,0,0
1776025802595,1398,config 2 request,200,OK,config 2 2-3,text,false,"The operation lasted too long: It took 1,398 milliseconds, but should not have lasted longer than 775 milliseconds.",231,167,14,42,http://stload.se.ifmo.ru:8080/?token=518477874&user=-1355069478&config=2,1398,0,0
1776025802596,1490,config 2 request,200,OK,config 2 2-6,text,false,"The operation lasted too long: It took 1,490 milliseconds, but should not have lasted longer than 775 milliseconds.",231,167,14,42,http://stload.se.ifmo.ru:8080/?token=518477874&user=-1355069478&config=2,1490,0,0
1776025802742,1345,config 3 request,200,OK,config 3 3-5,text,false,"The operation lasted too long: It took 1,345 milliseconds, but should not have lasted longer than 775 milliseconds.",231,167,14,42,http://stload.se.ifmo.ru:8080/?token=518477874&user=-1355069478&config=3,1345,0,0
1776025802744,1407,config 3 request,200,OK,config 3 3-8,text,false,"The operation lasted too long: It took 1,407 milliseconds, but should not have lasted longer than 775 milliseconds.",231,167,14,42,http://stload.se.ifmo.ru:8080/?token=518477874&user=-1355069478&config=3,1407,0,0
1776025802730,1421,config 2 request,200,OK,config 2 2-8,text,false,"The operation lasted too long: It took 1,421 milliseconds, but should not have lasted longer than 775 milliseconds.",231,167,14,42,http://stload.se.ifmo.ru:8080/?token=518477874&user=-1355069478&config=2,1421,0,0
1776025802738,1414,config 2 request,200,OK,config 2 2-14,text,false,"The operation lasted too long: It took 1,414 milliseconds, but should not have lasted longer than 775 milliseconds.",231,167,14,42,http://stload.se.ifmo.ru:8080/?token=518477874&user=-1355069478&config=2,1414,0,0
1776025802765,1455,config 3 request,200,OK,config 3 3-11,text,false,"The operation lasted too long: It took 1,455 milliseconds, but should not have lasted longer than 775 milliseconds.",231,167,14,42,http://stload.se.ifmo.ru:8080/?token=518477874&user=-1355069478&config=3,1455,0,0
1776025802740,1480,config 3 request,200,OK,config 3 3-14,text,false,"The operation lasted too long: It took 1,480 milliseconds, but should not have lasted longer than 775 milliseconds.",231,167,14,42,http://stload.se.ifmo.ru:8080/?token=518477874&user=-1355069478&config=3,1480,0,0
1776025802751,1469,config 3 request,200,OK,config 3 3-2,text,false,"The operation lasted too long: It took 1,469 milliseconds, but should not have lasted longer than 775 milliseconds.",231,167,14,42,http://stload.se.ifmo.ru:8080/?token=518477874&user=-1355069478&config=3,1469,0,0
1776025802738,1610,config 2 request,200,OK,config 2 2-11,text,false,"The operation lasted too long: It took 1,610 milliseconds, but should not have lasted longer than 775 milliseconds.",231,167,14,42,http://stload.se.ifmo.ru:8080/?token=518477874&user=-1355069478&config=2,1610,0,0
1776025802739,1609,config 2 request,200,OK,config 2 2-5,text,false,"The operation lasted too long: It took 1,609 milliseconds, but should not have lasted longer than 775 milliseconds.",231,167,14,42,http://stload.se.ifmo.ru:8080/?token=518477874&user=-1355069478&config=2,1609,0,0
1776025803243,1232,config 3 request,200,OK,config 3 3-4,text,false,"The operation lasted too long: It took 1,232 milliseconds, but should not have lasted longer than 775 milliseconds.",231,167,14,42,http://stload.se.ifmo.ru:8080/?token=518477874&user=-1355069478&config=3,1232,0,0
1776025802834,1642,config 2 request,200,OK,config 2 2-2,text,false,"The operation lasted too long: It took 1,642 milliseconds, but should not have lasted longer than 775 milliseconds.",231,167,14,42,http://stload.se.ifmo.ru:8080/?token=518477874&user=-1355069478&config=2,1642,0,0
1776025803244,1320,config 3 request,200,OK,config 3 3-13,text,false,"The operation lasted too long: It took 1,320 milliseconds, but should not have lasted longer than 775 milliseconds.",231,167,14,42,http://stload.se.ifmo.ru:8080/?token=518477874&user=-1355069478&config=3,1320,0,0
1776025803243,1321,config 3 request,200,OK,config 3 3-7,text,false,"The operation lasted too long: It took 1,321 milliseconds, but should not have lasted longer than 775 milliseconds.",231,167,14,42,http://stload.se.ifmo.ru:8080/?token=518477874&user=-1355069478&config=3,1321,0,0
1776025803236,1373,config 2 request,200,OK,config 2 2-4,text,false,"The operation lasted too long: It took 1,373 milliseconds, but should not have lasted longer than 775 milliseconds.",231,167,14,42,http://stload.se.ifmo.ru:8080/?token=518477874&user=-1355069478&config=2,1373,0,0
1776025803268,1557,config 3 request,200,OK,config 3 3-10,text,false,"The operation lasted too long: It took 1,557 milliseconds, but should not have lasted longer than 775 milliseconds.",231,167,14,42,http://stload.se.ifmo.ru:8080/?token=518477874&user=-1355069478&config=3,1557,0,0
1776025803234,1591,config 2 request,200,OK,config 2 2-10,text,false,"The operation lasted too long: It took 1,591 milliseconds, but should not have lasted longer than 775 milliseconds.",231,167,14,42,http://stload.se.ifmo.ru:8080/?token=518477874&user=-1355069478&config=2,1591,0,0
1776025803238,1587,config 2 request,200,OK,config 2 2-13,text,false,"The operation lasted too long: It took 1,587 milliseconds, but should not have lasted longer than 775 milliseconds.",231,167,14,42,http://stload.se.ifmo.ru:8080/?token=518477874&user=-1355069478&config=2,1587,0,0
1776025803425,1492,config 3 request,200,OK,config 3 3-1,text,false,"The operation lasted too long: It took 1,492 milliseconds, but should not have lasted longer than 775 milliseconds.",231,167,14,42,http://stload.se.ifmo.ru:8080/?token=518477874&user=-1355069478&config=3,1492,0,0
1776025803282,1635,config 2 request,200,OK,config 2 2-7,text,false,"The operation lasted too long: It took 1,635 milliseconds, but should not have lasted longer than 775 milliseconds.",231,167,14,42,http://stload.se.ifmo.ru:8080/?token=518477874&user=-1355069478&config=2,1635,0,0
1776025803748,1211,config 3 request,200,OK,config 3 3-9,text,false,"The operation lasted too long: It took 1,211 milliseconds, but should not have lasted longer than 775 milliseconds.",231,167,14,42,http://stload.se.ifmo.ru:8080/?token=518477874&user=-1355069478&config=3,1211,0,0
1776025803911,1372,config 3 request,200,OK,config 3 3-12,text,false,"The operation lasted too long: It took 1,372 milliseconds, but should not have lasted longer than 775 milliseconds.",231,167,14,42,http://stload.se.ifmo.ru:8080/?token=518477874&user=-1355069478&config=3,1372,0,0
1776025803935,1348,config 3 request,200,OK,config 3 3-6,text,false,"The operation lasted too long: It took 1,348 milliseconds, but should not have lasted longer than 775 milliseconds.",231,167,14,42,http://stload.se.ifmo.ru:8080/?token=518477874&user=-1355069478&config=3,1348,0,0
1776025803484,1799,config 2 request,200,OK,config 2 2-1,text,false,"The operation lasted too long: It took 1,799 milliseconds, but should not have lasted longer than 775 milliseconds.",231,167,14,42,http://stload.se.ifmo.ru:8080/?token=518477874&user=-1355069478&config=2,1799,0,0
1776025803935,1348,config 3 request,200,OK,config 3 3-3,text,false,"The operation lasted too long: It took 1,348 milliseconds, but should not have lasted longer than 775 milliseconds.",231,167,14,42,http://stload.se.ifmo.ru:8080/?token=518477874&user=-1355069478&config=3,1348,0,0
1776025803935,1409,config 2 request,200,OK,config 2 2-9,text,false,"The operation lasted too long: It took 1,409 milliseconds, but should not have lasted longer than 775 milliseconds.",231,167,14,42,http://stload.se.ifmo.ru:8080/?token=518477874&user=-1355069478&config=2,1409,0,0
1776025804238,1178,config 3 request,200,OK,config 3 3-5,text,false,"The operation lasted too long: It took 1,178 milliseconds, but should not have lasted longer than 775 milliseconds.",231,167,14,42,http://stload.se.ifmo.ru:8080/?token=518477874&user=-1355069478&config=3,1178,0,0
1776025803936,1480,config 2 request,200,OK,config 2 2-12,text,false,"The operation lasted too long: It took 1,480 milliseconds, but should not have lasted longer than 775 milliseconds.",231,167,14,42,http://stload.se.ifmo.ru:8080/?token=518477874&user=-1355069478&config=2,1480,0,0
1776025804098,1369,config 2 request,200,OK,config 2 2-3,text,false,"The operation lasted too long: It took 1,369 milliseconds, but should not have lasted longer than 775 milliseconds.",231,167,14,42,http://stload.se.ifmo.ru:8080/?token=518477874&user=-1355069478&config=2,1369,0,0
1776025804248,1219,config 3 request,200,OK,config 3 3-8,text,false,"The operation lasted too long: It took 1,219 milliseconds, but should not have lasted longer than 775 milliseconds.",231,167,14,42,http://stload.se.ifmo.ru:8080/?token=518477874&user=-1355069478&config=3,1219,0,0
1776025804242,1225,config 3 request,200,OK,config 3 3-14,text,false,"The operation lasted too long: It took 1,225 milliseconds, but should not have lasted longer than 775 milliseconds.",231,167,14,42,http://stload.se.ifmo.ru:8080/?token=518477874&user=-1355069478&config=3,1225,0,0
1776025804097,1434,config 2 request,200,OK,config 2 2-6,text,false,"The operation lasted too long: It took 1,434 milliseconds, but should not have lasted longer than 775 milliseconds.",231,167,14,42,http://stload.se.ifmo.ru:8080/?token=518477874&user=-1355069478&config=2,1434,0,0
1776025804250,1345,config 3 request,200,OK,config 3 3-2,text,false,"The operation lasted too long: It took 1,345 milliseconds, but should not have lasted longer than 775 milliseconds.",231,167,14,42,http://stload.se.ifmo.ru:8080/?token=518477874&user=-1355069478&config=3,1345,0,0
1776025804266,1329,config 3 request,200,OK,config 3 3-11,text,false,"The operation lasted too long: It took 1,329 milliseconds, but should not have lasted longer than 775 milliseconds.",231,167,14,42,http://stload.se.ifmo.ru:8080/?token=518477874&user=-1355069478&config=3,1329,0,0
1776025804236,1359,config 2 request,200,OK,config 2 2-14,text,false,"The operation lasted too long: It took 1,359 milliseconds, but should not have lasted longer than 775 milliseconds.",231,167,14,42,http://stload.se.ifmo.ru:8080/?token=518477874&user=-1355069478&config=2,1359,0,0
1776025804231,1393,config 2 request,200,OK,config 2 2-8,text,false,"The operation lasted too long: It took 1,393 milliseconds, but should not have lasted longer than 775 milliseconds.",231,167,14,42,http://stload.se.ifmo.ru:8080/?token=518477874&user=-1355069478&config=2,1393,0,0
1776025804349,1549,config 2 request,200,OK,config 2 2-11,text,false,"The operation lasted too long: It took 1,549 milliseconds, but should not have lasted longer than 775 milliseconds.",231,167,14,42,http://stload.se.ifmo.ru:8080/?token=518477874&user=-1355069478&config=2,1549,0,0
1776025804349,1549,config 2 request,200,OK,config 2 2-5,text,false,"The operation lasted too long: It took 1,549 milliseconds, but should not have lasted longer than 775 milliseconds.",231,167,14,42,http://stload.se.ifmo.ru:8080/?token=518477874&user=-1355069478&config=2,1549,0,0
1776025804476,1552,config 2 request,200,OK,config 2 2-2,text,false,"The operation lasted too long: It took 1,552 milliseconds, but should not have lasted longer than 775 milliseconds.",231,167,14,42,http://stload.se.ifmo.ru:8080/?token=518477874&user=-1355069478&config=2,1552,0,0
1776025804742,1286,config 3 request,200,OK,config 3 3-4,text,false,"The operation lasted too long: It took 1,286 milliseconds, but should not have lasted longer than 775 milliseconds.",231,167,14,42,http://stload.se.ifmo.ru:8080/?token=518477874&user=-1355069478&config=3,1286,0,0
1776025804748,1281,config 3 request,200,OK,config 3 3-13,text,false,"The operation lasted too long: It took 1,281 milliseconds, but should not have lasted longer than 775 milliseconds.",231,167,14,42,http://stload.se.ifmo.ru:8080/?token=518477874&user=-1355069478&config=3,1281,0,0
1776025804742,1289,config 3 request,200,OK,config 3 3-7,text,false,"The operation lasted too long: It took 1,289 milliseconds, but should not have lasted longer than 775 milliseconds.",231,167,14,42,http://stload.se.ifmo.ru:8080/?token=518477874&user=-1355069478&config=3,1289,0,0
1776025804737,1429,config 2 request,200,OK,config 2 2-4,text,false,"The operation lasted too long: It took 1,429 milliseconds, but should not have lasted longer than 775 milliseconds.",231,167,14,42,http://stload.se.ifmo.ru:8080/?token=518477874&user=-1355069478&config=2,1429,0,0
1776025804825,1341,config 3 request,200,OK,config 3 3-10,text,false,"The operation lasted too long: It took 1,341 milliseconds, but should not have lasted longer than 775 milliseconds.",231,167,14,42,http://stload.se.ifmo.ru:8080/?token=518477874&user=-1355069478&config=3,1341,0,0
1776025804825,1547,config 2 request,200,OK,config 2 2-10,text,false,"The operation lasted too long: It took 1,547 milliseconds, but should not have lasted longer than 775 milliseconds.",231,167,14,42,http://stload.se.ifmo.ru:8080/?token=518477874&user=-1355069478&config=2,1547,0,0
1776025804825,1619,config 2 request,200,OK,config 2 2-13,text,false,"The operation lasted too long: It took 1,619 milliseconds, but should not have lasted longer than 775 milliseconds.",231,167,14,42,http://stload.se.ifmo.ru:8080/?token=518477874&user=-1355069478&config=2,1619,0,0
1776025805249,1195,config 3 request,200,OK,config 3 3-9,text,false,"The operation lasted too long: It took 1,195 milliseconds, but should not have lasted longer than 775 milliseconds.",231,167,14,42,http://stload.se.ifmo.ru:8080/?token=518477874&user=-1355069478&config=3,1195,0,0
1776025805416,1107,config 3 request,200,OK,config 3 3-12,text,false,"The operation lasted too long: It took 1,107 milliseconds, but should not have lasted longer than 775 milliseconds.",231,167,14,42,http://stload.se.ifmo.ru:8080/?token=518477874&user=-1355069478&config=3,1107,0,0
1776025804923,1600,config 3 request,200,OK,config 3 3-1,text,false,"The operation lasted too long: It took 1,600 milliseconds, but should not have lasted longer than 775 milliseconds.",231,167,14,42,http://stload.se.ifmo.ru:8080/?token=518477874&user=-1355069478&config=3,1600,0,0
1776025804917,1622,config 2 request,200,OK,config 2 2-7,text,false,"The operation lasted too long: It took 1,622 milliseconds, but should not have lasted longer than 775 milliseconds.",231,167,14,42,http://stload.se.ifmo.ru:8080/?token=518477874&user=-1355069478&config=2,1622,0,0
1776025805436,1104,config 3 request,200,OK,config 3 3-6,text,false,"The operation lasted too long: It took 1,104 milliseconds, but should not have lasted longer than 775 milliseconds.",231,167,14,42,http://stload.se.ifmo.ru:8080/?token=518477874&user=-1355069478&config=3,1104,0,0
1776025805284,1426,config 2 request,200,OK,config 2 2-1,text,false,"The operation lasted too long: It took 1,426 milliseconds, but should not have lasted longer than 775 milliseconds.",231,167,14,42,http://stload.se.ifmo.ru:8080/?token=518477874&user=-1355069478&config=2,1426,0,0
1776025805440,1270,config 3 request,200,OK,config 3 3-3,text,false,"The operation lasted too long: It took 1,270 milliseconds, but should not have lasted longer than 775 milliseconds.",231,167,14,42,http://stload.se.ifmo.ru:8080/?token=518477874&user=-1355069478&config=3,1270,0,0
1776025805436,1459,config 2 request,200,OK,config 2 2-12,text,false,"The operation lasted too long: It took 1,459 milliseconds, but should not have lasted longer than 775 milliseconds.",231,167,14,42,http://stload.se.ifmo.ru:8080/?token=518477874&user=-1355069478&config=2,1459,0,0
1776025805437,1475,config 2 request,200,OK,config 2 2-9,text,false,"The operation lasted too long: It took 1,475 milliseconds, but should not have lasted longer than 775 milliseconds.",231,167,14,42,http://stload.se.ifmo.ru:8080/?token=518477874&user=-1355069478&config=2,1475,0,0
1776025805738,1174,config 3 request,200,OK,config 3 3-5,text,false,"The operation lasted too long: It took 1,174 milliseconds, but should not have lasted longer than 775 milliseconds.",231,167,14,42,http://stload.se.ifmo.ru:8080/?token=518477874&user=-1355069478&config=3,1174,0,0
1776025805744,1168,config 3 request,200,OK,config 3 3-8,text,false,"The operation lasted too long: It took 1,168 milliseconds, but should not have lasted longer than 775 milliseconds.",231,167,14,42,http://stload.se.ifmo.ru:8080/?token=518477874&user=-1355069478&config=3,1168,0,0
1776025805740,1289,config 3 request,200,OK,config 3 3-14,text,false,"The operation lasted too long: It took 1,289 milliseconds, but should not have lasted longer than 775 milliseconds.",231,167,14,42,http://stload.se.ifmo.ru:8080/?token=518477874&user=-1355069478&config=3,1289,0,0
1776025805751,1278,config 3 request,200,OK,config 3 3-2,text,false,"The operation lasted too long: It took 1,278 milliseconds, but should not have lasted longer than 775 milliseconds.",231,167,14,42,http://stload.se.ifmo.ru:8080/?token=518477874&user=-1355069478&config=3,1278,0,0
1776025805600,1429,config 2 request,200,OK,config 2 2-3,text,false,"The operation lasted too long: It took 1,429 milliseconds, but should not have lasted longer than 775 milliseconds.",231,167,14,42,http://stload.se.ifmo.ru:8080/?token=518477874&user=-1355069478&config=2,1429,0,0
1776025805601,1443,config 2 request,200,OK,config 2 2-6,text,false,"The operation lasted too long: It took 1,443 milliseconds, but should not have lasted longer than 775 milliseconds.",231,167,14,42,http://stload.se.ifmo.ru:8080/?token=518477874&user=-1355069478&config=2,1443,0,0
1776025805763,1321,config 3 request,200,OK,config 3 3-11,text,false,"The operation lasted too long: It took 1,321 milliseconds, but should not have lasted longer than 775 milliseconds.",231,167,14,42,http://stload.se.ifmo.ru:8080/?token=518477874&user=-1355069478&config=3,1321,0,0
1776025805731,1406,config 2 request,200,OK,config 2 2-8,text,false,"The operation lasted too long: It took 1,406 milliseconds, but should not have lasted longer than 775 milliseconds.",231,167,14,42,http://stload.se.ifmo.ru:8080/?token=518477874&user=-1355069478&config=2,1406,0,0
1776025805738,1399,config 2 request,200,OK,config 2 2-14,text,false,"The operation lasted too long: It took 1,399 milliseconds, but should not have lasted longer than 775 milliseconds.",231,167,14,42,http://stload.se.ifmo.ru:8080/?token=518477874&user=-1355069478&config=2,1399,0,0
1776025805899,1555,config 2 request,200,OK,config 2 2-5,text,false,"The operation lasted too long: It took 1,555 milliseconds, but should not have lasted longer than 775 milliseconds.",231,167,14,42,http://stload.se.ifmo.ru:8080/?token=518477874&user=-1355069478&config=2,1555,0,0
1776025806244,1210,config 3 request,200,OK,config 3 3-4,text,false,"The operation lasted too long: It took 1,210 milliseconds, but should not have lasted longer than 775 milliseconds.",231,167,14,42,http://stload.se.ifmo.ru:8080/?token=518477874&user=-1355069478&config=3,1210,0,0
1776025805899,1555,config 2 request,200,OK,config 2 2-11,text,false,"The operation lasted too long: It took 1,555 milliseconds, but should not have lasted longer than 775 milliseconds.",231,167,14,42,http://stload.se.ifmo.ru:8080/?token=518477874&user=-1355069478&config=2,1555,0,0
1776025806244,1507,config 3 request,200,OK,config 3 3-7,text,false,"The operation lasted too long: It took 1,507 milliseconds, but should not have lasted longer than 775 milliseconds.",231,167,14,42,http://stload.se.ifmo.ru:8080/?token=518477874&user=-1355069478&config=3,1507,0,0
1776025806244,1507,config 3 request,200,OK,config 3 3-13,text,false,"The operation lasted too long: It took 1,507 milliseconds, but should not have lasted longer than 775 milliseconds.",231,167,14,42,http://stload.se.ifmo.ru:8080/?token=518477874&user=-1355069478&config=3,1507,0,0
1776025806326,1425,config 3 request,200,OK,config 3 3-10,text,false,"The operation lasted too long: It took 1,425 milliseconds, but should not have lasted longer than 775 milliseconds.",231,167,14,42,http://stload.se.ifmo.ru:8080/?token=518477874&user=-1355069478&config=3,1425,0,0
1776025806030,1722,config 2 request,200,OK,config 2 2-2,text,false,"The operation lasted too long: It took 1,722 milliseconds, but should not have lasted longer than 775 milliseconds.",231,167,14,42,http://stload.se.ifmo.ru:8080/?token=518477874&user=-1355069478&config=2,1722,0,0
1776025806524,1292,config 3 request,200,OK,config 3 3-1,text,false,"The operation lasted too long: It took 1,292 milliseconds, but should not have lasted longer than 775 milliseconds.",231,167,14,42,http://stload.se.ifmo.ru:8080/?token=518477874&user=-1355069478&config=3,1292,0,0
1776025806234,1582,config 2 request,200,OK,config 2 2-4,text,false,"The operation lasted too long: It took 1,582 milliseconds, but should not have lasted longer than 775 milliseconds.",231,167,14,42,http://stload.se.ifmo.ru:8080/?token=518477874&user=-1355069478&config=2,1582,0,0
1776025806373,1504,config 2 request,200,OK,config 2 2-10,text,false,"The operation lasted too long: It took 1,504 milliseconds, but should not have lasted longer than 775 milliseconds.",231,167,14,42,http://stload.se.ifmo.ru:8080/?token=518477874&user=-1355069478&config=2,1504,0,0
1776025806444,1446,config 2 request,200,OK,config 2 2-13,text,false,"The operation lasted too long: It took 1,446 milliseconds, but should not have lasted longer than 775 milliseconds.",231,167,14,42,http://stload.se.ifmo.ru:8080/?token=518477874&user=-1355069478&config=2,1446,0,0
1776025806745,1316,config 3 request,200,OK,config 3 3-9,text,false,"The operation lasted too long: It took 1,316 milliseconds, but should not have lasted longer than 775 milliseconds.",231,167,14,42,http://stload.se.ifmo.ru:8080/?token=518477874&user=-1355069478&config=3,1316,0,0
1776025806911,1150,config 3 request,200,OK,config 3 3-12,text,false,"The operation lasted too long: It took 1,150 milliseconds, but should not have lasted longer than 775 milliseconds.",231,167,14,42,http://stload.se.ifmo.ru:8080/?token=518477874&user=-1355069478&config=3,1150,0,0
1776025806787,1414,config 2 request,200,OK,config 2 2-1,text,false,"The operation lasted too long: It took 1,414 milliseconds, but should not have lasted longer than 775 milliseconds.",231,167,14,42,http://stload.se.ifmo.ru:8080/?token=518477874&user=-1355069478&config=2,1414,0,0
1776025806540,1661,config 2 request,200,OK,config 2 2-7,text,false,"The operation lasted too long: It took 1,661 milliseconds, but should not have lasted longer than 775 milliseconds.",231,167,14,42,http://stload.se.ifmo.ru:8080/?token=518477874&user=-1355069478&config=2,1661,0,0
1776025806937,1264,config 3 request,200,OK,config 3 3-3,text,false,"The operation lasted too long: It took 1,264 milliseconds, but should not have lasted longer than 775 milliseconds.",231,167,14,42,http://stload.se.ifmo.ru:8080/?token=518477874&user=-1355069478&config=3,1264,0,0
1776025806939,1262,config 3 request,200,OK,config 3 3-6,text,false,"The operation lasted too long: It took 1,262 milliseconds, but should not have lasted longer than 775 milliseconds.",231,167,14,42,http://stload.se.ifmo.ru:8080/?token=518477874&user=-1355069478&config=3,1262,0,0
1776025806936,1358,config 2 request,200,OK,config 2 2-12,text,false,"The operation lasted too long: It took 1,358 milliseconds, but should not have lasted longer than 775 milliseconds.",231,167,14,42,http://stload.se.ifmo.ru:8080/?token=518477874&user=-1355069478&config=2,1358,0,0
1776025806937,1357,config 2 request,200,OK,config 2 2-9,text,false,"The operation lasted too long: It took 1,357 milliseconds, but should not have lasted longer than 775 milliseconds.",231,167,14,42,http://stload.se.ifmo.ru:8080/?token=518477874&user=-1355069478&config=2,1357,0,0
1776025807249,1267,config 3 request,200,OK,config 3 3-2,text,false,"The operation lasted too long: It took 1,267 milliseconds, but should not have lasted longer than 775 milliseconds.",231,167,14,42,http://stload.se.ifmo.ru:8080/?token=518477874&user=-1355069478&config=3,1267,0,0
1776025807243,1273,config 3 request,200,OK,config 3 3-5,text,false,"The operation lasted too long: It took 1,273 milliseconds, but should not have lasted longer than 775 milliseconds.",231,167,14,42,http://stload.se.ifmo.ru:8080/?token=518477874&user=-1355069478&config=3,1273,0,0
1776025807248,1269,config 3 request,200,OK,config 3 3-8,text,false,"The operation lasted too long: It took 1,269 milliseconds, but should not have lasted longer than 775 milliseconds.",231,167,14,42,http://stload.se.ifmo.ru:8080/?token=518477874&user=-1355069478&config=3,1269,0,0
1776025807242,1314,config 3 request,200,OK,config 3 3-14,text,false,"The operation lasted too long: It took 1,314 milliseconds, but should not have lasted longer than 775 milliseconds.",231,167,14,42,http://stload.se.ifmo.ru:8080/?token=518477874&user=-1355069478&config=3,1314,0,0
1776025807101,1455,config 2 request,200,OK,config 2 2-3,text,false,"The operation lasted too long: It took 1,455 milliseconds, but should not have lasted longer than 775 milliseconds.",231,167,14,42,http://stload.se.ifmo.ru:8080/?token=518477874&user=-1355069478&config=2,1455,0,0
1776025807101,1455,config 2 request,200,OK,config 2 2-6,text,false,"The operation lasted too long: It took 1,455 milliseconds, but should not have lasted longer than 775 milliseconds.",231,167,14,42,http://stload.se.ifmo.ru:8080/?token=518477874&user=-1355069478&config=2,1455,0,0
1776025807233,1423,config 2 request,200,OK,config 2 2-8,text,false,"The operation lasted too long: It took 1,423 milliseconds, but should not have lasted longer than 775 milliseconds.",231,167,14,42,http://stload.se.ifmo.ru:8080/?token=518477874&user=-1355069478&config=2,1423,0,0
1776025807261,1395,config 3 request,200,OK,config 3 3-11,text,false,"The operation lasted too long: It took 1,395 milliseconds, but should not have lasted longer than 775 milliseconds.",231,167,14,42,http://stload.se.ifmo.ru:8080/?token=518477874&user=-1355069478&config=3,1395,0,0
1776025807239,1417,config 2 request,200,OK,config 2 2-14,text,false,"The operation lasted too long: It took 1,417 milliseconds, but should not have lasted longer than 775 milliseconds.",231,167,14,42,http://stload.se.ifmo.ru:8080/?token=518477874&user=-1355069478&config=2,1417,0,0
1776025807743,1096,config 3 request,200,OK,config 3 3-4,text,false,"The operation lasted too long: It took 1,096 milliseconds, but should not have lasted longer than 775 milliseconds.",231,167,14,42,http://stload.se.ifmo.ru:8080/?token=518477874&user=-1355069478&config=3,1095,0,0
1776025807752,1128,config 3 request,200,OK,config 3 3-7,text,false,"The operation lasted too long: It took 1,128 milliseconds, but should not have lasted longer than 775 milliseconds.",231,167,14,42,http://stload.se.ifmo.ru:8080/?token=518477874&user=-1355069478&config=3,1128,0,0
1776025807752,1330,config 3 request,200,OK,config 3 3-13,text,false,"The operation lasted too long: It took 1,330 milliseconds, but should not have lasted longer than 775 milliseconds.",231,167,14,42,http://stload.se.ifmo.ru:8080/?token=518477874&user=-1355069478&config=3,1330,0,0
1776025807826,1275,config 3 request,200,OK,config 3 3-10,text,false,"The operation lasted too long: It took 1,275 milliseconds, but should not have lasted longer than 775 milliseconds.",231,167,14,42,http://stload.se.ifmo.ru:8080/?token=518477874&user=-1355069478&config=3,1275,0,0
1776025807454,1648,config 2 request,200,OK,config 2 2-5,text,false,"The operation lasted too long: It took 1,648 milliseconds, but should not have lasted longer than 775 milliseconds.",231,167,14,42,http://stload.se.ifmo.ru:8080/?token=518477874&user=-1355069478&config=2,1648,0,0
1776025807454,1647,config 2 request,200,OK,config 2 2-11,text,false,"The operation lasted too long: It took 1,647 milliseconds, but should not have lasted longer than 775 milliseconds.",231,167,14,42,http://stload.se.ifmo.ru:8080/?token=518477874&user=-1355069478&config=2,1647,0,0
1776025807752,1412,config 2 request,200,OK,config 2 2-2,text,false,"The operation lasted too long: It took 1,412 milliseconds, but should not have lasted longer than 775 milliseconds.",231,167,14,42,http://stload.se.ifmo.ru:8080/?token=518477874&user=-1355069478&config=2,1412,0,0
1776025807878,1473,config 2 request,200,OK,config 2 2-10,text,false,"The operation lasted too long: It took 1,473 milliseconds, but should not have lasted longer than 775 milliseconds.",231,167,14,42,http://stload.se.ifmo.ru:8080/?token=518477874&user=-1355069478&config=2,1473,0,0
1776025807817,1533,config 2 request,200,OK,config 2 2-4,text,false,"The operation lasted too long: It took 1,533 milliseconds, but should not have lasted longer than 775 milliseconds.",231,167,14,42,http://stload.se.ifmo.ru:8080/?token=518477874&user=-1355069478&config=2,1533,0,0
1776025808027,1323,config 3 request,200,OK,config 3 3-1,text,false,"The operation lasted too long: It took 1,323 milliseconds, but should not have lasted longer than 775 milliseconds.",231,167,14,42,http://stload.se.ifmo.ru:8080/?token=518477874&user=-1355069478&config=3,1323,0,0
1776025807949,1495,config 2 request,200,OK,config 2 2-13,text,false,"The operation lasted too long: It took 1,495 milliseconds, but should not have lasted longer than 775 milliseconds.",231,167,14,42,http://stload.se.ifmo.ru:8080/?token=518477874&user=-1355069478&config=2,1494,0,0
1776025808248,1196,config 3 request,200,OK,config 3 3-9,text,false,"The operation lasted too long: It took 1,196 milliseconds, but should not have lasted longer than 775 milliseconds.",231,167,14,42,http://stload.se.ifmo.ru:8080/?token=518477874&user=-1355069478&config=3,1195,0,0
1776025808436,1221,config 3 request,200,OK,config 3 3-3,text,false,"The operation lasted too long: It took 1,221 milliseconds, but should not have lasted longer than 775 milliseconds.",231,167,14,42,http://stload.se.ifmo.ru:8080/?token=518477874&user=-1355069478&config=3,1221,0,0
1776025808202,1455,config 2 request,200,OK,config 2 2-7,text,false,"The operation lasted too long: It took 1,455 milliseconds, but should not have lasted longer than 775 milliseconds.",231,167,14,42,http://stload.se.ifmo.ru:8080/?token=518477874&user=-1355069478&config=2,1455,0,0
1776025808436,1221,config 3 request,200,OK,config 3 3-6,text,false,"The operation lasted too long: It took 1,221 milliseconds, but should not have lasted longer than 775 milliseconds.",231,167,14,42,http://stload.se.ifmo.ru:8080/?token=518477874&user=-1355069478&config=3,1221,0,0
1776025808412,1245,config 3 request,200,OK,config 3 3-12,text,false,"The operation lasted too long: It took 1,245 milliseconds, but should not have lasted longer than 775 milliseconds.",231,167,14,42,http://stload.se.ifmo.ru:8080/?token=518477874&user=-1355069478&config=3,1245,0,0
1776025808286,1444,config 2 request,200,OK,config 2 2-1,text,false,"The operation lasted too long: It took 1,444 milliseconds, but should not have lasted longer than 775 milliseconds.",231,167,14,42,http://stload.se.ifmo.ru:8080/?token=518477874&user=-1355069478&config=2,1444,0,0
1776025808436,1341,config 2 request,200,OK,config 2 2-12,text,false,"The operation lasted too long: It took 1,341 milliseconds, but should not have lasted longer than 775 milliseconds.",231,167,14,42,http://stload.se.ifmo.ru:8080/?token=518477874&user=-1355069478&config=2,1341,0,0
1776025808436,1387,config 2 request,200,OK,config 2 2-9,text,false,"The operation lasted too long: It took 1,387 milliseconds, but should not have lasted longer than 775 milliseconds.",231,167,14,42,http://stload.se.ifmo.ru:8080/?token=518477874&user=-1355069478&config=2,1387,0,0
1776025808600,1377,config 2 request,200,OK,config 2 2-3,text,false,"The operation lasted too long: It took 1,377 milliseconds, but should not have lasted longer than 775 milliseconds.",231,167,14,42,http://stload.se.ifmo.ru:8080/?token=518477874&user=-1355069478&config=2,1377,0,0
1776025808742,1235,config 3 request,200,OK,config 3 3-14,text,false,"The operation lasted too long: It took 1,235 milliseconds, but should not have lasted longer than 775 milliseconds.",231,167,14,42,http://stload.se.ifmo.ru:8080/?token=518477874&user=-1355069478&config=3,1235,0,0
1776025808597,1380,config 2 request,200,OK,config 2 2-6,text,false,"The operation lasted too long: It took 1,380 milliseconds, but should not have lasted longer than 775 milliseconds.",231,167,14,42,http://stload.se.ifmo.ru:8080/?token=518477874&user=-1355069478&config=2,1380,0,0
1776025808742,1235,config 3 request,200,OK,config 3 3-5,text,false,"The operation lasted too long: It took 1,235 milliseconds, but should not have lasted longer than 775 milliseconds.",231,167,14,42,http://stload.se.ifmo.ru:8080/?token=518477874&user=-1355069478&config=3,1235,0,0
1776025808743,1275,config 3 request,200,OK,config 3 3-8,text,false,"The operation lasted too long: It took 1,275 milliseconds, but should not have lasted longer than 775 milliseconds.",231,167,14,42,http://stload.se.ifmo.ru:8080/?token=518477874&user=-1355069478&config=3,1274,0,0
1776025808752,1306,config 3 request,200,OK,config 3 3-2,text,false,"The operation lasted too long: It took 1,306 milliseconds, but should not have lasted longer than 775 milliseconds.",231,167,14,42,http://stload.se.ifmo.ru:8080/?token=518477874&user=-1355069478&config=3,1306,0,0
1776025808736,1322,config 2 request,200,OK,config 2 2-14,text,false,"The operation lasted too long: It took 1,322 milliseconds, but should not have lasted longer than 775 milliseconds.",231,167,14,42,http://stload.se.ifmo.ru:8080/?token=518477874&user=-1355069478&config=2,1322,0,0
1776025808762,1390,config 3 request,200,OK,config 3 3-11,text,false,"The operation lasted too long: It took 1,390 milliseconds, but should not have lasted longer than 775 milliseconds.",231,167,14,42,http://stload.se.ifmo.ru:8080/?token=518477874&user=-1355069478&config=3,1390,0,0
1776025808735,1417,config 2 request,200,OK,config 2 2-8,text,false,"The operation lasted too long: It took 1,417 milliseconds, but should not have lasted longer than 775 milliseconds.",231,167,14,42,http://stload.se.ifmo.ru:8080/?token=518477874&user=-1355069478&config=2,1417,0,0
1776025809241,1469,config 3 request,200,OK,config 3 3-4,text,false,"The operation lasted too long: It took 1,469 milliseconds, but should not have lasted longer than 775 milliseconds.",231,167,14,42,http://stload.se.ifmo.ru:8080/?token=518477874&user=-1355069478&config=3,1469,0,0
1776025809256,1473,config 3 request,200,OK,config 3 3-7,text,false,"The operation lasted too long: It took 1,473 milliseconds, but should not have lasted longer than 775 milliseconds.",231,167,14,42,http://stload.se.ifmo.ru:8080/?token=518477874&user=-1355069478&config=3,1473,0,0
1776025809102,1627,config 2 request,200,OK,config 2 2-11,text,false,"The operation lasted too long: It took 1,627 milliseconds, but should not have lasted longer than 775 milliseconds.",231,167,14,42,http://stload.se.ifmo.ru:8080/?token=518477874&user=-1355069478&config=2,1627,0,0
1776025809253,1487,config 3 request,200,OK,config 3 3-13,text,false,"The operation lasted too long: It took 1,487 milliseconds, but should not have lasted longer than 775 milliseconds.",231,167,14,42,http://stload.se.ifmo.ru:8080/?token=518477874&user=-1355069478&config=3,1487,0,0
1776025809525,1266,config 3 request,200,OK,config 3 3-1,text,false,"The operation lasted too long: It took 1,266 milliseconds, but should not have lasted longer than 775 milliseconds.",231,167,14,42,http://stload.se.ifmo.ru:8080/?token=518477874&user=-1355069478&config=3,1266,0,0
1776025809102,1690,config 2 request,200,OK,config 2 2-5,text,false,"The operation lasted too long: It took 1,690 milliseconds, but should not have lasted longer than 775 milliseconds.",231,167,14,42,http://stload.se.ifmo.ru:8080/?token=518477874&user=-1355069478&config=2,1690,0,0
1776025809253,1538,config 2 request,200,OK,config 2 2-2,text,false,"The operation lasted too long: It took 1,538 milliseconds, but should not have lasted longer than 775 milliseconds.",231,167,14,42,http://stload.se.ifmo.ru:8080/?token=518477874&user=-1355069478&config=2,1538,0,0
1776025809331,1460,config 3 request,200,OK,config 3 3-10,text,false,"The operation lasted too long: It took 1,460 milliseconds, but should not have lasted longer than 775 milliseconds.",231,167,14,42,http://stload.se.ifmo.ru:8080/?token=518477874&user=-1355069478&config=3,1460,0,0
1776025809381,1461,config 2 request,200,OK,config 2 2-10,text,false,"The operation lasted too long: It took 1,461 milliseconds, but should not have lasted longer than 775 milliseconds.",231,167,14,42,http://stload.se.ifmo.ru:8080/?token=518477874&user=-1355069478&config=2,1461,0,0
1776025809351,1492,config 2 request,200,OK,config 2 2-4,text,false,"The operation lasted too long: It took 1,492 milliseconds, but should not have lasted longer than 775 milliseconds.",231,167,14,42,http://stload.se.ifmo.ru:8080/?token=518477874&user=-1355069478&config=2,1492,0,0
1776025809748,1095,config 3 request,200,OK,config 3 3-9,text,false,"The operation lasted too long: It took 1,095 milliseconds, but should not have lasted longer than 775 milliseconds.",231,167,14,42,http://stload.se.ifmo.ru:8080/?token=518477874&user=-1355069478&config=3,1095,0,0
1776025809444,1494,config 2 request,200,OK,config 2 2-13,text,false,"The operation lasted too long: It took 1,494 milliseconds, but should not have lasted longer than 775 milliseconds.",231,167,14,42,http://stload.se.ifmo.ru:8080/?token=518477874&user=-1355069478&config=2,1494,0,0
1776025809916,1060,config 3 request,200,OK,config 3 3-12,text,false,"The operation lasted too long: It took 1,060 milliseconds, but should not have lasted longer than 775 milliseconds.",231,167,14,42,http://stload.se.ifmo.ru:8080/?token=518477874&user=-1355069478&config=3,1060,0,0
1776025809937,1214,config 3 request,200,OK,config 3 3-6,text,false,"The operation lasted too long: It took 1,214 milliseconds, but should not have lasted longer than 775 milliseconds.",231,167,14,42,http://stload.se.ifmo.ru:8080/?token=518477874&user=-1355069478&config=3,1214,0,0
1776025809704,1447,config 2 request,200,OK,config 2 2-7,text,false,"The operation lasted too long: It took 1,447 milliseconds, but should not have lasted longer than 775 milliseconds.",231,167,14,42,http://stload.se.ifmo.ru:8080/?token=518477874&user=-1355069478&config=2,1447,0,0
1776025809787,1364,config 2 request,200,OK,config 2 2-1,text,false,"The operation lasted too long: It took 1,364 milliseconds, but should not have lasted longer than 775 milliseconds.",231,167,14,42,http://stload.se.ifmo.ru:8080/?token=518477874&user=-1355069478&config=2,1364,0,0
1776025809937,1462,config 2 request,200,OK,config 2 2-12,text,false,"The operation lasted too long: It took 1,462 milliseconds, but should not have lasted longer than 775 milliseconds.",231,167,14,42,http://stload.se.ifmo.ru:8080/?token=518477874&user=-1355069478&config=2,1462,0,0
1776025809940,1459,config 3 request,200,OK,config 3 3-3,text,false,"The operation lasted too long: It took 1,459 milliseconds, but should not have lasted longer than 775 milliseconds.",231,167,14,42,http://stload.se.ifmo.ru:8080/?token=518477874&user=-1355069478&config=3,1459,0,0
1776025809940,1465,config 2 request,200,OK,config 2 2-9,text,false,"The operation lasted too long: It took 1,465 milliseconds, but should not have lasted longer than 775 milliseconds.",231,167,14,42,http://stload.se.ifmo.ru:8080/?token=518477874&user=-1355069478&config=2,1465,0,0
1776025810100,1330,config 2 request,200,OK,config 2 2-3,text,false,"The operation lasted too long: It took 1,330 milliseconds, but should not have lasted longer than 775 milliseconds.",231,167,14,42,http://stload.se.ifmo.ru:8080/?token=518477874&user=-1355069478&config=2,1330,0,0
1776025810100,1380,config 2 request,200,OK,config 2 2-6,text,false,"The operation lasted too long: It took 1,380 milliseconds, but should not have lasted longer than 775 milliseconds.",231,167,14,42,http://stload.se.ifmo.ru:8080/?token=518477874&user=-1355069478&config=2,1380,0,0
1776025810242,1238,config 3 request,200,OK,config 3 3-8,text,false,"The operation lasted too long: It took 1,238 milliseconds, but should not have lasted longer than 775 milliseconds.",231,167,14,42,http://stload.se.ifmo.ru:8080/?token=518477874&user=-1355069478&config=3,1238,0,0
1776025810238,1283,config 3 request,200,OK,config 3 3-5,text,false,"The operation lasted too long: It took 1,283 milliseconds, but should not have lasted longer than 775 milliseconds.",231,167,14,42,http://stload.se.ifmo.ru:8080/?token=518477874&user=-1355069478&config=3,1283,0,0
1776025810237,1326,config 3 request,200,OK,config 3 3-14,text,false,"The operation lasted too long: It took 1,326 milliseconds, but should not have lasted longer than 775 milliseconds.",231,167,14,42,http://stload.se.ifmo.ru:8080/?token=518477874&user=-1355069478&config=3,1326,0,0
1776025810250,1363,config 3 request,200,OK,config 3 3-2,text,false,"The operation lasted too long: It took 1,363 milliseconds, but should not have lasted longer than 775 milliseconds.",231,167,14,42,http://stload.se.ifmo.ru:8080/?token=518477874&user=-1355069478&config=3,1363,0,0
1776025810232,1381,config 2 request,200,OK,config 2 2-8,text,false,"The operation lasted too long: It took 1,381 milliseconds, but should not have lasted longer than 775 milliseconds.",231,167,14,42,http://stload.se.ifmo.ru:8080/?token=518477874&user=-1355069478&config=2,1381,0,0
1776025810262,1433,config 3 request,200,OK,config 3 3-11,text,false,"The operation lasted too long: It took 1,433 milliseconds, but should not have lasted longer than 775 milliseconds.",231,167,14,42,http://stload.se.ifmo.ru:8080/?token=518477874&user=-1355069478&config=3,1433,0,0
1776025810742,1152,config 3 request,200,OK,config 3 3-4,text,false,"The operation lasted too long: It took 1,152 milliseconds, but should not have lasted longer than 775 milliseconds.",231,167,14,42,http://stload.se.ifmo.ru:8080/?token=518477874&user=-1355069478&config=3,1152,0,0
1776025810753,1141,config 3 request,200,OK,config 3 3-7,text,false,"The operation lasted too long: It took 1,141 milliseconds, but should not have lasted longer than 775 milliseconds.",231,167,14,42,http://stload.se.ifmo.ru:8080/?token=518477874&user=-1355069478&config=3,1141,0,0
1776025810237,1657,config 2 request,200,OK,config 2 2-14,text,false,"The operation lasted too long: It took 1,657 milliseconds, but should not have lasted longer than 775 milliseconds.",231,167,14,42,http://stload.se.ifmo.ru:8080/?token=518477874&user=-1355069478&config=2,1657,0,0
1776025810755,1274,config 3 request,200,OK,config 3 3-13,text,false,"The operation lasted too long: It took 1,274 milliseconds, but should not have lasted longer than 775 milliseconds.",231,167,14,42,http://stload.se.ifmo.ru:8080/?token=518477874&user=-1355069478&config=3,1274,0,0
1776025810830,1199,config 3 request,200,OK,config 3 3-10,text,false,"The operation lasted too long: It took 1,199 milliseconds, but should not have lasted longer than 775 milliseconds.",231,167,14,42,http://stload.se.ifmo.ru:8080/?token=518477874&user=-1355069478&config=3,1199,0,0
1776025810740,1321,config 2 request,200,OK,config 2 2-11,text,false,"The operation lasted too long: It took 1,321 milliseconds, but should not have lasted longer than 775 milliseconds.",231,167,14,42,http://stload.se.ifmo.ru:8080/?token=518477874&user=-1355069478&config=2,1320,0,0
1776025810792,1506,config 2 request,200,OK,config 2 2-2,text,false,"The operation lasted too long: It took 1,506 milliseconds, but should not have lasted longer than 775 milliseconds.",231,167,14,42,http://stload.se.ifmo.ru:8080/?token=518477874&user=-1355069478&config=2,1506,0,0
1776025810882,1416,config 2 request,200,OK,config 2 2-10,text,false,"The operation lasted too long: It took 1,416 milliseconds, but should not have lasted longer than 775 milliseconds.",231,167,14,42,http://stload.se.ifmo.ru:8080/?token=518477874&user=-1355069478&config=2,1416,0,0
1776025810792,1506,config 2 request,200,OK,config 2 2-5,text,false,"The operation lasted too long: It took 1,506 milliseconds, but should not have lasted longer than 775 milliseconds.",231,167,14,42,http://stload.se.ifmo.ru:8080/?token=518477874&user=-1355069478&config=2,1506,0,0
1776025810853,1445,config 2 request,200,OK,config 2 2-4,text,false,"The operation lasted too long: It took 1,445 milliseconds, but should not have lasted longer than 775 milliseconds.",231,167,14,42,http://stload.se.ifmo.ru:8080/?token=518477874&user=-1355069478&config=2,1445,0,0
1776025811024,1355,config 3 request,200,OK,config 3 3-1,text,false,"The operation lasted too long: It took 1,355 milliseconds, but should not have lasted longer than 775 milliseconds.",231,167,14,42,http://stload.se.ifmo.ru:8080/?token=518477874&user=-1355069478&config=3,1355,0,0
1776025810946,1567,config 2 request,200,OK,config 2 2-13,text,false,"The operation lasted too long: It took 1,567 milliseconds, but should not have lasted longer than 775 milliseconds.",231,167,14,42,http://stload.se.ifmo.ru:8080/?token=518477874&user=-1355069478&config=2,1567,0,0
1776025811243,1269,config 3 request,200,OK,config 3 3-9,text,false,"The operation lasted too long: It took 1,269 milliseconds, but should not have lasted longer than 775 milliseconds.",231,167,14,42,http://stload.se.ifmo.ru:8080/?token=518477874&user=-1355069478&config=3,1269,0,0
1776025811437,1116,config 3 request,200,OK,config 3 3-6,text,false,"The operation lasted too long: It took 1,116 milliseconds, but should not have lasted longer than 775 milliseconds.",231,167,14,42,http://stload.se.ifmo.ru:8080/?token=518477874&user=-1355069478&config=3,1116,0,0
1776025811438,1115,config 3 request,200,OK,config 3 3-3,text,false,"The operation lasted too long: It took 1,115 milliseconds, but should not have lasted longer than 775 milliseconds.",231,167,14,42,http://stload.se.ifmo.ru:8080/?token=518477874&user=-1355069478&config=3,1115,0,0
1776025811414,1139,config 3 request,200,OK,config 3 3-12,text,false,"The operation lasted too long: It took 1,139 milliseconds, but should not have lasted longer than 775 milliseconds.",231,167,14,42,http://stload.se.ifmo.ru:8080/?token=518477874&user=-1355069478&config=3,1139,0,0
1776025811285,1458,config 2 request,200,OK,config 2 2-1,text,false,"The operation lasted too long: It took 1,458 milliseconds, but should not have lasted longer than 775 milliseconds.",231,167,14,42,http://stload.se.ifmo.ru:8080/?token=518477874&user=-1355069478&config=2,1458,0,0
1776025811202,1541,config 2 request,200,OK,config 2 2-7,text,false,"The operation lasted too long: It took 1,541 milliseconds, but should not have lasted longer than 775 milliseconds.",231,167,14,42,http://stload.se.ifmo.ru:8080/?token=518477874&user=-1355069478&config=2,1541,0,0
1776025811437,1347,config 2 request,200,OK,config 2 2-12,text,false,"The operation lasted too long: It took 1,347 milliseconds, but should not have lasted longer than 775 milliseconds.",231,167,14,42,http://stload.se.ifmo.ru:8080/?token=518477874&user=-1355069478&config=2,1347,0,0
1776025811437,1347,config 2 request,200,OK,config 2 2-9,text,false,"The operation lasted too long: It took 1,347 milliseconds, but should not have lasted longer than 775 milliseconds.",231,167,14,42,http://stload.se.ifmo.ru:8080/?token=518477874&user=-1355069478&config=2,1347,0,0
1776025811739,1139,config 3 request,200,OK,config 3 3-14,text,false,"The operation lasted too long: It took 1,139 milliseconds, but should not have lasted longer than 775 milliseconds.",231,167,14,42,http://stload.se.ifmo.ru:8080/?token=518477874&user=-1355069478&config=3,1139,0,0
1776025811601,1332,config 2 request,200,OK,config 2 2-6,text,false,"The operation lasted too long: It took 1,332 milliseconds, but should not have lasted longer than 775 milliseconds.",231,167,14,42,http://stload.se.ifmo.ru:8080/?token=518477874&user=-1355069478&config=2,1332,0,0
1776025811739,1235,config 3 request,200,OK,config 3 3-5,text,false,"The operation lasted too long: It took 1,235 milliseconds, but should not have lasted longer than 775 milliseconds.",231,167,14,42,http://stload.se.ifmo.ru:8080/?token=518477874&user=-1355069478&config=3,1235,0,0
1776025811746,1228,config 3 request,200,OK,config 3 3-8,text,false,"The operation lasted too long: It took 1,228 milliseconds, but should not have lasted longer than 775 milliseconds.",231,167,14,42,http://stload.se.ifmo.ru:8080/?token=518477874&user=-1355069478&config=3,1228,0,0
1776025811749,1264,config 3 request,200,OK,config 3 3-2,text,false,"The operation lasted too long: It took 1,264 milliseconds, but should not have lasted longer than 775 milliseconds.",231,167,14,42,http://stload.se.ifmo.ru:8080/?token=518477874&user=-1355069478&config=3,1264,0,0
1776025811595,1418,config 2 request,200,OK,config 2 2-3,text,false,"The operation lasted too long: It took 1,418 milliseconds, but should not have lasted longer than 775 milliseconds.",231,167,14,42,http://stload.se.ifmo.ru:8080/?token=518477874&user=-1355069478&config=2,1418,0,0
1776025811764,1527,config 3 request,200,OK,config 3 3-11,text,false,"The operation lasted too long: It took 1,527 milliseconds, but should not have lasted longer than 775 milliseconds.",231,167,14,42,http://stload.se.ifmo.ru:8080/?token=518477874&user=-1355069478&config=3,1527,0,0
1776025811733,1558,config 2 request,200,OK,config 2 2-8,text,false,"The operation lasted too long: It took 1,558 milliseconds, but should not have lasted longer than 775 milliseconds.",231,167,14,42,http://stload.se.ifmo.ru:8080/?token=518477874&user=-1355069478&config=2,1558,0,0
1776025812253,1124,config 3 request,200,OK,config 3 3-13,text,false,"The operation lasted too long: It took 1,124 milliseconds, but should not have lasted longer than 775 milliseconds.",231,167,14,42,http://stload.se.ifmo.ru:8080/?token=518477874&user=-1355069478&config=3,1124,0,0
1776025812256,1214,config 3 request,200,OK,config 3 3-7,text,false,"The operation lasted too long: It took 1,214 milliseconds, but should not have lasted longer than 775 milliseconds.",231,167,14,42,http://stload.se.ifmo.ru:8080/?token=518477874&user=-1355069478&config=3,1214,0,0
1776025812241,1229,config 3 request,200,OK,config 3 3-4,text,false,"The operation lasted too long: It took 1,229 milliseconds, but should not have lasted longer than 775 milliseconds.",231,167,14,42,http://stload.se.ifmo.ru:8080/?token=518477874&user=-1355069478&config=3,1229,0,0
1776025811894,1770,config 2 request,200,OK,config 2 2-14,text,false,"The operation lasted too long: It took 1,770 milliseconds, but should not have lasted longer than 775 milliseconds.",231,167,14,42,http://stload.se.ifmo.ru:8080/?token=518477874&user=-1355069478&config=2,1770,0,0
1776025812239,1465,config 2 request,200,OK,config 2 2-11,text,false,"The operation lasted too long: It took 1,465 milliseconds, but should not have lasted longer than 775 milliseconds.",231,167,14,42,http://stload.se.ifmo.ru:8080/?token=518477874&user=-1355069478&config=2,1465,0,0
1776025812298,1406,config 2 request,200,OK,config 2 2-5,text,false,"The operation lasted too long: It took 1,406 milliseconds, but should not have lasted longer than 775 milliseconds.",231,167,14,42,http://stload.se.ifmo.ru:8080/?token=518477874&user=-1355069478&config=2,1406,0,0
1776025812330,1374,config 3 request,200,OK,config 3 3-10,text,false,"The operation lasted too long: It took 1,374 milliseconds, but should not have lasted longer than 775 milliseconds.",231,167,14,42,http://stload.se.ifmo.ru:8080/?token=518477874&user=-1355069478&config=3,1374,0,0
1776025812298,1407,config 2 request,200,OK,config 2 2-2,text,false,"The operation lasted too long: It took 1,407 milliseconds, but should not have lasted longer than 775 milliseconds.",231,167,14,42,http://stload.se.ifmo.ru:8080/?token=518477874&user=-1355069478&config=2,1407,0,0
1776025812354,1495,config 2 request,200,OK,config 2 2-4,text,false,"The operation lasted too long: It took 1,495 milliseconds, but should not have lasted longer than 775 milliseconds.",231,167,14,42,http://stload.se.ifmo.ru:8080/?token=518477874&user=-1355069478&config=2,1495,0,0
1776025812523,1327,config 3 request,200,OK,config 3 3-1,text,false,"The operation lasted too long: It took 1,327 milliseconds, but should not have lasted longer than 775 milliseconds.",231,167,14,42,http://stload.se.ifmo.ru:8080/?token=518477874&user=-1355069478&config=3,1327,0,0
1776025812380,1470,config 2 request,200,OK,config 2 2-10,text,false,"The operation lasted too long: It took 1,470 milliseconds, but should not have lasted longer than 775 milliseconds.",231,167,14,42,http://stload.se.ifmo.ru:8080/?token=518477874&user=-1355069478&config=2,1470,0,0
1776025812745,1145,config 3 request,200,OK,config 3 3-9,text,false,"The operation lasted too long: It took 1,145 milliseconds, but should not have lasted longer than 775 milliseconds.",231,167,14,42,http://stload.se.ifmo.ru:8080/?token=518477874&user=-1355069478&config=3,1145,0,0
1776025812911,1115,config 3 request,200,OK,config 3 3-12,text,false,"The operation lasted too long: It took 1,115 milliseconds, but should not have lasted longer than 775 milliseconds.",231,167,14,42,http://stload.se.ifmo.ru:8080/?token=518477874&user=-1355069478&config=3,1115,0,0
1776025812934,1303,config 3 request,200,OK,config 3 3-3,text,false,"The operation lasted too long: It took 1,303 milliseconds, but should not have lasted longer than 775 milliseconds.",231,167,14,42,http://stload.se.ifmo.ru:8080/?token=518477874&user=-1355069478&config=3,1303,0,0
1776025812744,1493,config 2 request,200,OK,config 2 2-7,text,false,"The operation lasted too long: It took 1,493 milliseconds, but should not have lasted longer than 775 milliseconds.",231,167,14,42,http://stload.se.ifmo.ru:8080/?token=518477874&user=-1355069478&config=2,1493,0,0
1776025812512,1725,config 2 request,200,OK,config 2 2-13,text,false,"The operation lasted too long: It took 1,725 milliseconds, but should not have lasted longer than 775 milliseconds.",231,167,14,42,http://stload.se.ifmo.ru:8080/?token=518477874&user=-1355069478&config=2,1725,0,0
1776025812785,1452,config 2 request,200,OK,config 2 2-1,text,false,"The operation lasted too long: It took 1,452 milliseconds, but should not have lasted longer than 775 milliseconds.",231,167,14,42,http://stload.se.ifmo.ru:8080/?token=518477874&user=-1355069478&config=2,1452,0,0
1776025812936,1332,config 3 request,200,OK,config 3 3-6,text,false,"The operation lasted too long: It took 1,332 milliseconds, but should not have lasted longer than 775 milliseconds.",231,167,14,42,http://stload.se.ifmo.ru:8080/?token=518477874&user=-1355069478&config=3,1332,0,0
1776025813239,1122,config 3 request,200,OK,config 3 3-5,text,false,"The operation lasted too long: It took 1,122 milliseconds, but should not have lasted longer than 775 milliseconds.",231,167,14,42,http://stload.se.ifmo.ru:8080/?token=518477874&user=-1355069478&config=3,1122,0,0
1776025812934,1468,config 2 request,200,OK,config 2 2-9,text,false,"The operation lasted too long: It took 1,468 milliseconds, but should not have lasted longer than 775 milliseconds.",231,167,14,42,http://stload.se.ifmo.ru:8080/?token=518477874&user=-1355069478&config=2,1468,0,0
1776025813237,1165,config 3 request,200,OK,config 3 3-14,text,false,"The operation lasted too long: It took 1,165 milliseconds, but should not have lasted longer than 775 milliseconds.",231,167,14,42,http://stload.se.ifmo.ru:8080/?token=518477874&user=-1355069478&config=3,1165,0,0
1776025813243,1159,config 3 request,200,OK,config 3 3-8,text,false,"The operation lasted too long: It took 1,159 milliseconds, but should not have lasted longer than 775 milliseconds.",231,167,14,42,http://stload.se.ifmo.ru:8080/?token=518477874&user=-1355069478&config=3,1159,0,0
1776025813099,1315,config 2 request,200,OK,config 2 2-3,text,false,"The operation lasted too long: It took 1,315 milliseconds, but should not have lasted longer than 775 milliseconds.",231,167,14,42,http://stload.se.ifmo.ru:8080/?token=518477874&user=-1355069478&config=2,1314,0,0
1776025812937,1477,config 2 request,200,OK,config 2 2-12,text,false,"The operation lasted too long: It took 1,477 milliseconds, but should not have lasted longer than 775 milliseconds.",231,167,14,42,http://stload.se.ifmo.ru:8080/?token=518477874&user=-1355069478&config=2,1476,0,0
1776025813292,1161,config 3 request,200,OK,config 3 3-11,text,false,"The operation lasted too long: It took 1,161 milliseconds, but should not have lasted longer than 775 milliseconds.",231,167,14,42,http://stload.se.ifmo.ru:8080/?token=518477874&user=-1355069478&config=3,1161,0,0
1776025813098,1355,config 2 request,200,OK,config 2 2-6,text,false,"The operation lasted too long: It took 1,355 milliseconds, but should not have lasted longer than 775 milliseconds.",231,167,14,42,http://stload.se.ifmo.ru:8080/?token=518477874&user=-1355069478&config=2,1355,0,0
1776025813248,1205,config 3 request,200,OK,config 3 3-2,text,false,"The operation lasted too long: It took 1,205 milliseconds, but should not have lasted longer than 775 milliseconds.",231,167,14,42,http://stload.se.ifmo.ru:8080/?token=518477874&user=-1355069478&config=3,1205,0,0
1776025813752,1135,config 3 request,200,OK,config 3 3-7,text,false,"The operation lasted too long: It took 1,135 milliseconds, but should not have lasted longer than 775 milliseconds.",231,167,14,42,http://stload.se.ifmo.ru:8080/?token=518477874&user=-1355069478&config=3,1135,0,0
1776025813743,1144,config 3 request,200,OK,config 3 3-4,text,false,"The operation lasted too long: It took 1,144 milliseconds, but should not have lasted longer than 775 milliseconds.",231,167,14,42,http://stload.se.ifmo.ru:8080/?token=518477874&user=-1355069478&config=3,1144,0,0
1776025813292,1595,config 2 request,200,OK,config 2 2-8,text,false,"The operation lasted too long: It took 1,595 milliseconds, but should not have lasted longer than 775 milliseconds.",231,167,14,42,http://stload.se.ifmo.ru:8080/?token=518477874&user=-1355069478&config=2,1595,0,0
1776025813755,1132,config 3 request,200,OK,config 3 3-13,text,false,"The operation lasted too long: It took 1,132 milliseconds, but should not have lasted longer than 775 milliseconds.",231,167,14,42,http://stload.se.ifmo.ru:8080/?token=518477874&user=-1355069478&config=3,1132,0,0
1776025813664,1355,config 2 request,200,OK,config 2 2-14,text,false,"The operation lasted too long: It took 1,355 milliseconds, but should not have lasted longer than 775 milliseconds.",231,167,14,42,http://stload.se.ifmo.ru:8080/?token=518477874&user=-1355069478&config=2,1355,0,0
1776025813740,1513,config 2 request,200,OK,config 2 2-11,text,false,"The operation lasted too long: It took 1,513 milliseconds, but should not have lasted longer than 775 milliseconds.",231,167,14,42,http://stload.se.ifmo.ru:8080/?token=518477874&user=-1355069478&config=2,1513,0,0
1776025813829,1424,config 3 request,200,OK,config 3 3-10,text,false,"The operation lasted too long: It took 1,424 milliseconds, but should not have lasted longer than 775 milliseconds.",231,167,14,42,http://stload.se.ifmo.ru:8080/?token=518477874&user=-1355069478&config=3,1424,0,0
1776025813801,1453,config 2 request,200,OK,config 2 2-5,text,false,"The operation lasted too long: It took 1,453 milliseconds, but should not have lasted longer than 775 milliseconds.",231,167,14,42,http://stload.se.ifmo.ru:8080/?token=518477874&user=-1355069478&config=2,1453,0,0
1776025813851,1455,config 2 request,200,OK,config 2 2-4,text,false,"The operation lasted too long: It took 1,455 milliseconds, but should not have lasted longer than 775 milliseconds.",231,167,14,42,http://stload.se.ifmo.ru:8080/?token=518477874&user=-1355069478&config=2,1455,0,0
1776025813799,1507,config 2 request,200,OK,config 2 2-2,text,false,"The operation lasted too long: It took 1,507 milliseconds, but should not have lasted longer than 775 milliseconds.",231,167,14,42,http://stload.se.ifmo.ru:8080/?token=518477874&user=-1355069478&config=2,1507,0,0
1776025814026,1326,config 3 request,200,OK,config 3 3-1,text,false,"The operation lasted too long: It took 1,326 milliseconds, but should not have lasted longer than 775 milliseconds.",231,167,14,42,http://stload.se.ifmo.ru:8080/?token=518477874&user=-1355069478&config=3,1326,0,0
1776025814248,1104,config 3 request,200,OK,config 3 3-9,text,false,"The operation lasted too long: It took 1,104 milliseconds, but should not have lasted longer than 775 milliseconds.",231,167,14,42,http://stload.se.ifmo.ru:8080/?token=518477874&user=-1355069478&config=3,1104,0,0
1776025813878,1526,config 2 request,200,OK,config 2 2-10,text,false,"The operation lasted too long: It took 1,526 milliseconds, but should not have lasted longer than 775 milliseconds.",231,167,14,42,http://stload.se.ifmo.ru:8080/?token=518477874&user=-1355069478&config=2,1526,0,0
1776025814414,1128,config 3 request,200,OK,config 3 3-12,text,false,"The operation lasted too long: It took 1,128 milliseconds, but should not have lasted longer than 775 milliseconds.",231,167,14,42,http://stload.se.ifmo.ru:8080/?token=518477874&user=-1355069478&config=3,1128,0,0
1776025814435,1291,config 3 request,200,OK,config 3 3-3,text,false,"The operation lasted too long: It took 1,291 milliseconds, but should not have lasted longer than 775 milliseconds.",231,167,14,42,http://stload.se.ifmo.ru:8080/?token=518477874&user=-1355069478&config=3,1291,0,0
1776025814237,1508,config 2 request,200,OK,config 2 2-13,text,false,"The operation lasted too long: It took 1,508 milliseconds, but should not have lasted longer than 775 milliseconds.",231,167,14,42,http://stload.se.ifmo.ru:8080/?token=518477874&user=-1355069478&config=2,1508,0,0
1776025814437,1308,config 3 request,200,OK,config 3 3-6,text,false,"The operation lasted too long: It took 1,308 milliseconds, but should not have lasted longer than 775 milliseconds.",231,167,14,42,http://stload.se.ifmo.ru:8080/?token=518477874&user=-1355069478&config=3,1308,0,0
1776025814245,1500,config 2 request,200,OK,config 2 2-7,text,false,"The operation lasted too long: It took 1,500 milliseconds, but should not have lasted longer than 775 milliseconds.",231,167,14,42,http://stload.se.ifmo.ru:8080/?token=518477874&user=-1355069478&config=2,1500,0,0
1776025814287,1458,config 2 request,200,OK,config 2 2-1,text,false,"The operation lasted too long: It took 1,458 milliseconds, but should not have lasted longer than 775 milliseconds.",231,167,14,42,http://stload.se.ifmo.ru:8080/?token=518477874&user=-1355069478&config=2,1458,0,0
1776025814435,1331,config 2 request,200,OK,config 2 2-9,text,false,"The operation lasted too long: It took 1,331 milliseconds, but should not have lasted longer than 775 milliseconds.",231,167,14,42,http://stload.se.ifmo.ru:8080/?token=518477874&user=-1355069478&config=2,1331,0,0
1776025814737,1176,config 3 request,200,OK,config 3 3-5,text,false,"The operation lasted too long: It took 1,176 milliseconds, but should not have lasted longer than 775 milliseconds.",231,167,14,42,http://stload.se.ifmo.ru:8080/?token=518477874&user=-1355069478&config=3,1175,0,0
1776025814747,1207,config 3 request,200,OK,config 3 3-8,text,false,"The operation lasted too long: It took 1,207 milliseconds, but should not have lasted longer than 775 milliseconds.",231,167,14,42,http://stload.se.ifmo.ru:8080/?token=518477874&user=-1355069478&config=3,1207,0,0
1776025814435,1519,config 2 request,200,OK,config 2 2-12,text,false,"The operation lasted too long: It took 1,519 milliseconds, but should not have lasted longer than 775 milliseconds.",231,167,14,42,http://stload.se.ifmo.ru:8080/?token=518477874&user=-1355069478&config=2,1519,0,0
1776025814750,1256,config 3 request,200,OK,config 3 3-2,text,false,"The operation lasted too long: It took 1,256 milliseconds, but should not have lasted longer than 775 milliseconds.",231,167,14,42,http://stload.se.ifmo.ru:8080/?token=518477874&user=-1355069478&config=3,1256,0,0
1776025814797,1255,config 3 request,200,OK,config 3 3-11,text,false,"The operation lasted too long: It took 1,255 milliseconds, but should not have lasted longer than 775 milliseconds.",231,167,14,42,http://stload.se.ifmo.ru:8080/?token=518477874&user=-1355069478&config=3,1255,0,0
1776025814740,1312,config 3 request,200,OK,config 3 3-14,text,false,"The operation lasted too long: It took 1,312 milliseconds, but should not have lasted longer than 775 milliseconds.",231,167,14,42,http://stload.se.ifmo.ru:8080/?token=518477874&user=-1355069478&config=3,1312,0,0
1776025814597,1455,config 2 request,200,OK,config 2 2-3,text,false,"The operation lasted too long: It took 1,455 milliseconds, but should not have lasted longer than 775 milliseconds.",231,167,14,42,http://stload.se.ifmo.ru:8080/?token=518477874&user=-1355069478&config=2,1455,0,0
1776025814598,1455,config 2 request,200,OK,config 2 2-6,text,false,"The operation lasted too long: It took 1,455 milliseconds, but should not have lasted longer than 775 milliseconds.",231,167,14,42,http://stload.se.ifmo.ru:8080/?token=518477874&user=-1355069478&config=2,1455,0,0
1776025815245,1080,config 3 request,200,OK,config 3 3-4,text,false,"The operation lasted too long: It took 1,080 milliseconds, but should not have lasted longer than 775 milliseconds.",231,167,14,42,http://stload.se.ifmo.ru:8080/?token=518477874&user=-1355069478&config=3,1080,0,0
1776025815255,1298,config 3 request,200,OK,config 3 3-13,text,false,"The operation lasted too long: It took 1,298 milliseconds, but should not have lasted longer than 775 milliseconds.",231,167,14,42,http://stload.se.ifmo.ru:8080/?token=518477874&user=-1355069478&config=3,1298,0,0
1776025814888,1665,config 2 request,200,OK,config 2 2-8,text,false,"The operation lasted too long: It took 1,665 milliseconds, but should not have lasted longer than 775 milliseconds.",231,167,14,42,http://stload.se.ifmo.ru:8080/?token=518477874&user=-1355069478&config=2,1665,0,0
1776025815251,1302,config 3 request,200,OK,config 3 3-7,text,false,"The operation lasted too long: It took 1,302 milliseconds, but should not have lasted longer than 775 milliseconds.",231,167,14,42,http://stload.se.ifmo.ru:8080/?token=518477874&user=-1355069478&config=3,1302,0,0
1776025815170,1384,config 2 request,200,OK,config 2 2-14,text,false,"The operation lasted too long: It took 1,384 milliseconds, but should not have lasted longer than 775 milliseconds.",231,167,14,42,http://stload.se.ifmo.ru:8080/?token=518477874&user=-1355069478&config=2,1384,0,0
1776025815254,1373,config 2 request,200,OK,config 2 2-11,text,false,"The operation lasted too long: It took 1,373 milliseconds, but should not have lasted longer than 775 milliseconds.",231,167,14,42,http://stload.se.ifmo.ru:8080/?token=518477874&user=-1355069478&config=2,1373,0,0
1776025815301,1472,config 2 request,200,OK,config 2 2-5,text,false,"The operation lasted too long: It took 1,472 milliseconds, but should not have lasted longer than 775 milliseconds.",231,167,14,42,http://stload.se.ifmo.ru:8080/?token=518477874&user=-1355069478&config=2,1472,0,0
1776025815328,1445,config 3 request,200,OK,config 3 3-10,text,false,"The operation lasted too long: It took 1,445 milliseconds, but should not have lasted longer than 775 milliseconds.",231,167,14,42,http://stload.se.ifmo.ru:8080/?token=518477874&user=-1355069478&config=3,1445,0,0
1776025815306,1498,config 2 request,200,OK,config 2 2-2,text,false,"The operation lasted too long: It took 1,498 milliseconds, but should not have lasted longer than 775 milliseconds.",231,167,14,42,http://stload.se.ifmo.ru:8080/?token=518477874&user=-1355069478&config=2,1498,0,0
1776025815352,1460,config 2 request,200,OK,config 2 2-4,text,false,"The operation lasted too long: It took 1,460 milliseconds, but should not have lasted longer than 775 milliseconds.",231,167,14,42,http://stload.se.ifmo.ru:8080/?token=518477874&user=-1355069478&config=2,1460,0,0
1776025815527,1326,config 3 request,200,OK,config 3 3-1,text,false,"The operation lasted too long: It took 1,326 milliseconds, but should not have lasted longer than 775 milliseconds.",231,167,14,42,http://stload.se.ifmo.ru:8080/?token=518477874&user=-1355069478&config=3,1326,0,0
1776025815746,1107,config 3 request,200,OK,config 3 3-9,text,false,"The operation lasted too long: It took 1,107 milliseconds, but should not have lasted longer than 775 milliseconds.",231,167,14,42,http://stload.se.ifmo.ru:8080/?token=518477874&user=-1355069478&config=3,1107,0,0
1776025815405,1585,config 2 request,200,OK,config 2 2-10,text,false,"The operation lasted too long: It took 1,585 milliseconds, but should not have lasted longer than 775 milliseconds.",231,167,14,42,http://stload.se.ifmo.ru:8080/?token=518477874&user=-1355069478&config=2,1585,0,0
1776025815913,1201,config 3 request,200,OK,config 3 3-12,text,false,"The operation lasted too long: It took 1,201 milliseconds, but should not have lasted longer than 775 milliseconds.",231,167,14,42,http://stload.se.ifmo.ru:8080/?token=518477874&user=-1355069478&config=3,1201,0,0
1776025815939,1196,config 3 request,200,OK,config 3 3-6,text,false,"The operation lasted too long: It took 1,196 milliseconds, but should not have lasted longer than 775 milliseconds.",231,167,14,42,http://stload.se.ifmo.ru:8080/?token=518477874&user=-1355069478&config=3,1196,0,0
1776025815938,1197,config 3 request,200,OK,config 3 3-3,text,false,"The operation lasted too long: It took 1,197 milliseconds, but should not have lasted longer than 775 milliseconds.",231,167,14,42,http://stload.se.ifmo.ru:8080/?token=518477874&user=-1355069478&config=3,1197,0,0
1776025815746,1389,config 2 request,200,OK,config 2 2-13,text,false,"The operation lasted too long: It took 1,389 milliseconds, but should not have lasted longer than 775 milliseconds.",231,167,14,42,http://stload.se.ifmo.ru:8080/?token=518477874&user=-1355069478&config=2,1389,0,0
1776025815746,1389,config 2 request,200,OK,config 2 2-7,text,false,"The operation lasted too long: It took 1,389 milliseconds, but should not have lasted longer than 775 milliseconds.",231,167,14,42,http://stload.se.ifmo.ru:8080/?token=518477874&user=-1355069478&config=2,1389,0,0
1776025815788,1466,config 2 request,200,OK,config 2 2-1,text,false,"The operation lasted too long: It took 1,466 milliseconds, but should not have lasted longer than 775 milliseconds.",231,167,14,42,http://stload.se.ifmo.ru:8080/?token=518477874&user=-1355069478&config=2,1466,0,0
1776025815938,1316,config 2 request,200,OK,config 2 2-9,text,false,"The operation lasted too long: It took 1,316 milliseconds, but should not have lasted longer than 775 milliseconds.",231,167,14,42,http://stload.se.ifmo.ru:8080/?token=518477874&user=-1355069478&config=2,1316,0,0
1776025815955,1351,config 2 request,200,OK,config 2 2-12,text,false,"The operation lasted too long: It took 1,351 milliseconds, but should not have lasted longer than 775 milliseconds.",231,167,14,42,http://stload.se.ifmo.ru:8080/?token=518477874&user=-1355069478&config=2,1351,0,0
1776025816100,1505,config 2 request,200,OK,config 2 2-3,text,false,"The operation lasted too long: It took 1,505 milliseconds, but should not have lasted longer than 775 milliseconds.",231,167,14,42,http://stload.se.ifmo.ru:8080/?token=518477874&user=-1355069478&config=2,1505,0,0
1776025816242,1363,config 3 request,200,OK,config 3 3-5,text,false,"The operation lasted too long: It took 1,363 milliseconds, but should not have lasted longer than 775 milliseconds.",231,167,14,42,http://stload.se.ifmo.ru:8080/?token=518477874&user=-1355069478&config=3,1363,0,0
1776025816242,1363,config 3 request,200,OK,config 3 3-14,text,false,"The operation lasted too long: It took 1,363 milliseconds, but should not have lasted longer than 775 milliseconds.",231,167,14,42,http://stload.se.ifmo.ru:8080/?token=518477874&user=-1355069478&config=3,1363,0,0
1776025816245,1409,config 3 request,200,OK,config 3 3-8,text,false,"The operation lasted too long: It took 1,409 milliseconds, but should not have lasted longer than 775 milliseconds.",231,167,14,42,http://stload.se.ifmo.ru:8080/?token=518477874&user=-1355069478&config=3,1409,0,0
1776025816100,1648,config 2 request,200,OK,config 2 2-6,text,false,"The operation lasted too long: It took 1,648 milliseconds, but should not have lasted longer than 775 milliseconds.",231,167,14,42,http://stload.se.ifmo.ru:8080/?token=518477874&user=-1355069478&config=2,1648,0,0
1776025816246,1502,config 3 request,200,OK,config 3 3-2,text,false,"The operation lasted too long: It took 1,502 milliseconds, but should not have lasted longer than 775 milliseconds.",231,167,14,42,http://stload.se.ifmo.ru:8080/?token=518477874&user=-1355069478&config=3,1502,0,0
1776025816293,1455,config 3 request,200,OK,config 3 3-11,text,false,"The operation lasted too long: It took 1,455 milliseconds, but should not have lasted longer than 775 milliseconds.",231,167,14,42,http://stload.se.ifmo.ru:8080/?token=518477874&user=-1355069478&config=3,1455,0,0
1776025816744,1140,config 3 request,200,OK,config 3 3-4,text,false,"The operation lasted too long: It took 1,140 milliseconds, but should not have lasted longer than 775 milliseconds.",231,167,14,42,http://stload.se.ifmo.ru:8080/?token=518477874&user=-1355069478&config=3,1140,0,0
1776025816756,1128,config 3 request,200,OK,config 3 3-13,text,false,"The operation lasted too long: It took 1,128 milliseconds, but should not have lasted longer than 775 milliseconds.",231,167,14,42,http://stload.se.ifmo.ru:8080/?token=518477874&user=-1355069478&config=3,1128,0,0
1776025816754,1347,config 3 request,200,OK,config 3 3-7,text,false,"The operation lasted too long: It took 1,347 milliseconds, but should not have lasted longer than 775 milliseconds.",231,167,14,42,http://stload.se.ifmo.ru:8080/?token=518477874&user=-1355069478&config=3,1347,0,0
1776025816554,1567,config 2 request,200,OK,config 2 2-8,text,false,"The operation lasted too long: It took 1,567 milliseconds, but should not have lasted longer than 775 milliseconds.",231,167,14,42,http://stload.se.ifmo.ru:8080/?token=518477874&user=-1355069478&config=2,1567,0,0
1776025816757,1385,config 2 request,200,OK,config 2 2-11,text,false,"The operation lasted too long: It took 1,385 milliseconds, but should not have lasted longer than 775 milliseconds.",231,167,14,42,http://stload.se.ifmo.ru:8080/?token=518477874&user=-1355069478&config=2,1385,0,0
1776025817025,1117,config 3 request,200,OK,config 3 3-1,text,false,"The operation lasted too long: It took 1,117 milliseconds, but should not have lasted longer than 775 milliseconds.",231,167,14,42,http://stload.se.ifmo.ru:8080/?token=518477874&user=-1355069478&config=3,1117,0,0
1776025816667,1475,config 2 request,200,OK,config 2 2-14,text,false,"The operation lasted too long: It took 1,475 milliseconds, but should not have lasted longer than 775 milliseconds.",231,167,14,42,http://stload.se.ifmo.ru:8080/?token=518477874&user=-1355069478&config=2,1475,0,0
1776025816827,1315,config 3 request,200,OK,config 3 3-10,text,false,"The operation lasted too long: It took 1,315 milliseconds, but should not have lasted longer than 775 milliseconds.",231,167,14,42,http://stload.se.ifmo.ru:8080/?token=518477874&user=-1355069478&config=3,1315,0,0
1776025816798,1396,config 2 request,200,OK,config 2 2-5,text,false,"The operation lasted too long: It took 1,396 milliseconds, but should not have lasted longer than 775 milliseconds.",231,167,14,42,http://stload.se.ifmo.ru:8080/?token=518477874&user=-1355069478&config=2,1396,0,0
1776025816807,1545,config 2 request,200,OK,config 2 2-2,text,false,"The operation lasted too long: It took 1,545 milliseconds, but should not have lasted longer than 775 milliseconds.",231,167,14,42,http://stload.se.ifmo.ru:8080/?token=518477874&user=-1355069478&config=2,1545,0,0
1776025816853,1499,config 2 request,200,OK,config 2 2-4,text,false,"The operation lasted too long: It took 1,499 milliseconds, but should not have lasted longer than 775 milliseconds.",231,167,14,42,http://stload.se.ifmo.ru:8080/?token=518477874&user=-1355069478&config=2,1499,0,0
1776025816991,1361,config 2 request,200,OK,config 2 2-10,text,false,"The operation lasted too long: It took 1,361 milliseconds, but should not have lasted longer than 775 milliseconds.",231,167,14,42,http://stload.se.ifmo.ru:8080/?token=518477874&user=-1355069478&config=2,1361,0,0
1776025817247,1105,config 3 request,200,OK,config 3 3-9,text,false,"The operation lasted too long: It took 1,105 milliseconds, but should not have lasted longer than 775 milliseconds.",231,167,14,42,http://stload.se.ifmo.ru:8080/?token=518477874&user=-1355069478&config=3,1105,0,0
1776025817415,1243,config 3 request,200,OK,config 3 3-12,text,false,"The operation lasted too long: It took 1,243 milliseconds, but should not have lasted longer than 775 milliseconds.",231,167,14,42,http://stload.se.ifmo.ru:8080/?token=518477874&user=-1355069478&config=3,1243,0,0
1776025817438,1328,config 3 request,200,OK,config 3 3-3,text,false,"The operation lasted too long: It took 1,328 milliseconds, but should not have lasted longer than 775 milliseconds.",231,167,14,42,http://stload.se.ifmo.ru:8080/?token=518477874&user=-1355069478&config=3,1328,0,0
1776025817249,1517,config 2 request,200,OK,config 2 2-13,text,false,"The operation lasted too long: It took 1,517 milliseconds, but should not have lasted longer than 775 milliseconds.",231,167,14,42,http://stload.se.ifmo.ru:8080/?token=518477874&user=-1355069478&config=2,1517,0,0
1776025817438,1328,config 3 request,200,OK,config 3 3-6,text,false,"The operation lasted too long: It took 1,328 milliseconds, but should not have lasted longer than 775 milliseconds.",231,167,14,42,http://stload.se.ifmo.ru:8080/?token=518477874&user=-1355069478&config=3,1328,0,0
1776025817249,1517,config 2 request,200,OK,config 2 2-7,text,false,"The operation lasted too long: It took 1,517 milliseconds, but should not have lasted longer than 775 milliseconds.",231,167,14,42,http://stload.se.ifmo.ru:8080/?token=518477874&user=-1355069478&config=2,1517,0,0
1776025817288,1503,config 2 request,200,OK,config 2 2-1,text,false,"The operation lasted too long: It took 1,503 milliseconds, but should not have lasted longer than 775 milliseconds.",231,167,14,42,http://stload.se.ifmo.ru:8080/?token=518477874&user=-1355069478&config=2,1503,0,0
1776025817435,1396,config 2 request,200,OK,config 2 2-9,text,false,"The operation lasted too long: It took 1,396 milliseconds, but should not have lasted longer than 775 milliseconds.",231,167,14,42,http://stload.se.ifmo.ru:8080/?token=518477874&user=-1355069478&config=2,1396,0,0
1776025817458,1494,config 2 request,200,OK,config 2 2-12,text,false,"The operation lasted too long: It took 1,494 milliseconds, but should not have lasted longer than 775 milliseconds.",231,167,14,42,http://stload.se.ifmo.ru:8080/?token=518477874&user=-1355069478&config=2,1494,0,0
1776025817741,1211,config 3 request,200,OK,config 3 3-14,text,false,"The operation lasted too long: It took 1,211 milliseconds, but should not have lasted longer than 775 milliseconds.",231,167,14,42,http://stload.se.ifmo.ru:8080/?token=518477874&user=-1355069478&config=3,1211,0,0
1776025817738,1215,config 3 request,200,OK,config 3 3-5,text,false,"The operation lasted too long: It took 1,215 milliseconds, but should not have lasted longer than 775 milliseconds.",231,167,14,42,http://stload.se.ifmo.ru:8080/?token=518477874&user=-1355069478&config=3,1215,0,0
1776025817747,1270,config 3 request,200,OK,config 3 3-8,text,false,"The operation lasted too long: It took 1,270 milliseconds, but should not have lasted longer than 775 milliseconds.",231,167,14,42,http://stload.se.ifmo.ru:8080/?token=518477874&user=-1355069478&config=3,1270,0,0
1776025817749,1268,config 3 request,200,OK,config 3 3-2,text,false,"The operation lasted too long: It took 1,268 milliseconds, but should not have lasted longer than 775 milliseconds.",231,167,14,42,http://stload.se.ifmo.ru:8080/?token=518477874&user=-1355069478&config=3,1268,0,0
1776025817605,1440,config 2 request,200,OK,config 2 2-3,text,false,"The operation lasted too long: It took 1,440 milliseconds, but should not have lasted longer than 775 milliseconds.",231,167,14,42,http://stload.se.ifmo.ru:8080/?token=518477874&user=-1355069478&config=2,1440,0,0
1776025817749,1620,config 2 request,200,OK,config 2 2-6,text,false,"The operation lasted too long: It took 1,620 milliseconds, but should not have lasted longer than 775 milliseconds.",231,167,14,42,http://stload.se.ifmo.ru:8080/?token=518477874&user=-1355069478&config=2,1620,0,0
1776025817793,1576,config 3 request,200,OK,config 3 3-11,text,false,"The operation lasted too long: It took 1,576 milliseconds, but should not have lasted longer than 775 milliseconds.",231,167,14,42,http://stload.se.ifmo.ru:8080/?token=518477874&user=-1355069478&config=3,1576,0,0
1776025818242,1128,config 3 request,200,OK,config 3 3-4,text,false,"The operation lasted too long: It took 1,128 milliseconds, but should not have lasted longer than 775 milliseconds.",231,167,14,42,http://stload.se.ifmo.ru:8080/?token=518477874&user=-1355069478&config=3,1128,0,0
1776025818122,1386,config 2 request,200,OK,config 2 2-8,text,false,"The operation lasted too long: It took 1,386 milliseconds, but should not have lasted longer than 775 milliseconds.",231,167,14,42,http://stload.se.ifmo.ru:8080/?token=518477874&user=-1355069478&config=2,1386,0,0
1776025818169,1339,config 2 request,200,OK,config 2 2-14,text,false,"The operation lasted too long: It took 1,339 milliseconds, but should not have lasted longer than 775 milliseconds.",231,167,14,42,http://stload.se.ifmo.ru:8080/?token=518477874&user=-1355069478&config=2,1339,0,0
1776025818252,1341,config 3 request,200,OK,config 3 3-7,text,false,"The operation lasted too long: It took 1,341 milliseconds, but should not have lasted longer than 775 milliseconds.",231,167,14,42,http://stload.se.ifmo.ru:8080/?token=518477874&user=-1355069478&config=3,1341,0,0
1776025818252,1388,config 3 request,200,OK,config 3 3-13,text,false,"The operation lasted too long: It took 1,388 milliseconds, but should not have lasted longer than 775 milliseconds.",231,167,14,42,http://stload.se.ifmo.ru:8080/?token=518477874&user=-1355069478&config=3,1388,0,0
1776025818325,1404,config 3 request,200,OK,config 3 3-10,text,false,"The operation lasted too long: It took 1,404 milliseconds, but should not have lasted longer than 775 milliseconds.",231,167,14,42,http://stload.se.ifmo.ru:8080/?token=518477874&user=-1355069478&config=3,1404,0,0
1776025818524,1209,config 3 request,200,OK,config 3 3-1,text,false,"The operation lasted too long: It took 1,209 milliseconds, but should not have lasted longer than 775 milliseconds.",231,167,14,42,http://stload.se.ifmo.ru:8080/?token=518477874&user=-1355069478&config=3,1209,0,0
1776025818258,1476,config 2 request,200,OK,config 2 2-11,text,false,"The operation lasted too long: It took 1,476 milliseconds, but should not have lasted longer than 775 milliseconds.",231,167,14,42,http://stload.se.ifmo.ru:8080/?token=518477874&user=-1355069478&config=2,1476,0,0
1776025818301,1571,config 2 request,200,OK,config 2 2-5,text,false,"The operation lasted too long: It took 1,571 milliseconds, but should not have lasted longer than 775 milliseconds.",231,167,14,42,http://stload.se.ifmo.ru:8080/?token=518477874&user=-1355069478&config=2,1571,0,0
1776025818352,1520,config 2 request,200,OK,config 2 2-2,text,false,"The operation lasted too long: It took 1,520 milliseconds, but should not have lasted longer than 775 milliseconds.",231,167,14,42,http://stload.se.ifmo.ru:8080/?token=518477874&user=-1355069478&config=2,1520,0,0
1776025818746,1126,config 3 request,200,OK,config 3 3-9,text,false,"The operation lasted too long: It took 1,126 milliseconds, but should not have lasted longer than 775 milliseconds.",231,167,14,42,http://stload.se.ifmo.ru:8080/?token=518477874&user=-1355069478&config=3,1126,0,0
1776025818352,1556,config 2 request,200,OK,config 2 2-4,text,false,"The operation lasted too long: It took 1,556 milliseconds, but should not have lasted longer than 775 milliseconds.",231,167,14,42,http://stload.se.ifmo.ru:8080/?token=518477874&user=-1355069478&config=2,1556,0,0
1776025818496,1412,config 2 request,200,OK,config 2 2-10,text,false,"The operation lasted too long: It took 1,412 milliseconds, but should not have lasted longer than 775 milliseconds.",231,167,14,42,http://stload.se.ifmo.ru:8080/?token=518477874&user=-1355069478&config=2,1412,0,0
1776025818914,1139,config 3 request,200,OK,config 3 3-12,text,false,"The operation lasted too long: It took 1,139 milliseconds, but should not have lasted longer than 775 milliseconds.",231,167,14,42,http://stload.se.ifmo.ru:8080/?token=518477874&user=-1355069478&config=3,1139,0,0
1776025818766,1509,config 2 request,200,OK,config 2 2-13,text,false,"The operation lasted too long: It took 1,509 milliseconds, but should not have lasted longer than 775 milliseconds.",231,167,14,42,http://stload.se.ifmo.ru:8080/?token=518477874&user=-1355069478&config=2,1509,0,0
1776025818791,1526,config 2 request,200,OK,config 2 2-1,text,false,"The operation lasted too long: It took 1,526 milliseconds, but should not have lasted longer than 775 milliseconds.",231,167,14,42,http://stload.se.ifmo.ru:8080/?token=518477874&user=-1355069478&config=2,1526,0,0
1776025818766,1551,config 2 request,200,OK,config 2 2-7,text,false,"The operation lasted too long: It took 1,551 milliseconds, but should not have lasted longer than 775 milliseconds.",231,167,14,42,http://stload.se.ifmo.ru:8080/?token=518477874&user=-1355069478&config=2,1551,0,0
1776025818938,1379,config 3 request,200,OK,config 3 3-3,text,false,"The operation lasted too long: It took 1,379 milliseconds, but should not have lasted longer than 775 milliseconds.",231,167,14,42,http://stload.se.ifmo.ru:8080/?token=518477874&user=-1355069478&config=3,1379,0,0
1776025818935,1382,config 3 request,200,OK,config 3 3-6,text,false,"The operation lasted too long: It took 1,382 milliseconds, but should not have lasted longer than 775 milliseconds.",231,167,14,42,http://stload.se.ifmo.ru:8080/?token=518477874&user=-1355069478&config=3,1382,0,0
1776025818938,1484,config 2 request,200,OK,config 2 2-9,text,false,"The operation lasted too long: It took 1,484 milliseconds, but should not have lasted longer than 775 milliseconds.",231,167,14,42,http://stload.se.ifmo.ru:8080/?token=518477874&user=-1355069478&config=2,1484,0,0
1776025819241,1289,config 3 request,200,OK,config 3 3-5,text,false,"The operation lasted too long: It took 1,289 milliseconds, but should not have lasted longer than 775 milliseconds.",231,167,14,42,http://stload.se.ifmo.ru:8080/?token=518477874&user=-1355069478&config=3,1289,0,0
1776025819239,1291,config 3 request,200,OK,config 3 3-14,text,false,"The operation lasted too long: It took 1,291 milliseconds, but should not have lasted longer than 775 milliseconds.",231,167,14,42,http://stload.se.ifmo.ru:8080/?token=518477874&user=-1355069478&config=3,1291,0,0
1776025818955,1612,config 2 request,200,OK,config 2 2-12,text,false,"The operation lasted too long: It took 1,612 milliseconds, but should not have lasted longer than 775 milliseconds.",231,167,14,42,http://stload.se.ifmo.ru:8080/?token=518477874&user=-1355069478&config=2,1612,0,0
1776025819252,1382,config 3 request,200,OK,config 3 3-2,text,false,"The operation lasted too long: It took 1,382 milliseconds, but should not have lasted longer than 775 milliseconds.",231,167,14,42,http://stload.se.ifmo.ru:8080/?token=518477874&user=-1355069478&config=3,1382,0,0
1776025819243,1391,config 3 request,200,OK,config 3 3-8,text,false,"The operation lasted too long: It took 1,391 milliseconds, but should not have lasted longer than 775 milliseconds.",231,167,14,42,http://stload.se.ifmo.ru:8080/?token=518477874&user=-1355069478&config=3,1391,0,0
1776025819370,1265,config 3 request,200,OK,config 3 3-11,text,false,"The operation lasted too long: It took 1,265 milliseconds, but should not have lasted longer than 775 milliseconds.",231,167,14,42,http://stload.se.ifmo.ru:8080/?token=518477874&user=-1355069478&config=3,1265,0,0
1776025819107,1593,config 2 request,200,OK,config 2 2-3,text,false,"The operation lasted too long: It took 1,593 milliseconds, but should not have lasted longer than 775 milliseconds.",231,167,14,42,http://stload.se.ifmo.ru:8080/?token=518477874&user=-1355069478&config=2,1593,0,0
1776025819741,1134,config 3 request,200,OK,config 3 3-4,text,false,"The operation lasted too long: It took 1,134 milliseconds, but should not have lasted longer than 775 milliseconds.",231,167,14,42,http://stload.se.ifmo.ru:8080/?token=518477874&user=-1355069478&config=3,1134,0,0
1776025819752,1255,config 3 request,200,OK,config 3 3-7,text,false,"The operation lasted too long: It took 1,255 milliseconds, but should not have lasted longer than 775 milliseconds.",231,167,14,42,http://stload.se.ifmo.ru:8080/?token=518477874&user=-1355069478&config=3,1255,0,0
1776025819756,1251,config 3 request,200,OK,config 3 3-13,text,false,"The operation lasted too long: It took 1,251 milliseconds, but should not have lasted longer than 775 milliseconds.",231,167,14,42,http://stload.se.ifmo.ru:8080/?token=518477874&user=-1355069478&config=3,1251,0,0
1776025819369,1638,config 2 request,200,OK,config 2 2-6,text,false,"The operation lasted too long: It took 1,638 milliseconds, but should not have lasted longer than 775 milliseconds.",231,167,14,42,http://stload.se.ifmo.ru:8080/?token=518477874&user=-1355069478&config=2,1638,0,0
1776025819670,1528,config 2 request,200,OK,config 2 2-14,text,false,"The operation lasted too long: It took 1,528 milliseconds, but should not have lasted longer than 775 milliseconds.",231,167,14,42,http://stload.se.ifmo.ru:8080/?token=518477874&user=-1355069478&config=2,1528,0,0
1776025819827,1371,config 3 request,200,OK,config 3 3-10,text,false,"The operation lasted too long: It took 1,371 milliseconds, but should not have lasted longer than 775 milliseconds.",231,167,14,42,http://stload.se.ifmo.ru:8080/?token=518477874&user=-1355069478&config=3,1371,0,0
1776025819626,1572,config 2 request,200,OK,config 2 2-8,text,false,"The operation lasted too long: It took 1,572 milliseconds, but should not have lasted longer than 775 milliseconds.",231,167,14,42,http://stload.se.ifmo.ru:8080/?token=518477874&user=-1355069478&config=2,1572,0,0
1776025819757,1441,config 2 request,200,OK,config 2 2-11,text,false,"The operation lasted too long: It took 1,441 milliseconds, but should not have lasted longer than 775 milliseconds.",231,167,14,42,http://stload.se.ifmo.ru:8080/?token=518477874&user=-1355069478&config=2,1441,0,0
1776025819872,1542,config 2 request,200,OK,config 2 2-2,text,false,"The operation lasted too long: It took 1,542 milliseconds, but should not have lasted longer than 775 milliseconds.",231,167,14,42,http://stload.se.ifmo.ru:8080/?token=518477874&user=-1355069478&config=2,1542,0,0
1776025819872,1542,config 2 request,200,OK,config 2 2-5,text,false,"The operation lasted too long: It took 1,542 milliseconds, but should not have lasted longer than 775 milliseconds.",231,167,14,42,http://stload.se.ifmo.ru:8080/?token=518477874&user=-1355069478&config=2,1542,0,0
1776025820025,1438,config 3 request,200,OK,config 3 3-1,text,false,"The operation lasted too long: It took 1,438 milliseconds, but should not have lasted longer than 775 milliseconds.",231,167,14,42,http://stload.se.ifmo.ru:8080/?token=518477874&user=-1355069478&config=3,1438,0,0
1776025819908,1555,config 2 request,200,OK,config 2 2-4,text,false,"The operation lasted too long: It took 1,555 milliseconds, but should not have lasted longer than 775 milliseconds.",231,167,14,42,http://stload.se.ifmo.ru:8080/?token=518477874&user=-1355069478&config=2,1555,0,0
1776025820247,1216,config 3 request,200,OK,config 3 3-9,text,false,"The operation lasted too long: It took 1,216 milliseconds, but should not have lasted longer than 775 milliseconds.",231,167,14,42,http://stload.se.ifmo.ru:8080/?token=518477874&user=-1355069478&config=3,1216,0,0
1776025820412,1193,config 3 request,200,OK,config 3 3-12,text,false,"The operation lasted too long: It took 1,193 milliseconds, but should not have lasted longer than 775 milliseconds.",231,167,14,42,http://stload.se.ifmo.ru:8080/?token=518477874&user=-1355069478&config=3,1193,0,0
1776025820435,1170,config 3 request,200,OK,config 3 3-6,text,false,"The operation lasted too long: It took 1,170 milliseconds, but should not have lasted longer than 775 milliseconds.",231,167,14,42,http://stload.se.ifmo.ru:8080/?token=518477874&user=-1355069478&config=3,1170,0,0
1776025819997,1608,config 2 request,200,OK,config 2 2-10,text,false,"The operation lasted too long: It took 1,608 milliseconds, but should not have lasted longer than 775 milliseconds.",231,167,14,42,http://stload.se.ifmo.ru:8080/?token=518477874&user=-1355069478&config=2,1608,0,0
1776025820435,1256,config 3 request,200,OK,config 3 3-3,text,false,"The operation lasted too long: It took 1,256 milliseconds, but should not have lasted longer than 775 milliseconds.",231,167,14,42,http://stload.se.ifmo.ru:8080/?token=518477874&user=-1355069478&config=3,1256,0,0
1776025820318,1374,config 2 request,200,OK,config 2 2-1,text,false,"The operation lasted too long: It took 1,374 milliseconds, but should not have lasted longer than 775 milliseconds.",231,167,14,42,http://stload.se.ifmo.ru:8080/?token=518477874&user=-1355069478&config=2,1373,0,0
1776025820276,1415,config 2 request,200,OK,config 2 2-13,text,false,"The operation lasted too long: It took 1,415 milliseconds, but should not have lasted longer than 775 milliseconds.",231,167,14,42,http://stload.se.ifmo.ru:8080/?token=518477874&user=-1355069478&config=2,1415,0,0
1776025820318,1618,config 2 request,200,OK,config 2 2-7,text,false,"The operation lasted too long: It took 1,618 milliseconds, but should not have lasted longer than 775 milliseconds.",231,167,14,42,http://stload.se.ifmo.ru:8080/?token=518477874&user=-1355069478&config=2,1618,0,0
1776025820436,1500,config 2 request,200,OK,config 2 2-9,text,false,"The operation lasted too long: It took 1,500 milliseconds, but should not have lasted longer than 775 milliseconds.",231,167,14,42,http://stload.se.ifmo.ru:8080/?token=518477874&user=-1355069478&config=2,1500,0,0
1776025820740,1234,config 3 request,200,OK,config 3 3-5,text,false,"The operation lasted too long: It took 1,234 milliseconds, but should not have lasted longer than 775 milliseconds.",231,167,14,42,http://stload.se.ifmo.ru:8080/?token=518477874&user=-1355069478&config=3,1234,0,0
1776025820742,1287,config 3 request,200,OK,config 3 3-14,text,false,"The operation lasted too long: It took 1,287 milliseconds, but should not have lasted longer than 775 milliseconds.",231,167,14,42,http://stload.se.ifmo.ru:8080/?token=518477874&user=-1355069478&config=3,1287,0,0
1776025820747,1282,config 3 request,200,OK,config 3 3-8,text,false,"The operation lasted too long: It took 1,282 milliseconds, but should not have lasted longer than 775 milliseconds.",231,167,14,42,http://stload.se.ifmo.ru:8080/?token=518477874&user=-1355069478&config=3,1282,0,0
1776025820751,1278,config 3 request,200,OK,config 3 3-2,text,false,"The operation lasted too long: It took 1,278 milliseconds, but should not have lasted longer than 775 milliseconds.",231,167,14,42,http://stload.se.ifmo.ru:8080/?token=518477874&user=-1355069478&config=3,1278,0,0
1776025820869,1237,config 3 request,200,OK,config 3 3-11,text,false,"The operation lasted too long: It took 1,237 milliseconds, but should not have lasted longer than 775 milliseconds.",231,167,14,42,http://stload.se.ifmo.ru:8080/?token=518477874&user=-1355069478&config=3,1237,0,0
1776025820568,1787,config 2 request,200,OK,config 2 2-12,text,false,"The operation lasted too long: It took 1,787 milliseconds, but should not have lasted longer than 775 milliseconds.",231,167,14,42,http://stload.se.ifmo.ru:8080/?token=518477874&user=-1355069478&config=2,1787,0,0
1776025820700,1655,config 2 request,200,OK,config 2 2-3,text,false,"The operation lasted too long: It took 1,655 milliseconds, but should not have lasted longer than 775 milliseconds.",231,167,14,42,http://stload.se.ifmo.ru:8080/?token=518477874&user=-1355069478&config=2,1655,0,0
1776025821246,1140,config 3 request,200,OK,config 3 3-4,text,false,"The operation lasted too long: It took 1,140 milliseconds, but should not have lasted longer than 775 milliseconds.",231,167,14,42,http://stload.se.ifmo.ru:8080/?token=518477874&user=-1355069478&config=3,1140,0,0
1776025821253,1133,config 3 request,200,OK,config 3 3-7,text,false,"The operation lasted too long: It took 1,133 milliseconds, but should not have lasted longer than 775 milliseconds.",231,167,14,42,http://stload.se.ifmo.ru:8080/?token=518477874&user=-1355069478&config=3,1133,0,0
1776025821253,1252,config 3 request,200,OK,config 3 3-13,text,false,"The operation lasted too long: It took 1,252 milliseconds, but should not have lasted longer than 775 milliseconds.",231,167,14,42,http://stload.se.ifmo.ru:8080/?token=518477874&user=-1355069478&config=3,1252,0,0
1776025821008,1643,config 2 request,200,OK,config 2 2-6,text,false,"The operation lasted too long: It took 1,643 milliseconds, but should not have lasted longer than 775 milliseconds.",231,167,14,42,http://stload.se.ifmo.ru:8080/?token=518477874&user=-1355069478&config=2,1643,0,0
1776025821200,1490,config 2 request,200,OK,config 2 2-14,text,false,"The operation lasted too long: It took 1,490 milliseconds, but should not have lasted longer than 775 milliseconds.",231,167,14,42,http://stload.se.ifmo.ru:8080/?token=518477874&user=-1355069478&config=2,1490,0,0
1776025821256,1435,config 2 request,200,OK,config 2 2-11,text,false,"The operation lasted too long: It took 1,435 milliseconds, but should not have lasted longer than 775 milliseconds.",231,167,14,42,http://stload.se.ifmo.ru:8080/?token=518477874&user=-1355069478&config=2,1435,0,0
1776025821200,1490,config 2 request,200,OK,config 2 2-8,text,false,"The operation lasted too long: It took 1,490 milliseconds, but should not have lasted longer than 775 milliseconds.",231,167,14,42,http://stload.se.ifmo.ru:8080/?token=518477874&user=-1355069478&config=2,1490,0,0
1776025821331,1359,config 3 request,200,OK,config 3 3-10,text,false,"The operation lasted too long: It took 1,359 milliseconds, but should not have lasted longer than 775 milliseconds.",231,167,14,42,http://stload.se.ifmo.ru:8080/?token=518477874&user=-1355069478&config=3,1359,0,0
1776025821525,1239,config 3 request,200,OK,config 3 3-1,text,false,"The operation lasted too long: It took 1,239 milliseconds, but should not have lasted longer than 775 milliseconds.",231,167,14,42,http://stload.se.ifmo.ru:8080/?token=518477874&user=-1355069478&config=3,1239,0,0
1776025821416,1407,config 2 request,200,OK,config 2 2-5,text,false,"The operation lasted too long: It took 1,407 milliseconds, but should not have lasted longer than 775 milliseconds.",231,167,14,42,http://stload.se.ifmo.ru:8080/?token=518477874&user=-1355069478&config=2,1407,0,0
1776025821416,1441,config 2 request,200,OK,config 2 2-2,text,false,"The operation lasted too long: It took 1,441 milliseconds, but should not have lasted longer than 775 milliseconds.",231,167,14,42,http://stload.se.ifmo.ru:8080/?token=518477874&user=-1355069478&config=2,1441,0,0
1776025821464,1433,config 2 request,200,OK,config 2 2-4,text,false,"The operation lasted too long: It took 1,433 milliseconds, but should not have lasted longer than 775 milliseconds.",231,167,14,42,http://stload.se.ifmo.ru:8080/?token=518477874&user=-1355069478&config=2,1433,0,0
1776025821748,1438,config 3 request,200,OK,config 3 3-9,text,false,"The operation lasted too long: It took 1,438 milliseconds, but should not have lasted longer than 775 milliseconds.",231,167,14,42,http://stload.se.ifmo.ru:8080/?token=518477874&user=-1355069478&config=3,1438,0,0
1776025821606,1580,config 2 request,200,OK,config 2 2-10,text,false,"The operation lasted too long: It took 1,580 milliseconds, but should not have lasted longer than 775 milliseconds.",231,167,14,42,http://stload.se.ifmo.ru:8080/?token=518477874&user=-1355069478&config=2,1580,0,0
1776025821782,1404,config 2 request,200,OK,config 2 2-13,text,false,"The operation lasted too long: It took 1,404 milliseconds, but should not have lasted longer than 775 milliseconds.",231,167,14,42,http://stload.se.ifmo.ru:8080/?token=518477874&user=-1355069478&config=2,1404,0,0
1776025821912,1274,config 3 request,200,OK,config 3 3-12,text,false,"The operation lasted too long: It took 1,274 milliseconds, but should not have lasted longer than 775 milliseconds.",231,167,14,42,http://stload.se.ifmo.ru:8080/?token=518477874&user=-1355069478&config=3,1274,0,0
1776025821938,1307,config 3 request,200,OK,config 3 3-3,text,false,"The operation lasted too long: It took 1,307 milliseconds, but should not have lasted longer than 775 milliseconds.",231,167,14,42,http://stload.se.ifmo.ru:8080/?token=518477874&user=-1355069478&config=3,1307,0,0
1776025821938,1328,config 3 request,200,OK,config 3 3-6,text,false,"The operation lasted too long: It took 1,328 milliseconds, but should not have lasted longer than 775 milliseconds.",231,167,14,42,http://stload.se.ifmo.ru:8080/?token=518477874&user=-1355069478&config=3,1328,0,0
1776025821822,1444,config 2 request,200,OK,config 2 2-1,text,false,"The operation lasted too long: It took 1,444 milliseconds, but should not have lasted longer than 775 milliseconds.",231,167,14,42,http://stload.se.ifmo.ru:8080/?token=518477874&user=-1355069478&config=2,1443,0,0
1776025821937,1382,config 2 request,200,OK,config 2 2-9,text,false,"The operation lasted too long: It took 1,382 milliseconds, but should not have lasted longer than 775 milliseconds.",231,167,14,42,http://stload.se.ifmo.ru:8080/?token=518477874&user=-1355069478&config=2,1382,0,0
1776025821937,1382,config 2 request,200,OK,config 2 2-7,text,false,"The operation lasted too long: It took 1,382 milliseconds, but should not have lasted longer than 775 milliseconds.",231,167,14,42,http://stload.se.ifmo.ru:8080/?token=518477874&user=-1355069478&config=2,1382,0,0
1776025822243,1098,config 3 request,200,OK,config 3 3-14,text,false,"The operation lasted too long: It took 1,098 milliseconds, but should not have lasted longer than 775 milliseconds.",231,167,14,42,http://stload.se.ifmo.ru:8080/?token=518477874&user=-1355069478&config=3,1098,0,0
1776025822253,1150,config 3 request,200,OK,config 3 3-2,text,false,"The operation lasted too long: It took 1,150 milliseconds, but should not have lasted longer than 775 milliseconds.",231,167,14,42,http://stload.se.ifmo.ru:8080/?token=518477874&user=-1355069478&config=3,1150,0,0
1776025822243,1167,config 3 request,200,OK,config 3 3-5,text,false,"The operation lasted too long: It took 1,167 milliseconds, but should not have lasted longer than 775 milliseconds.",231,167,14,42,http://stload.se.ifmo.ru:8080/?token=518477874&user=-1355069478&config=3,1167,0,0
1776025822248,1191,config 3 request,200,OK,config 3 3-8,text,false,"The operation lasted too long: It took 1,191 milliseconds, but should not have lasted longer than 775 milliseconds.",231,167,14,42,http://stload.se.ifmo.ru:8080/?token=518477874&user=-1355069478&config=3,1191,0,0
1776025822370,1415,config 3 request,200,OK,config 3 3-11,text,false,"The operation lasted too long: It took 1,415 milliseconds, but should not have lasted longer than 775 milliseconds.",231,167,14,42,http://stload.se.ifmo.ru:8080/?token=518477874&user=-1355069478&config=3,1415,0,0
1776025822357,1428,config 2 request,200,OK,config 2 2-3,text,false,"The operation lasted too long: It took 1,428 milliseconds, but should not have lasted longer than 775 milliseconds.",231,167,14,42,http://stload.se.ifmo.ru:8080/?token=518477874&user=-1355069478&config=2,1428,0,0
1776025822357,1482,config 2 request,200,OK,config 2 2-12,text,false,"The operation lasted too long: It took 1,482 milliseconds, but should not have lasted longer than 775 milliseconds.",231,167,14,42,http://stload.se.ifmo.ru:8080/?token=518477874&user=-1355069478&config=2,1482,0,0
1776025822757,1184,config 3 request,200,OK,config 3 3-13,text,false,"The operation lasted too long: It took 1,184 milliseconds, but should not have lasted longer than 775 milliseconds.",231,167,14,42,http://stload.se.ifmo.ru:8080/?token=518477874&user=-1355069478&config=3,1184,0,0
1776025822743,1198,config 3 request,200,OK,config 3 3-4,text,false,"The operation lasted too long: It took 1,198 milliseconds, but should not have lasted longer than 775 milliseconds.",231,167,14,42,http://stload.se.ifmo.ru:8080/?token=518477874&user=-1355069478&config=3,1198,0,0
1776025822701,1365,config 2 request,200,OK,config 2 2-14,text,false,"The operation lasted too long: It took 1,365 milliseconds, but should not have lasted longer than 775 milliseconds.",231,167,14,42,http://stload.se.ifmo.ru:8080/?token=518477874&user=-1355069478&config=2,1365,0,0
1776025822652,1414,config 2 request,200,OK,config 2 2-6,text,false,"The operation lasted too long: It took 1,414 milliseconds, but should not have lasted longer than 775 milliseconds.",231,167,14,42,http://stload.se.ifmo.ru:8080/?token=518477874&user=-1355069478&config=2,1414,0,0
1776025822757,1309,config 3 request,200,OK,config 3 3-7,text,false,"The operation lasted too long: It took 1,309 milliseconds, but should not have lasted longer than 775 milliseconds.",231,167,14,42,http://stload.se.ifmo.ru:8080/?token=518477874&user=-1355069478&config=3,1309,0,0
1776025822702,1365,config 2 request,200,OK,config 2 2-8,text,false,"The operation lasted too long: It took 1,365 milliseconds, but should not have lasted longer than 775 milliseconds.",231,167,14,42,http://stload.se.ifmo.ru:8080/?token=518477874&user=-1355069478&config=2,1365,0,0
1776025822829,1421,config 3 request,200,OK,config 3 3-10,text,false,"The operation lasted too long: It took 1,421 milliseconds, but should not have lasted longer than 775 milliseconds.",231,167,14,42,http://stload.se.ifmo.ru:8080/?token=518477874&user=-1355069478&config=3,1421,0,0
1776025822758,1493,config 2 request,200,OK,config 2 2-11,text,false,"The operation lasted too long: It took 1,493 milliseconds, but should not have lasted longer than 775 milliseconds.",231,167,14,42,http://stload.se.ifmo.ru:8080/?token=518477874&user=-1355069478&config=2,1493,0,0
1776025823027,1224,config 3 request,200,OK,config 3 3-1,text,false,"The operation lasted too long: It took 1,224 milliseconds, but should not have lasted longer than 775 milliseconds.",231,167,14,42,http://stload.se.ifmo.ru:8080/?token=518477874&user=-1355069478&config=3,1224,0,0
1776025823249,1101,config 3 request,200,OK,config 3 3-9,text,false,"The operation lasted too long: It took 1,101 milliseconds, but should not have lasted longer than 775 milliseconds.",231,167,14,42,http://stload.se.ifmo.ru:8080/?token=518477874&user=-1355069478&config=3,1101,0,0
1776025822920,1474,config 2 request,200,OK,config 2 2-2,text,false,"The operation lasted too long: It took 1,474 milliseconds, but should not have lasted longer than 775 milliseconds.",231,167,14,42,http://stload.se.ifmo.ru:8080/?token=518477874&user=-1355069478&config=2,1474,0,0
1776025822918,1476,config 2 request,200,OK,config 2 2-5,text,false,"The operation lasted too long: It took 1,476 milliseconds, but should not have lasted longer than 775 milliseconds.",231,167,14,42,http://stload.se.ifmo.ru:8080/?token=518477874&user=-1355069478&config=2,1476,0,0
1776025822968,1432,config 2 request,200,OK,config 2 2-4,text,false,"The operation lasted too long: It took 1,432 milliseconds, but should not have lasted longer than 775 milliseconds.",231,167,14,42,http://stload.se.ifmo.ru:8080/?token=518477874&user=-1355069478&config=2,1432,0,0
1776025823186,1425,config 2 request,200,OK,config 2 2-10,text,false,"The operation lasted too long: It took 1,425 milliseconds, but should not have lasted longer than 775 milliseconds.",231,167,14,42,http://stload.se.ifmo.ru:8080/?token=518477874&user=-1355069478&config=2,1425,0,0
1776025823412,1199,config 3 request,200,OK,config 3 3-12,text,false,"The operation lasted too long: It took 1,199 milliseconds, but should not have lasted longer than 775 milliseconds.",231,167,14,42,http://stload.se.ifmo.ru:8080/?token=518477874&user=-1355069478&config=3,1199,0,0
1776025823320,1551,config 2 request,200,OK,config 2 2-1,text,false,"The operation lasted too long: It took 1,551 milliseconds, but should not have lasted longer than 775 milliseconds.",231,167,14,42,http://stload.se.ifmo.ru:8080/?token=518477874&user=-1355069478&config=2,1551,0,0
1776025823437,1434,config 3 request,200,OK,config 3 3-6,text,false,"The operation lasted too long: It took 1,434 milliseconds, but should not have lasted longer than 775 milliseconds.",231,167,14,42,http://stload.se.ifmo.ru:8080/?token=518477874&user=-1355069478&config=3,1434,0,0
1776025823280,1592,config 2 request,200,OK,config 2 2-13,text,false,"The operation lasted too long: It took 1,592 milliseconds, but should not have lasted longer than 775 milliseconds.",231,167,14,42,http://stload.se.ifmo.ru:8080/?token=518477874&user=-1355069478&config=2,1592,0,0
1776025823438,1489,config 3 request,200,OK,config 3 3-3,text,false,"The operation lasted too long: It took 1,489 milliseconds, but should not have lasted longer than 775 milliseconds.",231,167,14,42,http://stload.se.ifmo.ru:8080/?token=518477874&user=-1355069478&config=3,1489,0,0
1776025823437,1490,config 2 request,200,OK,config 2 2-7,text,false,"The operation lasted too long: It took 1,490 milliseconds, but should not have lasted longer than 775 milliseconds.",231,167,14,42,http://stload.se.ifmo.ru:8080/?token=518477874&user=-1355069478&config=2,1490,0,0
1776025823743,1254,config 3 request,200,OK,config 3 3-14,text,false,"The operation lasted too long: It took 1,254 milliseconds, but should not have lasted longer than 775 milliseconds.",231,167,14,42,http://stload.se.ifmo.ru:8080/?token=518477874&user=-1355069478&config=3,1254,0,0
1776025823742,1255,config 3 request,200,OK,config 3 3-5,text,false,"The operation lasted too long: It took 1,255 milliseconds, but should not have lasted longer than 775 milliseconds.",231,167,14,42,http://stload.se.ifmo.ru:8080/?token=518477874&user=-1355069478&config=3,1255,0,0
1776025823439,1558,config 2 request,200,OK,config 2 2-9,text,false,"The operation lasted too long: It took 1,558 milliseconds, but should not have lasted longer than 775 milliseconds.",231,167,14,42,http://stload.se.ifmo.ru:8080/?token=518477874&user=-1355069478&config=2,1558,0,0
1776025823747,1274,config 3 request,200,OK,config 3 3-8,text,false,"The operation lasted too long: It took 1,274 milliseconds, but should not have lasted longer than 775 milliseconds.",231,167,14,42,http://stload.se.ifmo.ru:8080/?token=518477874&user=-1355069478&config=3,1274,0,0
1776025823753,1268,config 3 request,200,OK,config 3 3-2,text,false,"The operation lasted too long: It took 1,268 milliseconds, but should not have lasted longer than 775 milliseconds.",231,167,14,42,http://stload.se.ifmo.ru:8080/?token=518477874&user=-1355069478&config=3,1268,0,0
1776025823875,1319,config 3 request,200,OK,config 3 3-11,text,false,"The operation lasted too long: It took 1,319 milliseconds, but should not have lasted longer than 775 milliseconds.",231,167,14,42,http://stload.se.ifmo.ru:8080/?token=518477874&user=-1355069478&config=3,1319,0,0
1776025823860,1520,config 2 request,200,OK,config 2 2-12,text,false,"The operation lasted too long: It took 1,520 milliseconds, but should not have lasted longer than 775 milliseconds.",231,167,14,42,http://stload.se.ifmo.ru:8080/?token=518477874&user=-1355069478&config=2,1520,0,0
1776025823860,1520,config 2 request,200,OK,config 2 2-3,text,false,"The operation lasted too long: It took 1,520 milliseconds, but should not have lasted longer than 775 milliseconds.",231,167,14,42,http://stload.se.ifmo.ru:8080/?token=518477874&user=-1355069478&config=2,1520,0,0
1776025824253,1127,config 3 request,200,OK,config 3 3-7,text,false,"The operation lasted too long: It took 1,127 milliseconds, but should not have lasted longer than 775 milliseconds.",231,167,14,42,http://stload.se.ifmo.ru:8080/?token=518477874&user=-1355069478&config=3,1127,0,0
1776025824244,1136,config 3 request,200,OK,config 3 3-4,text,false,"The operation lasted too long: It took 1,136 milliseconds, but should not have lasted longer than 775 milliseconds.",231,167,14,42,http://stload.se.ifmo.ru:8080/?token=518477874&user=-1355069478&config=3,1136,0,0
1776025824154,1319,config 2 request,200,OK,config 2 2-6,text,false,"The operation lasted too long: It took 1,319 milliseconds, but should not have lasted longer than 775 milliseconds.",231,167,14,42,http://stload.se.ifmo.ru:8080/?token=518477874&user=-1355069478&config=2,1319,0,0
1776025824205,1362,config 2 request,200,OK,config 2 2-14,text,false,"The operation lasted too long: It took 1,362 milliseconds, but should not have lasted longer than 775 milliseconds.",231,167,14,42,http://stload.se.ifmo.ru:8080/?token=518477874&user=-1355069478&config=2,1362,0,0
1776025824202,1366,config 2 request,200,OK,config 2 2-8,text,false,"The operation lasted too long: It took 1,366 milliseconds, but should not have lasted longer than 775 milliseconds.",231,167,14,42,http://stload.se.ifmo.ru:8080/?token=518477874&user=-1355069478&config=2,1366,0,0
1776025824256,1313,config 3 request,200,OK,config 3 3-13,text,false,"The operation lasted too long: It took 1,313 milliseconds, but should not have lasted longer than 775 milliseconds.",231,167,14,42,http://stload.se.ifmo.ru:8080/?token=518477874&user=-1355069478&config=3,1313,0,0
1776025824256,1357,config 2 request,200,OK,config 2 2-11,text,false,"The operation lasted too long: It took 1,357 milliseconds, but should not have lasted longer than 775 milliseconds.",231,167,14,42,http://stload.se.ifmo.ru:8080/?token=518477874&user=-1355069478&config=2,1357,0,0
1776025824328,1326,config 3 request,200,OK,config 3 3-10,text,false,"The operation lasted too long: It took 1,326 milliseconds, but should not have lasted longer than 775 milliseconds.",231,167,14,42,http://stload.se.ifmo.ru:8080/?token=518477874&user=-1355069478&config=3,1326,0,0
1776025824525,1324,config 3 request,200,OK,config 3 3-1,text,false,"The operation lasted too long: It took 1,324 milliseconds, but should not have lasted longer than 775 milliseconds.",231,167,14,42,http://stload.se.ifmo.ru:8080/?token=518477874&user=-1355069478&config=3,1324,0,0
1776025824421,1521,config 2 request,200,OK,config 2 2-5,text,false,"The operation lasted too long: It took 1,521 milliseconds, but should not have lasted longer than 775 milliseconds.",231,167,14,42,http://stload.se.ifmo.ru:8080/?token=518477874&user=-1355069478&config=2,1521,0,0
1776025824419,1523,config 2 request,200,OK,config 2 2-2,text,false,"The operation lasted too long: It took 1,523 milliseconds, but should not have lasted longer than 775 milliseconds.",231,167,14,42,http://stload.se.ifmo.ru:8080/?token=518477874&user=-1355069478&config=2,1523,0,0
1776025824468,1474,config 2 request,200,OK,config 2 2-4,text,false,"The operation lasted too long: It took 1,474 milliseconds, but should not have lasted longer than 775 milliseconds.",231,167,14,42,http://stload.se.ifmo.ru:8080/?token=518477874&user=-1355069478&config=2,1474,0,0
1776025824745,1197,config 3 request,200,OK,config 3 3-9,text,false,"The operation lasted too long: It took 1,197 milliseconds, but should not have lasted longer than 775 milliseconds.",231,167,14,42,http://stload.se.ifmo.ru:8080/?token=518477874&user=-1355069478&config=3,1197,0,0
1776025824913,1207,config 3 request,200,OK,config 3 3-12,text,false,"The operation lasted too long: It took 1,207 milliseconds, but should not have lasted longer than 775 milliseconds.",231,167,14,42,http://stload.se.ifmo.ru:8080/?token=518477874&user=-1355069478&config=3,1207,0,0
1776025824686,1434,config 2 request,200,OK,config 2 2-10,text,false,"The operation lasted too long: It took 1,434 milliseconds, but should not have lasted longer than 775 milliseconds.",231,167,14,42,http://stload.se.ifmo.ru:8080/?token=518477874&user=-1355069478&config=2,1434,0,0
1776025824937,1183,config 3 request,200,OK,config 3 3-6,text,false,"The operation lasted too long: It took 1,183 milliseconds, but should not have lasted longer than 775 milliseconds.",231,167,14,42,http://stload.se.ifmo.ru:8080/?token=518477874&user=-1355069478&config=3,1183,0,0
1776025824937,1265,config 3 request,200,OK,config 3 3-3,text,false,"The operation lasted too long: It took 1,265 milliseconds, but should not have lasted longer than 775 milliseconds.",231,167,14,42,http://stload.se.ifmo.ru:8080/?token=518477874&user=-1355069478&config=3,1265,0,0
1776025824872,1331,config 2 request,200,OK,config 2 2-1,text,false,"The operation lasted too long: It took 1,331 milliseconds, but should not have lasted longer than 775 milliseconds.",231,167,14,42,http://stload.se.ifmo.ru:8080/?token=518477874&user=-1355069478&config=2,1331,0,0
1776025824872,1379,config 2 request,200,OK,config 2 2-13,text,false,"The operation lasted too long: It took 1,379 milliseconds, but should not have lasted longer than 775 milliseconds.",231,167,14,42,http://stload.se.ifmo.ru:8080/?token=518477874&user=-1355069478&config=2,1379,0,0
1776025824938,1356,config 2 request,200,OK,config 2 2-7,text,false,"The operation lasted too long: It took 1,356 milliseconds, but should not have lasted longer than 775 milliseconds.",231,167,14,42,http://stload.se.ifmo.ru:8080/?token=518477874&user=-1355069478&config=2,1356,0,0
1776025825239,1237,config 3 request,200,OK,config 3 3-5,text,false,"The operation lasted too long: It took 1,237 milliseconds, but should not have lasted longer than 775 milliseconds.",231,167,14,42,http://stload.se.ifmo.ru:8080/?token=518477874&user=-1355069478&config=3,1237,0,0
1776025825248,1273,config 3 request,200,OK,config 3 3-8,text,false,"The operation lasted too long: It took 1,273 milliseconds, but should not have lasted longer than 775 milliseconds.",231,167,14,42,http://stload.se.ifmo.ru:8080/?token=518477874&user=-1355069478&config=3,1273,0,0
1776025825254,1267,config 3 request,200,OK,config 3 3-2,text,false,"The operation lasted too long: It took 1,267 milliseconds, but should not have lasted longer than 775 milliseconds.",231,167,14,42,http://stload.se.ifmo.ru:8080/?token=518477874&user=-1355069478&config=3,1267,0,0
1776025825238,1284,config 3 request,200,OK,config 3 3-14,text,false,"The operation lasted too long: It took 1,284 milliseconds, but should not have lasted longer than 775 milliseconds.",231,167,14,42,http://stload.se.ifmo.ru:8080/?token=518477874&user=-1355069478&config=3,1284,0,0
1776025824998,1523,config 2 request,200,OK,config 2 2-9,text,false,"The operation lasted too long: It took 1,523 milliseconds, but should not have lasted longer than 775 milliseconds.",231,167,14,42,http://stload.se.ifmo.ru:8080/?token=518477874&user=-1355069478&config=2,1523,0,0
1776025825375,1240,config 3 request,200,OK,config 3 3-11,text,false,"The operation lasted too long: It took 1,240 milliseconds, but should not have lasted longer than 775 milliseconds.",231,167,14,42,http://stload.se.ifmo.ru:8080/?token=518477874&user=-1355069478&config=3,1240,0,0
1776025825381,1513,config 2 request,200,OK,config 2 2-12,text,false,"The operation lasted too long: It took 1,513 milliseconds, but should not have lasted longer than 775 milliseconds.",231,167,14,42,http://stload.se.ifmo.ru:8080/?token=518477874&user=-1355069478&config=2,1513,0,0
1776025825381,1513,config 2 request,200,OK,config 2 2-3,text,false,"The operation lasted too long: It took 1,513 milliseconds, but should not have lasted longer than 775 milliseconds.",231,167,14,42,http://stload.se.ifmo.ru:8080/?token=518477874&user=-1355069478&config=2,1513,0,0
1776025825753,1281,config 3 request,200,OK,config 3 3-7,text,false,"The operation lasted too long: It took 1,281 milliseconds, but should not have lasted longer than 775 milliseconds.",231,167,14,42,http://stload.se.ifmo.ru:8080/?token=518477874&user=-1355069478&config=3,1281,0,0
1776025825743,1291,config 3 request,200,OK,config 3 3-4,text,false,"The operation lasted too long: It took 1,291 milliseconds, but should not have lasted longer than 775 milliseconds.",231,167,14,42,http://stload.se.ifmo.ru:8080/?token=518477874&user=-1355069478&config=3,1291,0,0
1776025825653,1438,config 2 request,200,OK,config 2 2-6,text,false,"The operation lasted too long: It took 1,438 milliseconds, but should not have lasted longer than 775 milliseconds.",231,167,14,42,http://stload.se.ifmo.ru:8080/?token=518477874&user=-1355069478&config=2,1438,0,0
1776025825827,1264,config 3 request,200,OK,config 3 3-10,text,false,"The operation lasted too long: It took 1,264 milliseconds, but should not have lasted longer than 775 milliseconds.",231,167,14,42,http://stload.se.ifmo.ru:8080/?token=518477874&user=-1355069478&config=3,1264,0,0
1776025825757,1334,config 3 request,200,OK,config 3 3-13,text,false,"The operation lasted too long: It took 1,334 milliseconds, but should not have lasted longer than 775 milliseconds.",231,167,14,42,http://stload.se.ifmo.ru:8080/?token=518477874&user=-1355069478&config=3,1334,0,0
1776025825702,1396,config 2 request,200,OK,config 2 2-8,text,false,"The operation lasted too long: It took 1,396 milliseconds, but should not have lasted longer than 775 milliseconds.",231,167,14,42,http://stload.se.ifmo.ru:8080/?token=518477874&user=-1355069478&config=2,1396,0,0
1776025825702,1396,config 2 request,200,OK,config 2 2-14,text,false,"The operation lasted too long: It took 1,396 milliseconds, but should not have lasted longer than 775 milliseconds.",231,167,14,42,http://stload.se.ifmo.ru:8080/?token=518477874&user=-1355069478&config=2,1396,0,0
1776025825758,1433,config 2 request,200,OK,config 2 2-11,text,false,"The operation lasted too long: It took 1,433 milliseconds, but should not have lasted longer than 775 milliseconds.",231,167,14,42,http://stload.se.ifmo.ru:8080/?token=518477874&user=-1355069478&config=2,1433,0,0
1776025826025,1206,config 3 request,200,OK,config 3 3-1,text,false,"The operation lasted too long: It took 1,206 milliseconds, but should not have lasted longer than 775 milliseconds.",231,167,14,42,http://stload.se.ifmo.ru:8080/?token=518477874&user=-1355069478&config=3,1206,0,0
1776025825967,1358,config 2 request,200,OK,config 2 2-4,text,false,"The operation lasted too long: It took 1,358 milliseconds, but should not have lasted longer than 775 milliseconds.",231,167,14,42,http://stload.se.ifmo.ru:8080/?token=518477874&user=-1355069478&config=2,1358,0,0
1776025825942,1423,config 2 request,200,OK,config 2 2-5,text,false,"The operation lasted too long: It took 1,423 milliseconds, but should not have lasted longer than 775 milliseconds.",231,167,14,42,http://stload.se.ifmo.ru:8080/?token=518477874&user=-1355069478&config=2,1423,0,0
1776025825942,1515,config 2 request,200,OK,config 2 2-2,text,false,"The operation lasted too long: It took 1,515 milliseconds, but should not have lasted longer than 775 milliseconds.",231,167,14,42,http://stload.se.ifmo.ru:8080/?token=518477874&user=-1355069478&config=2,1515,0,0
1776025826248,1208,config 3 request,200,OK,config 3 3-9,text,false,"The operation lasted too long: It took 1,208 milliseconds, but should not have lasted longer than 775 milliseconds.",231,167,14,42,http://stload.se.ifmo.ru:8080/?token=518477874&user=-1355069478&config=3,1208,0,0
1776025826186,1425,config 2 request,200,OK,config 2 2-10,text,false,"The operation lasted too long: It took 1,425 milliseconds, but should not have lasted longer than 775 milliseconds.",231,167,14,42,http://stload.se.ifmo.ru:8080/?token=518477874&user=-1355069478&config=2,1425,0,0
1776025826414,1197,config 3 request,200,OK,config 3 3-12,text,false,"The operation lasted too long: It took 1,197 milliseconds, but should not have lasted longer than 775 milliseconds.",231,167,14,42,http://stload.se.ifmo.ru:8080/?token=518477874&user=-1355069478&config=3,1197,0,0
1776025826376,1359,config 2 request,200,OK,config 2 2-1,text,false,"The operation lasted too long: It took 1,359 milliseconds, but should not have lasted longer than 775 milliseconds.",231,167,14,42,http://stload.se.ifmo.ru:8080/?token=518477874&user=-1355069478&config=2,1359,0,0
1776025826377,1398,config 2 request,200,OK,config 2 2-13,text,false,"The operation lasted too long: It took 1,398 milliseconds, but should not have lasted longer than 775 milliseconds.",231,167,14,42,http://stload.se.ifmo.ru:8080/?token=518477874&user=-1355069478&config=2,1398,0,0
1776025826439,1336,config 3 request,200,OK,config 3 3-3,text,false,"The operation lasted too long: It took 1,336 milliseconds, but should not have lasted longer than 775 milliseconds.",231,167,14,42,http://stload.se.ifmo.ru:8080/?token=518477874&user=-1355069478&config=3,1336,0,0
1776025826438,1431,config 3 request,200,OK,config 3 3-6,text,false,"The operation lasted too long: It took 1,431 milliseconds, but should not have lasted longer than 775 milliseconds.",231,167,14,42,http://stload.se.ifmo.ru:8080/?token=518477874&user=-1355069478&config=3,1431,0,0
1776025826739,1216,config 3 request,200,OK,config 3 3-5,text,false,"The operation lasted too long: It took 1,216 milliseconds, but should not have lasted longer than 775 milliseconds.",231,167,14,42,http://stload.se.ifmo.ru:8080/?token=518477874&user=-1355069478&config=3,1216,0,0
1776025826750,1205,config 3 request,200,OK,config 3 3-2,text,false,"The operation lasted too long: It took 1,205 milliseconds, but should not have lasted longer than 775 milliseconds.",231,167,14,42,http://stload.se.ifmo.ru:8080/?token=518477874&user=-1355069478&config=3,1205,0,0
1776025826743,1212,config 3 request,200,OK,config 3 3-8,text,false,"The operation lasted too long: It took 1,212 milliseconds, but should not have lasted longer than 775 milliseconds.",231,167,14,42,http://stload.se.ifmo.ru:8080/?token=518477874&user=-1355069478&config=3,1212,0,0
1776025826437,1557,config 2 request,200,OK,config 2 2-7,text,false,"The operation lasted too long: It took 1,557 milliseconds, but should not have lasted longer than 775 milliseconds.",231,167,14,42,http://stload.se.ifmo.ru:8080/?token=518477874&user=-1355069478&config=2,1557,0,0
1776025826871,1133,config 3 request,200,OK,config 3 3-11,text,false,"The operation lasted too long: It took 1,133 milliseconds, but should not have lasted longer than 775 milliseconds.",231,167,14,42,http://stload.se.ifmo.ru:8080/?token=518477874&user=-1355069478&config=3,1133,0,0
1776025826739,1348,config 3 request,200,OK,config 3 3-14,text,false,"The operation lasted too long: It took 1,348 milliseconds, but should not have lasted longer than 775 milliseconds.",231,167,14,42,http://stload.se.ifmo.ru:8080/?token=518477874&user=-1355069478&config=3,1348,0,0
1776025826521,1566,config 2 request,200,OK,config 2 2-9,text,false,"The operation lasted too long: It took 1,566 milliseconds, but should not have lasted longer than 775 milliseconds.",231,167,14,42,http://stload.se.ifmo.ru:8080/?token=518477874&user=-1355069478&config=2,1566,0,0
1776025826893,1336,config 2 request,200,OK,config 2 2-3,text,false,"The operation lasted too long: It took 1,336 milliseconds, but should not have lasted longer than 775 milliseconds.",231,167,14,42,http://stload.se.ifmo.ru:8080/?token=518477874&user=-1355069478&config=2,1336,0,0
1776025826893,1430,config 2 request,200,OK,config 2 2-12,text,false,"The operation lasted too long: It took 1,430 milliseconds, but should not have lasted longer than 775 milliseconds.",231,167,14,42,http://stload.se.ifmo.ru:8080/?token=518477874&user=-1355069478&config=2,1430,0,0
1776025827244,1276,config 3 request,200,OK,config 3 3-4,text,false,"The operation lasted too long: It took 1,276 milliseconds, but should not have lasted longer than 775 milliseconds.",231,167,14,42,http://stload.se.ifmo.ru:8080/?token=518477874&user=-1355069478&config=3,1276,0,0
1776025827152,1368,config 2 request,200,OK,config 2 2-6,text,false,"The operation lasted too long: It took 1,368 milliseconds, but should not have lasted longer than 775 milliseconds.",231,167,14,42,http://stload.se.ifmo.ru:8080/?token=518477874&user=-1355069478&config=2,1368,0,0
1776025827253,1437,config 3 request,200,OK,config 3 3-13,text,false,"The operation lasted too long: It took 1,437 milliseconds, but should not have lasted longer than 775 milliseconds.",231,167,14,42,http://stload.se.ifmo.ru:8080/?token=518477874&user=-1355069478&config=3,1437,0,0
1776025827204,1486,config 2 request,200,OK,config 2 2-8,text,false,"The operation lasted too long: It took 1,486 milliseconds, but should not have lasted longer than 775 milliseconds.",231,167,14,42,http://stload.se.ifmo.ru:8080/?token=518477874&user=-1355069478&config=2,1486,0,0
1776025827256,1434,config 3 request,200,OK,config 3 3-7,text,false,"The operation lasted too long: It took 1,434 milliseconds, but should not have lasted longer than 775 milliseconds.",231,167,14,42,http://stload.se.ifmo.ru:8080/?token=518477874&user=-1355069478&config=3,1434,0,0
1776025827200,1490,config 2 request,200,OK,config 2 2-14,text,false,"The operation lasted too long: It took 1,490 milliseconds, but should not have lasted longer than 775 milliseconds.",231,167,14,42,http://stload.se.ifmo.ru:8080/?token=518477874&user=-1355069478&config=2,1490,0,0
1776025827256,1467,config 2 request,200,OK,config 2 2-11,text,false,"The operation lasted too long: It took 1,467 milliseconds, but should not have lasted longer than 775 milliseconds.",231,167,14,42,http://stload.se.ifmo.ru:8080/?token=518477874&user=-1355069478&config=2,1467,0,0
1776025827330,1450,config 3 request,200,OK,config 3 3-10,text,false,"The operation lasted too long: It took 1,450 milliseconds, but should not have lasted longer than 775 milliseconds.",231,167,14,42,http://stload.se.ifmo.ru:8080/?token=518477874&user=-1355069478&config=3,1450,0,0
1776025827528,1252,config 3 request,200,OK,config 3 3-1,text,false,"The operation lasted too long: It took 1,252 milliseconds, but should not have lasted longer than 775 milliseconds.",231,167,14,42,http://stload.se.ifmo.ru:8080/?token=518477874&user=-1355069478&config=3,1252,0,0
1776025827468,1533,config 2 request,200,OK,config 2 2-4,text,false,"The operation lasted too long: It took 1,533 milliseconds, but should not have lasted longer than 775 milliseconds.",231,167,14,42,http://stload.se.ifmo.ru:8080/?token=518477874&user=-1355069478&config=2,1533,0,0
1776025827446,1555,config 2 request,200,OK,config 2 2-5,text,false,"The operation lasted too long: It took 1,555 milliseconds, but should not have lasted longer than 775 milliseconds.",231,167,14,42,http://stload.se.ifmo.ru:8080/?token=518477874&user=-1355069478&config=2,1555,0,0
1776025827747,1254,config 3 request,200,OK,config 3 3-9,text,false,"The operation lasted too long: It took 1,254 milliseconds, but should not have lasted longer than 775 milliseconds.",231,167,14,42,http://stload.se.ifmo.ru:8080/?token=518477874&user=-1355069478&config=3,1254,0,0
1776025827457,1545,config 2 request,200,OK,config 2 2-2,text,false,"The operation lasted too long: It took 1,545 milliseconds, but should not have lasted longer than 775 milliseconds.",231,167,14,42,http://stload.se.ifmo.ru:8080/?token=518477874&user=-1355069478&config=2,1544,0,0
1776025827910,1124,config 3 request,200,OK,config 3 3-12,text,false,"The operation lasted too long: It took 1,124 milliseconds, but should not have lasted longer than 775 milliseconds.",231,167,14,42,http://stload.se.ifmo.ru:8080/?token=518477874&user=-1355069478&config=3,1124,0,0
1776025827937,1281,config 3 request,200,OK,config 3 3-3,text,false,"The operation lasted too long: It took 1,281 milliseconds, but should not have lasted longer than 775 milliseconds.",231,167,14,42,http://stload.se.ifmo.ru:8080/?token=518477874&user=-1355069478&config=3,1281,0,0
1776025827935,1283,config 3 request,200,OK,config 3 3-6,text,false,"The operation lasted too long: It took 1,283 milliseconds, but should not have lasted longer than 775 milliseconds.",231,167,14,42,http://stload.se.ifmo.ru:8080/?token=518477874&user=-1355069478&config=3,1283,0,0
1776025827685,1533,config 2 request,200,OK,config 2 2-10,text,false,"The operation lasted too long: It took 1,533 milliseconds, but should not have lasted longer than 775 milliseconds.",231,167,14,42,http://stload.se.ifmo.ru:8080/?token=518477874&user=-1355069478&config=2,1533,0,0
1776025827873,1613,config 2 request,200,OK,config 2 2-1,text,false,"The operation lasted too long: It took 1,613 milliseconds, but should not have lasted longer than 775 milliseconds.",231,167,14,42,http://stload.se.ifmo.ru:8080/?token=518477874&user=-1355069478&config=2,1613,0,0
1776025827994,1493,config 2 request,200,OK,config 2 2-7,text,false,"The operation lasted too long: It took 1,493 milliseconds, but should not have lasted longer than 775 milliseconds.",231,167,14,42,http://stload.se.ifmo.ru:8080/?token=518477874&user=-1355069478&config=2,1492,0,0
1776025827877,1609,config 2 request,200,OK,config 2 2-13,text,false,"The operation lasted too long: It took 1,609 milliseconds, but should not have lasted longer than 775 milliseconds.",231,167,14,42,http://stload.se.ifmo.ru:8080/?token=518477874&user=-1355069478&config=2,1609,0,0
1776025828247,1301,config 3 request,200,OK,config 3 3-8,text,false,"The operation lasted too long: It took 1,301 milliseconds, but should not have lasted longer than 775 milliseconds.",231,167,14,42,http://stload.se.ifmo.ru:8080/?token=518477874&user=-1355069478&config=3,1301,0,0
1776025828250,1298,config 3 request,200,OK,config 3 3-2,text,false,"The operation lasted too long: It took 1,298 milliseconds, but should not have lasted longer than 775 milliseconds.",231,167,14,42,http://stload.se.ifmo.ru:8080/?token=518477874&user=-1355069478&config=3,1298,0,0
1776025828238,1310,config 3 request,200,OK,config 3 3-5,text,false,"The operation lasted too long: It took 1,310 milliseconds, but should not have lasted longer than 775 milliseconds.",231,167,14,42,http://stload.se.ifmo.ru:8080/?token=518477874&user=-1355069478&config=3,1310,0,0
1776025828242,1322,config 3 request,200,OK,config 3 3-14,text,false,"The operation lasted too long: It took 1,322 milliseconds, but should not have lasted longer than 775 milliseconds.",231,167,14,42,http://stload.se.ifmo.ru:8080/?token=518477874&user=-1355069478&config=3,1322,0,0
1776025828372,1501,config 3 request,200,OK,config 3 3-11,text,false,"The operation lasted too long: It took 1,501 milliseconds, but should not have lasted longer than 775 milliseconds.",231,167,14,42,http://stload.se.ifmo.ru:8080/?token=518477874&user=-1355069478&config=3,1501,0,0
1776025828398,1474,config 2 request,200,OK,config 2 2-3,text,false,"The operation lasted too long: It took 1,474 milliseconds, but should not have lasted longer than 775 milliseconds.",231,167,14,42,http://stload.se.ifmo.ru:8080/?token=518477874&user=-1355069478&config=2,1474,0,0
1776025828088,1785,config 2 request,200,OK,config 2 2-9,text,false,"The operation lasted too long: It took 1,785 milliseconds, but should not have lasted longer than 775 milliseconds.",231,167,14,42,http://stload.se.ifmo.ru:8080/?token=518477874&user=-1355069478&config=2,1785,0,0
1776025828398,1515,config 2 request,200,OK,config 2 2-12,text,false,"The operation lasted too long: It took 1,515 milliseconds, but should not have lasted longer than 775 milliseconds.",231,167,14,42,http://stload.se.ifmo.ru:8080/?token=518477874&user=-1355069478&config=2,1515,0,0
1776025828753,1160,config 3 request,200,OK,config 3 3-13,text,false,"The operation lasted too long: It took 1,160 milliseconds, but should not have lasted longer than 775 milliseconds.",231,167,14,42,http://stload.se.ifmo.ru:8080/?token=518477874&user=-1355069478&config=3,1160,0,0
1776025828742,1171,config 3 request,200,OK,config 3 3-4,text,false,"The operation lasted too long: It took 1,171 milliseconds, but should not have lasted longer than 775 milliseconds.",231,167,14,42,http://stload.se.ifmo.ru:8080/?token=518477874&user=-1355069478&config=3,1171,0,0
1776025828654,1368,config 2 request,200,OK,config 2 2-6,text,false,"The operation lasted too long: It took 1,368 milliseconds, but should not have lasted longer than 775 milliseconds.",231,167,14,42,http://stload.se.ifmo.ru:8080/?token=518477874&user=-1355069478&config=2,1368,0,0
1776025828753,1269,config 3 request,200,OK,config 3 3-7,text,false,"The operation lasted too long: It took 1,269 milliseconds, but should not have lasted longer than 775 milliseconds.",231,167,14,42,http://stload.se.ifmo.ru:8080/?token=518477874&user=-1355069478&config=3,1269,0,0
1776025828701,1352,config 2 request,200,OK,config 2 2-14,text,false,"The operation lasted too long: It took 1,352 milliseconds, but should not have lasted longer than 775 milliseconds.",231,167,14,42,http://stload.se.ifmo.ru:8080/?token=518477874&user=-1355069478&config=2,1352,0,0
1776025828830,1317,config 3 request,200,OK,config 3 3-10,text,false,"The operation lasted too long: It took 1,317 milliseconds, but should not have lasted longer than 775 milliseconds.",231,167,14,42,http://stload.se.ifmo.ru:8080/?token=518477874&user=-1355069478&config=3,1317,0,0
1776025828700,1447,config 2 request,200,OK,config 2 2-8,text,false,"The operation lasted too long: It took 1,447 milliseconds, but should not have lasted longer than 775 milliseconds.",231,167,14,42,http://stload.se.ifmo.ru:8080/?token=518477874&user=-1355069478&config=2,1447,0,0
1776025828757,1390,config 2 request,200,OK,config 2 2-11,text,false,"The operation lasted too long: It took 1,390 milliseconds, but should not have lasted longer than 775 milliseconds.",231,167,14,42,http://stload.se.ifmo.ru:8080/?token=518477874&user=-1355069478&config=2,1390,0,0
1776025829024,1163,config 3 request,200,OK,config 3 3-1,text,false,"The operation lasted too long: It took 1,163 milliseconds, but should not have lasted longer than 775 milliseconds.",231,167,14,42,http://stload.se.ifmo.ru:8080/?token=518477874&user=-1355069478&config=3,1163,0,0
1776025829002,1448,config 2 request,200,OK,config 2 2-4,text,false,"The operation lasted too long: It took 1,448 milliseconds, but should not have lasted longer than 775 milliseconds.",231,167,14,42,http://stload.se.ifmo.ru:8080/?token=518477874&user=-1355069478&config=2,1448,0,0
1776025829249,1388,config 3 request,200,OK,config 3 3-9,text,false,"The operation lasted too long: It took 1,388 milliseconds, but should not have lasted longer than 775 milliseconds.",231,167,14,42,http://stload.se.ifmo.ru:8080/?token=518477874&user=-1355069478&config=3,1388,0,0
1776025829413,1224,config 3 request,200,OK,config 3 3-12,text,false,"The operation lasted too long: It took 1,224 milliseconds, but should not have lasted longer than 775 milliseconds.",231,167,14,42,http://stload.se.ifmo.ru:8080/?token=518477874&user=-1355069478&config=3,1224,0,0
1776025829439,1198,config 3 request,200,OK,config 3 3-3,text,false,"The operation lasted too long: It took 1,198 milliseconds, but should not have lasted longer than 775 milliseconds.",231,167,14,42,http://stload.se.ifmo.ru:8080/?token=518477874&user=-1355069478&config=3,1198,0,0
1776025829439,1200,config 3 request,200,OK,config 3 3-6,text,false,"The operation lasted too long: It took 1,200 milliseconds, but should not have lasted longer than 775 milliseconds.",231,167,14,42,http://stload.se.ifmo.ru:8080/?token=518477874&user=-1355069478&config=3,1200,0,0
1776025829002,1639,config 2 request,200,OK,config 2 2-5,text,false,"The operation lasted too long: It took 1,639 milliseconds, but should not have lasted longer than 775 milliseconds.",231,167,14,42,http://stload.se.ifmo.ru:8080/?token=518477874&user=-1355069478&config=2,1639,0,0
1776025829002,1640,config 2 request,200,OK,config 2 2-2,text,false,"The operation lasted too long: It took 1,640 milliseconds, but should not have lasted longer than 775 milliseconds.",231,167,14,42,http://stload.se.ifmo.ru:8080/?token=518477874&user=-1355069478&config=2,1640,0,0
1776025829219,1511,config 2 request,200,OK,config 2 2-10,text,false,"The operation lasted too long: It took 1,511 milliseconds, but should not have lasted longer than 775 milliseconds.",231,167,14,42,http://stload.se.ifmo.ru:8080/?token=518477874&user=-1355069478&config=2,1511,0,0
1776025829487,1391,config 2 request,200,OK,config 2 2-1,text,false,"The operation lasted too long: It took 1,391 milliseconds, but should not have lasted longer than 775 milliseconds.",231,167,14,42,http://stload.se.ifmo.ru:8080/?token=518477874&user=-1355069478&config=2,1391,0,0
1776025829742,1143,config 3 request,200,OK,config 3 3-5,text,false,"The operation lasted too long: It took 1,143 milliseconds, but should not have lasted longer than 775 milliseconds.",231,167,14,42,http://stload.se.ifmo.ru:8080/?token=518477874&user=-1355069478&config=3,1143,0,0
1776025829495,1390,config 2 request,200,OK,config 2 2-7,text,false,"The operation lasted too long: It took 1,390 milliseconds, but should not have lasted longer than 775 milliseconds.",231,167,14,42,http://stload.se.ifmo.ru:8080/?token=518477874&user=-1355069478&config=2,1390,0,0
1776025829742,1184,config 3 request,200,OK,config 3 3-14,text,false,"The operation lasted too long: It took 1,184 milliseconds, but should not have lasted longer than 775 milliseconds.",231,167,14,42,http://stload.se.ifmo.ru:8080/?token=518477874&user=-1355069478&config=3,1184,0,0
1776025829487,1585,config 2 request,200,OK,config 2 2-13,text,false,"The operation lasted too long: It took 1,585 milliseconds, but should not have lasted longer than 775 milliseconds.",231,167,14,42,http://stload.se.ifmo.ru:8080/?token=518477874&user=-1355069478&config=2,1585,0,0
1776025829873,1199,config 3 request,200,OK,config 3 3-11,text,false,"The operation lasted too long: It took 1,199 milliseconds, but should not have lasted longer than 775 milliseconds.",231,167,14,42,http://stload.se.ifmo.ru:8080/?token=518477874&user=-1355069478&config=3,1199,0,0
1776025829754,1318,config 3 request,200,OK,config 3 3-2,text,false,"The operation lasted too long: It took 1,318 milliseconds, but should not have lasted longer than 775 milliseconds.",231,167,14,42,http://stload.se.ifmo.ru:8080/?token=518477874&user=-1355069478&config=3,1318,0,0
1776025829742,1330,config 3 request,200,OK,config 3 3-8,text,false,"The operation lasted too long: It took 1,330 milliseconds, but should not have lasted longer than 775 milliseconds.",231,167,14,42,http://stload.se.ifmo.ru:8080/?token=518477874&user=-1355069478&config=3,1330,0,0
1776025829873,1391,config 2 request,200,OK,config 2 2-9,text,false,"The operation lasted too long: It took 1,391 milliseconds, but should not have lasted longer than 775 milliseconds.",231,167,14,42,http://stload.se.ifmo.ru:8080/?token=518477874&user=-1355069478&config=2,1391,0,0
1776025829897,1553,config 2 request,200,OK,config 2 2-3,text,false,"The operation lasted too long: It took 1,553 milliseconds, but should not have lasted longer than 775 milliseconds.",231,167,14,42,http://stload.se.ifmo.ru:8080/?token=518477874&user=-1355069478&config=2,1553,0,0
1776025829914,1536,config 2 request,200,OK,config 2 2-12,text,false,"The operation lasted too long: It took 1,536 milliseconds, but should not have lasted longer than 775 milliseconds.",231,167,14,42,http://stload.se.ifmo.ru:8080/?token=518477874&user=-1355069478&config=2,1536,0,0
1776025830242,1325,config 3 request,200,OK,config 3 3-4,text,false,"The operation lasted too long: It took 1,325 milliseconds, but should not have lasted longer than 775 milliseconds.",231,167,14,42,http://stload.se.ifmo.ru:8080/?token=518477874&user=-1355069478&config=3,1325,0,0
1776025830153,1414,config 2 request,200,OK,config 2 2-6,text,false,"The operation lasted too long: It took 1,414 milliseconds, but should not have lasted longer than 775 milliseconds.",231,167,14,42,http://stload.se.ifmo.ru:8080/?token=518477874&user=-1355069478&config=2,1414,0,0
1776025830252,1400,config 3 request,200,OK,config 3 3-7,text,false,"The operation lasted too long: It took 1,400 milliseconds, but should not have lasted longer than 775 milliseconds.",231,167,14,42,http://stload.se.ifmo.ru:8080/?token=518477874&user=-1355069478&config=3,1400,0,0
1776025830252,1402,config 3 request,200,OK,config 3 3-13,text,false,"The operation lasted too long: It took 1,402 milliseconds, but should not have lasted longer than 775 milliseconds.",231,167,14,42,http://stload.se.ifmo.ru:8080/?token=518477874&user=-1355069478&config=3,1402,0,0
1776025830331,1433,config 3 request,200,OK,config 3 3-10,text,false,"The operation lasted too long: It took 1,433 milliseconds, but should not have lasted longer than 775 milliseconds.",231,167,14,42,http://stload.se.ifmo.ru:8080/?token=518477874&user=-1355069478&config=3,1433,0,0
1776025830202,1562,config 2 request,200,OK,config 2 2-8,text,false,"The operation lasted too long: It took 1,562 milliseconds, but should not have lasted longer than 775 milliseconds.",231,167,14,42,http://stload.se.ifmo.ru:8080/?token=518477874&user=-1355069478&config=2,1562,0,0
1776025830526,1238,config 3 request,200,OK,config 3 3-1,text,false,"The operation lasted too long: It took 1,238 milliseconds, but should not have lasted longer than 775 milliseconds.",231,167,14,42,http://stload.se.ifmo.ru:8080/?token=518477874&user=-1355069478&config=3,1238,0,0
1776025830259,1581,config 2 request,200,OK,config 2 2-11,text,false,"The operation lasted too long: It took 1,581 milliseconds, but should not have lasted longer than 775 milliseconds.",231,167,14,42,http://stload.se.ifmo.ru:8080/?token=518477874&user=-1355069478&config=2,1581,0,0
1776025830204,1636,config 2 request,200,OK,config 2 2-14,text,false,"The operation lasted too long: It took 1,636 milliseconds, but should not have lasted longer than 775 milliseconds.",231,167,14,42,http://stload.se.ifmo.ru:8080/?token=518477874&user=-1355069478&config=2,1636,0,0
1776025830504,1337,config 2 request,200,OK,config 2 2-4,text,false,"The operation lasted too long: It took 1,337 milliseconds, but should not have lasted longer than 775 milliseconds.",231,167,14,42,http://stload.se.ifmo.ru:8080/?token=518477874&user=-1355069478&config=2,1337,0,0
1776025830744,1247,config 3 request,200,OK,config 3 3-9,text,false,"The operation lasted too long: It took 1,247 milliseconds, but should not have lasted longer than 775 milliseconds.",231,167,14,42,http://stload.se.ifmo.ru:8080/?token=518477874&user=-1355069478&config=3,1247,0,0
1776025830913,1295,config 3 request,200,OK,config 3 3-12,text,false,"The operation lasted too long: It took 1,295 milliseconds, but should not have lasted longer than 775 milliseconds.",231,167,14,42,http://stload.se.ifmo.ru:8080/?token=518477874&user=-1355069478&config=3,1295,0,0
1776025830643,1565,config 2 request,200,OK,config 2 2-5,text,false,"The operation lasted too long: It took 1,565 milliseconds, but should not have lasted longer than 775 milliseconds.",231,167,14,42,http://stload.se.ifmo.ru:8080/?token=518477874&user=-1355069478&config=2,1565,0,0
1776025830642,1566,config 2 request,200,OK,config 2 2-2,text,false,"The operation lasted too long: It took 1,566 milliseconds, but should not have lasted longer than 775 milliseconds.",231,167,14,42,http://stload.se.ifmo.ru:8080/?token=518477874&user=-1355069478&config=2,1566,0,0
1776025830730,1512,config 2 request,200,OK,config 2 2-10,text,false,"The operation lasted too long: It took 1,512 milliseconds, but should not have lasted longer than 775 milliseconds.",231,167,14,42,http://stload.se.ifmo.ru:8080/?token=518477874&user=-1355069478&config=2,1512,0,0
1776025830937,1305,config 3 request,200,OK,config 3 3-6,text,false,"The operation lasted too long: It took 1,305 milliseconds, but should not have lasted longer than 775 milliseconds.",231,167,14,42,http://stload.se.ifmo.ru:8080/?token=518477874&user=-1355069478&config=3,1305,0,0
1776025830937,1305,config 3 request,200,OK,config 3 3-3,text,false,"The operation lasted too long: It took 1,305 milliseconds, but should not have lasted longer than 775 milliseconds.",231,167,14,42,http://stload.se.ifmo.ru:8080/?token=518477874&user=-1355069478&config=3,1305,0,0
1776025831242,1241,config 3 request,200,OK,config 3 3-14,text,false,"The operation lasted too long: It took 1,241 milliseconds, but should not have lasted longer than 775 milliseconds.",231,167,14,42,http://stload.se.ifmo.ru:8080/?token=518477874&user=-1355069478&config=3,1241,0,0
1776025831242,1241,config 3 request,200,OK,config 3 3-5,text,false,"The operation lasted too long: It took 1,241 milliseconds, but should not have lasted longer than 775 milliseconds.",231,167,14,42,http://stload.se.ifmo.ru:8080/?token=518477874&user=-1355069478&config=3,1241,0,0
1776025830989,1494,config 2 request,200,OK,config 2 2-1,text,false,"The operation lasted too long: It took 1,494 milliseconds, but should not have lasted longer than 775 milliseconds.",231,167,14,42,http://stload.se.ifmo.ru:8080/?token=518477874&user=-1355069478&config=2,1494,0,0
1776025831072,1456,config 2 request,200,OK,config 2 2-13,text,false,"The operation lasted too long: It took 1,456 milliseconds, but should not have lasted longer than 775 milliseconds.",231,167,14,42,http://stload.se.ifmo.ru:8080/?token=518477874&user=-1355069478&config=2,1456,0,0
1776025831244,1284,config 3 request,200,OK,config 3 3-8,text,false,"The operation lasted too long: It took 1,284 milliseconds, but should not have lasted longer than 775 milliseconds.",231,167,14,42,http://stload.se.ifmo.ru:8080/?token=518477874&user=-1355069478&config=3,1284,0,0
1776025831252,1275,config 3 request,200,OK,config 3 3-2,text,false,"The operation lasted too long: It took 1,275 milliseconds, but should not have lasted longer than 775 milliseconds.",231,167,14,42,http://stload.se.ifmo.ru:8080/?token=518477874&user=-1355069478&config=3,1275,0,0
1776025830997,1532,config 2 request,200,OK,config 2 2-7,text,false,"The operation lasted too long: It took 1,532 milliseconds, but should not have lasted longer than 775 milliseconds.",231,167,14,42,http://stload.se.ifmo.ru:8080/?token=518477874&user=-1355069478&config=2,1532,0,0
1776025831378,1236,config 3 request,200,OK,config 3 3-11,text,false,"The operation lasted too long: It took 1,236 milliseconds, but should not have lasted longer than 775 milliseconds.",231,167,14,42,http://stload.se.ifmo.ru:8080/?token=518477874&user=-1355069478&config=3,1236,0,0
1776025831375,1375,config 2 request,200,OK,config 2 2-9,text,false,"The operation lasted too long: It took 1,375 milliseconds, but should not have lasted longer than 775 milliseconds.",231,167,14,42,http://stload.se.ifmo.ru:8080/?token=518477874&user=-1355069478&config=2,1375,0,0
1776025831450,1851,config 2 request,200,OK,config 2 2-3,text,false,"The operation lasted too long: It took 1,851 milliseconds, but should not have lasted longer than 775 milliseconds.",231,167,14,42,http://stload.se.ifmo.ru:8080/?token=518477874&user=-1355069478&config=2,1851,0,0
1776025831450,1851,config 2 request,200,OK,config 2 2-12,text,false,"The operation lasted too long: It took 1,851 milliseconds, but should not have lasted longer than 775 milliseconds.",231,167,14,42,http://stload.se.ifmo.ru:8080/?token=518477874&user=-1355069478&config=2,1851,0,0
1776025831743,1558,config 3 request,200,OK,config 3 3-4,text,false,"The operation lasted too long: It took 1,558 milliseconds, but should not have lasted longer than 775 milliseconds.",231,167,14,42,http://stload.se.ifmo.ru:8080/?token=518477874&user=-1355069478&config=3,1558,0,0
1776025831752,1550,config 3 request,200,OK,config 3 3-7,text,false,"The operation lasted too long: It took 1,550 milliseconds, but should not have lasted longer than 775 milliseconds.",231,167,14,42,http://stload.se.ifmo.ru:8080/?token=518477874&user=-1355069478&config=3,1550,0,0
1776025831756,1546,config 3 request,200,OK,config 3 3-13,text,false,"The operation lasted too long: It took 1,546 milliseconds, but should not have lasted longer than 775 milliseconds.",231,167,14,42,http://stload.se.ifmo.ru:8080/?token=518477874&user=-1355069478&config=3,1546,0,0
1776025831657,1645,config 2 request,200,OK,config 2 2-6,text,false,"The operation lasted too long: It took 1,645 milliseconds, but should not have lasted longer than 775 milliseconds.",231,167,14,42,http://stload.se.ifmo.ru:8080/?token=518477874&user=-1355069478&config=2,1645,0,0
1776025831827,1476,config 3 request,200,OK,config 3 3-10,text,false,"The operation lasted too long: It took 1,476 milliseconds, but should not have lasted longer than 775 milliseconds.",231,167,14,42,http://stload.se.ifmo.ru:8080/?token=518477874&user=-1355069478&config=3,1476,0,0
1776025831765,1576,config 2 request,200,OK,config 2 2-8,text,false,"The operation lasted too long: It took 1,576 milliseconds, but should not have lasted longer than 775 milliseconds.",231,167,14,42,http://stload.se.ifmo.ru:8080/?token=518477874&user=-1355069478&config=2,1576,0,0
1776025831841,1501,config 2 request,200,OK,config 2 2-14,text,false,"The operation lasted too long: It took 1,501 milliseconds, but should not have lasted longer than 775 milliseconds.",231,167,14,42,http://stload.se.ifmo.ru:8080/?token=518477874&user=-1355069478&config=2,1501,0,0
1776025832025,1317,config 3 request,200,OK,config 3 3-1,text,false,"The operation lasted too long: It took 1,317 milliseconds, but should not have lasted longer than 775 milliseconds.",231,167,14,42,http://stload.se.ifmo.ru:8080/?token=518477874&user=-1355069478&config=3,1317,0,0
1776025832005,1389,config 2 request,200,OK,config 2 2-4,text,false,"The operation lasted too long: It took 1,389 milliseconds, but should not have lasted longer than 775 milliseconds.",231,167,14,42,http://stload.se.ifmo.ru:8080/?token=518477874&user=-1355069478&config=2,1389,0,0
1776025831841,1593,config 2 request,200,OK,config 2 2-11,text,false,"The operation lasted too long: It took 1,593 milliseconds, but should not have lasted longer than 775 milliseconds.",231,167,14,42,http://stload.se.ifmo.ru:8080/?token=518477874&user=-1355069478&config=2,1593,0,0
1776025832248,1324,config 3 request,200,OK,config 3 3-9,text,false,"The operation lasted too long: It took 1,324 milliseconds, but should not have lasted longer than 775 milliseconds.",231,167,14,42,http://stload.se.ifmo.ru:8080/?token=518477874&user=-1355069478&config=3,1324,0,0
1776025832439,1133,config 3 request,200,OK,config 3 3-3,text,false,"The operation lasted too long: It took 1,133 milliseconds, but should not have lasted longer than 775 milliseconds.",231,167,14,42,http://stload.se.ifmo.ru:8080/?token=518477874&user=-1355069478&config=3,1133,0,0
1776025832411,1272,config 3 request,200,OK,config 3 3-12,text,false,"The operation lasted too long: It took 1,272 milliseconds, but should not have lasted longer than 775 milliseconds.",231,167,14,42,http://stload.se.ifmo.ru:8080/?token=518477874&user=-1355069478&config=3,1272,0,0
1776025832208,1475,config 2 request,200,OK,config 2 2-5,text,false,"The operation lasted too long: It took 1,475 milliseconds, but should not have lasted longer than 775 milliseconds.",231,167,14,42,http://stload.se.ifmo.ru:8080/?token=518477874&user=-1355069478&config=2,1475,0,0
1776025832435,1248,config 3 request,200,OK,config 3 3-6,text,false,"The operation lasted too long: It took 1,248 milliseconds, but should not have lasted longer than 775 milliseconds.",231,167,14,42,http://stload.se.ifmo.ru:8080/?token=518477874&user=-1355069478&config=3,1248,0,0
1776025832209,1507,config 2 request,200,OK,config 2 2-2,text,false,"The operation lasted too long: It took 1,507 milliseconds, but should not have lasted longer than 775 milliseconds.",231,167,14,42,http://stload.se.ifmo.ru:8080/?token=518477874&user=-1355069478&config=2,1507,0,0
1776025832242,1474,config 2 request,200,OK,config 2 2-10,text,false,"The operation lasted too long: It took 1,474 milliseconds, but should not have lasted longer than 775 milliseconds.",231,167,14,42,http://stload.se.ifmo.ru:8080/?token=518477874&user=-1355069478&config=2,1474,0,0
1776025832488,1452,config 2 request,200,OK,config 2 2-1,text,false,"The operation lasted too long: It took 1,452 milliseconds, but should not have lasted longer than 775 milliseconds.",231,167,14,42,http://stload.se.ifmo.ru:8080/?token=518477874&user=-1355069478&config=2,1452,0,0
1776025832741,1315,config 3 request,200,OK,config 3 3-5,text,false,"The operation lasted too long: It took 1,315 milliseconds, but should not have lasted longer than 775 milliseconds.",231,167,14,42,http://stload.se.ifmo.ru:8080/?token=518477874&user=-1355069478&config=3,1315,0,0
1776025832529,1527,config 2 request,200,OK,config 2 2-7,text,false,"The operation lasted too long: It took 1,527 milliseconds, but should not have lasted longer than 775 milliseconds.",231,167,14,42,http://stload.se.ifmo.ru:8080/?token=518477874&user=-1355069478&config=2,1527,0,0
1776025832747,1309,config 3 request,200,OK,config 3 3-8,text,false,"The operation lasted too long: It took 1,309 milliseconds, but should not have lasted longer than 775 milliseconds.",231,167,14,42,http://stload.se.ifmo.ru:8080/?token=518477874&user=-1355069478&config=3,1309,0,0
1776025832741,1315,config 3 request,200,OK,config 3 3-14,text,false,"The operation lasted too long: It took 1,315 milliseconds, but should not have lasted longer than 775 milliseconds.",231,167,14,42,http://stload.se.ifmo.ru:8080/?token=518477874&user=-1355069478&config=3,1315,0,0
1776025832574,1515,config 2 request,200,OK,config 2 2-13,text,false,"The operation lasted too long: It took 1,515 milliseconds, but should not have lasted longer than 775 milliseconds.",231,167,14,42,http://stload.se.ifmo.ru:8080/?token=518477874&user=-1355069478&config=2,1515,0,0
1776025832752,1337,config 3 request,200,OK,config 3 3-2,text,false,"The operation lasted too long: It took 1,337 milliseconds, but should not have lasted longer than 775 milliseconds.",231,167,14,42,http://stload.se.ifmo.ru:8080/?token=518477874&user=-1355069478&config=3,1337,0,0
1776025832874,1304,config 3 request,200,OK,config 3 3-11,text,false,"The operation lasted too long: It took 1,304 milliseconds, but should not have lasted longer than 775 milliseconds.",231,167,14,42,http://stload.se.ifmo.ru:8080/?token=518477874&user=-1355069478&config=3,1304,0,0
1776025833326,1106,config 3 request,200,OK,config 3 3-10,text,false,"The operation lasted too long: It took 1,106 milliseconds, but should not have lasted longer than 775 milliseconds.",231,167,14,42,http://stload.se.ifmo.ru:8080/?token=518477874&user=-1355069478&config=3,1106,0,0
1776025833301,1132,config 3 request,200,OK,config 3 3-4,text,false,"The operation lasted too long: It took 1,132 milliseconds, but should not have lasted longer than 775 milliseconds.",231,167,14,42,http://stload.se.ifmo.ru:8080/?token=518477874&user=-1355069478&config=3,1132,0,0
1776025833302,1130,config 3 request,200,OK,config 3 3-7,text,false,"The operation lasted too long: It took 1,130 milliseconds, but should not have lasted longer than 775 milliseconds.",231,167,14,42,http://stload.se.ifmo.ru:8080/?token=518477874&user=-1355069478&config=3,1130,0,0
1776025833302,1281,config 3 request,200,OK,config 3 3-13,text,false,"The operation lasted too long: It took 1,281 milliseconds, but should not have lasted longer than 775 milliseconds.",231,167,14,42,http://stload.se.ifmo.ru:8080/?token=518477874&user=-1355069478&config=3,1281,0,0
1776025832874,1716,config 2 request,200,OK,config 2 2-9,text,false,"The operation lasted too long: It took 1,716 milliseconds, but should not have lasted longer than 775 milliseconds.",231,167,14,42,http://stload.se.ifmo.ru:8080/?token=518477874&user=-1355069478&config=2,1716,0,0
1776025833301,1424,config 2 request,200,OK,config 2 2-3,text,false,"The operation lasted too long: It took 1,424 milliseconds, but should not have lasted longer than 775 milliseconds.",231,167,14,42,http://stload.se.ifmo.ru:8080/?token=518477874&user=-1355069478&config=2,1424,0,0
1776025833303,1463,config 2 request,200,OK,config 2 2-6,text,false,"The operation lasted too long: It took 1,463 milliseconds, but should not have lasted longer than 775 milliseconds.",231,167,14,42,http://stload.se.ifmo.ru:8080/?token=518477874&user=-1355069478&config=2,1463,0,0
1776025833342,1424,config 2 request,200,OK,config 2 2-14,text,false,"The operation lasted too long: It took 1,424 milliseconds, but should not have lasted longer than 775 milliseconds.",231,167,14,42,http://stload.se.ifmo.ru:8080/?token=518477874&user=-1355069478&config=2,1424,0,0
1776025833301,1465,config 2 request,200,OK,config 2 2-12,text,false,"The operation lasted too long: It took 1,465 milliseconds, but should not have lasted longer than 775 milliseconds.",231,167,14,42,http://stload.se.ifmo.ru:8080/?token=518477874&user=-1355069478&config=2,1465,0,0
1776025833342,1425,config 2 request,200,OK,config 2 2-8,text,false,"The operation lasted too long: It took 1,425 milliseconds, but should not have lasted longer than 775 milliseconds.",231,167,14,42,http://stload.se.ifmo.ru:8080/?token=518477874&user=-1355069478&config=2,1425,0,0
1776025833525,1311,config 3 request,200,OK,config 3 3-1,text,false,"The operation lasted too long: It took 1,311 milliseconds, but should not have lasted longer than 775 milliseconds.",231,167,14,42,http://stload.se.ifmo.ru:8080/?token=518477874&user=-1355069478&config=3,1311,0,0
1776025833435,1439,config 2 request,200,OK,config 2 2-11,text,false,"The operation lasted too long: It took 1,439 milliseconds, but should not have lasted longer than 775 milliseconds.",231,167,14,42,http://stload.se.ifmo.ru:8080/?token=518477874&user=-1355069478&config=2,1439,0,0
1776025833506,1368,config 2 request,200,OK,config 2 2-4,text,false,"The operation lasted too long: It took 1,368 milliseconds, but should not have lasted longer than 775 milliseconds.",231,167,14,42,http://stload.se.ifmo.ru:8080/?token=518477874&user=-1355069478&config=2,1367,0,0
1776025833914,1149,config 3 request,200,OK,config 3 3-12,text,false,"The operation lasted too long: It took 1,149 milliseconds, but should not have lasted longer than 775 milliseconds.",231,167,14,42,http://stload.se.ifmo.ru:8080/?token=518477874&user=-1355069478&config=3,1149,0,0
1776025833749,1314,config 3 request,200,OK,config 3 3-9,text,false,"The operation lasted too long: It took 1,314 milliseconds, but should not have lasted longer than 775 milliseconds.",231,167,14,42,http://stload.se.ifmo.ru:8080/?token=518477874&user=-1355069478&config=3,1314,0,0
1776025833714,1478,config 2 request,200,OK,config 2 2-5,text,false,"The operation lasted too long: It took 1,478 milliseconds, but should not have lasted longer than 775 milliseconds.",231,167,14,42,http://stload.se.ifmo.ru:8080/?token=518477874&user=-1355069478&config=2,1478,0,0
1776025833939,1253,config 3 request,200,OK,config 3 3-3,text,false,"The operation lasted too long: It took 1,253 milliseconds, but should not have lasted longer than 775 milliseconds.",231,167,14,42,http://stload.se.ifmo.ru:8080/?token=518477874&user=-1355069478&config=3,1253,0,0
1776025833939,1253,config 3 request,200,OK,config 3 3-6,text,false,"The operation lasted too long: It took 1,253 milliseconds, but should not have lasted longer than 775 milliseconds.",231,167,14,42,http://stload.se.ifmo.ru:8080/?token=518477874&user=-1355069478&config=3,1253,0,0
1776025833717,1511,config 2 request,200,OK,config 2 2-2,text,false,"The operation lasted too long: It took 1,511 milliseconds, but should not have lasted longer than 775 milliseconds.",231,167,14,42,http://stload.se.ifmo.ru:8080/?token=518477874&user=-1355069478&config=2,1511,0,0
1776025833743,1485,config 2 request,200,OK,config 2 2-10,text,false,"The operation lasted too long: It took 1,485 milliseconds, but should not have lasted longer than 775 milliseconds.",231,167,14,42,http://stload.se.ifmo.ru:8080/?token=518477874&user=-1355069478&config=2,1485,0,0
1776025834239,1144,config 3 request,200,OK,config 3 3-5,text,false,"The operation lasted too long: It took 1,144 milliseconds, but should not have lasted longer than 775 milliseconds.",231,167,14,42,http://stload.se.ifmo.ru:8080/?token=518477874&user=-1355069478&config=3,1143,0,0
1776025833990,1393,config 2 request,200,OK,config 2 2-1,text,false,"The operation lasted too long: It took 1,393 milliseconds, but should not have lasted longer than 775 milliseconds.",231,167,14,42,http://stload.se.ifmo.ru:8080/?token=518477874&user=-1355069478&config=2,1392,0,0
1776025834240,1287,config 3 request,200,OK,config 3 3-14,text,false,"The operation lasted too long: It took 1,287 milliseconds, but should not have lasted longer than 775 milliseconds.",231,167,14,42,http://stload.se.ifmo.ru:8080/?token=518477874&user=-1355069478&config=3,1287,0,0
1776025834248,1279,config 3 request,200,OK,config 3 3-8,text,false,"The operation lasted too long: It took 1,279 milliseconds, but should not have lasted longer than 775 milliseconds.",231,167,14,42,http://stload.se.ifmo.ru:8080/?token=518477874&user=-1355069478&config=3,1279,0,0
1776025834255,1272,config 3 request,200,OK,config 3 3-2,text,false,"The operation lasted too long: It took 1,272 milliseconds, but should not have lasted longer than 775 milliseconds.",231,167,14,42,http://stload.se.ifmo.ru:8080/?token=518477874&user=-1355069478&config=3,1272,0,0
1776025834056,1503,config 2 request,200,OK,config 2 2-7,text,false,"The operation lasted too long: It took 1,503 milliseconds, but should not have lasted longer than 775 milliseconds.",231,167,14,42,http://stload.se.ifmo.ru:8080/?token=518477874&user=-1355069478&config=2,1503,0,0
1776025834090,1520,config 2 request,200,OK,config 2 2-13,text,false,"The operation lasted too long: It took 1,520 milliseconds, but should not have lasted longer than 775 milliseconds.",231,167,14,42,http://stload.se.ifmo.ru:8080/?token=518477874&user=-1355069478&config=2,1520,0,0
1776025834374,1462,config 3 request,200,OK,config 3 3-11,text,false,"The operation lasted too long: It took 1,462 milliseconds, but should not have lasted longer than 775 milliseconds.",231,167,14,42,http://stload.se.ifmo.ru:8080/?token=518477874&user=-1355069478&config=3,1462,0,0
1776025834802,1226,config 3 request,200,OK,config 3 3-4,text,false,"The operation lasted too long: It took 1,226 milliseconds, but should not have lasted longer than 775 milliseconds.",231,167,14,42,http://stload.se.ifmo.ru:8080/?token=518477874&user=-1355069478&config=3,1226,0,0
1776025834807,1221,config 3 request,200,OK,config 3 3-13,text,false,"The operation lasted too long: It took 1,221 milliseconds, but should not have lasted longer than 775 milliseconds.",231,167,14,42,http://stload.se.ifmo.ru:8080/?token=518477874&user=-1355069478&config=3,1221,0,0
1776025834591,1437,config 2 request,200,OK,config 2 2-9,text,false,"The operation lasted too long: It took 1,437 milliseconds, but should not have lasted longer than 775 milliseconds.",231,167,14,42,http://stload.se.ifmo.ru:8080/?token=518477874&user=-1355069478&config=2,1437,0,0
1776025834825,1238,config 3 request,200,OK,config 3 3-10,text,false,"The operation lasted too long: It took 1,238 milliseconds, but should not have lasted longer than 775 milliseconds.",231,167,14,42,http://stload.se.ifmo.ru:8080/?token=518477874&user=-1355069478&config=3,1238,0,0
1776025834802,1372,config 2 request,200,OK,config 2 2-3,text,false,"The operation lasted too long: It took 1,372 milliseconds, but should not have lasted longer than 775 milliseconds.",231,167,14,42,http://stload.se.ifmo.ru:8080/?token=518477874&user=-1355069478&config=2,1372,0,0
1776025834806,1368,config 2 request,200,OK,config 2 2-12,text,false,"The operation lasted too long: It took 1,368 milliseconds, but should not have lasted longer than 775 milliseconds.",231,167,14,42,http://stload.se.ifmo.ru:8080/?token=518477874&user=-1355069478&config=2,1368,0,0
1776025834807,1368,config 3 request,200,OK,config 3 3-7,text,false,"The operation lasted too long: It took 1,368 milliseconds, but should not have lasted longer than 775 milliseconds.",231,167,14,42,http://stload.se.ifmo.ru:8080/?token=518477874&user=-1355069478&config=3,1368,0,0
1776025835024,1183,config 3 request,200,OK,config 3 3-1,text,false,"The operation lasted too long: It took 1,183 milliseconds, but should not have lasted longer than 775 milliseconds.",231,167,14,42,http://stload.se.ifmo.ru:8080/?token=518477874&user=-1355069478&config=3,1183,0,0
1776025834808,1492,config 2 request,200,OK,config 2 2-6,text,false,"The operation lasted too long: It took 1,492 milliseconds, but should not have lasted longer than 775 milliseconds.",231,167,14,42,http://stload.se.ifmo.ru:8080/?token=518477874&user=-1355069478&config=2,1492,0,0
1776025834842,1498,config 2 request,200,OK,config 2 2-8,text,false,"The operation lasted too long: It took 1,498 milliseconds, but should not have lasted longer than 775 milliseconds.",231,167,14,42,http://stload.se.ifmo.ru:8080/?token=518477874&user=-1355069478&config=2,1498,0,0
1776025834843,1497,config 2 request,200,OK,config 2 2-14,text,false,"The operation lasted too long: It took 1,497 milliseconds, but should not have lasted longer than 775 milliseconds.",231,167,14,42,http://stload.se.ifmo.ru:8080/?token=518477874&user=-1355069478&config=2,1497,0,0
1776025834936,1422,config 2 request,200,OK,config 2 2-11,text,false,"The operation lasted too long: It took 1,422 milliseconds, but should not have lasted longer than 775 milliseconds.",231,167,14,42,http://stload.se.ifmo.ru:8080/?token=518477874&user=-1355069478&config=2,1422,0,0
1776025835006,1387,config 2 request,200,OK,config 2 2-4,text,false,"The operation lasted too long: It took 1,387 milliseconds, but should not have lasted longer than 775 milliseconds.",231,167,14,42,http://stload.se.ifmo.ru:8080/?token=518477874&user=-1355069478&config=2,1387,0,0
1776025835248,1331,config 3 request,200,OK,config 3 3-9,text,false,"The operation lasted too long: It took 1,331 milliseconds, but should not have lasted longer than 775 milliseconds.",231,167,14,42,http://stload.se.ifmo.ru:8080/?token=518477874&user=-1355069478&config=3,1331,0,0
1776025835209,1370,config 2 request,200,OK,config 2 2-5,text,false,"The operation lasted too long: It took 1,370 milliseconds, but should not have lasted longer than 775 milliseconds.",231,167,14,42,http://stload.se.ifmo.ru:8080/?token=518477874&user=-1355069478&config=2,1370,0,0
1776025835438,1141,config 3 request,200,OK,config 3 3-3,text,false,"The operation lasted too long: It took 1,141 milliseconds, but should not have lasted longer than 775 milliseconds.",231,167,14,42,http://stload.se.ifmo.ru:8080/?token=518477874&user=-1355069478&config=3,1141,0,0
1776025835242,1656,config 2 request,200,OK,config 2 2-10,text,false,"The operation lasted too long: It took 1,656 milliseconds, but should not have lasted longer than 775 milliseconds.",231,167,14,42,http://stload.se.ifmo.ru:8080/?token=518477874&user=-1355069478&config=2,1656,0,0
1776025835435,1479,config 3 request,200,OK,config 3 3-6,text,false,"The operation lasted too long: It took 1,479 milliseconds, but should not have lasted longer than 775 milliseconds.",231,167,14,42,http://stload.se.ifmo.ru:8080/?token=518477874&user=-1355069478&config=3,1479,0,0
1776025835415,1499,config 3 request,200,OK,config 3 3-12,text,false,"The operation lasted too long: It took 1,499 milliseconds, but should not have lasted longer than 775 milliseconds.",231,167,14,42,http://stload.se.ifmo.ru:8080/?token=518477874&user=-1355069478&config=3,1499,0,0
1776025835228,1686,config 2 request,200,OK,config 2 2-2,text,false,"The operation lasted too long: It took 1,686 milliseconds, but should not have lasted longer than 775 milliseconds.",231,167,14,42,http://stload.se.ifmo.ru:8080/?token=518477874&user=-1355069478&config=2,1686,0,0
1776025835741,1288,config 3 request,200,OK,config 3 3-5,text,false,"The operation lasted too long: It took 1,288 milliseconds, but should not have lasted longer than 775 milliseconds.",231,167,14,42,http://stload.se.ifmo.ru:8080/?token=518477874&user=-1355069478&config=3,1288,0,0
1776025835489,1540,config 2 request,200,OK,config 2 2-1,text,false,"The operation lasted too long: It took 1,540 milliseconds, but should not have lasted longer than 775 milliseconds.",231,167,14,42,http://stload.se.ifmo.ru:8080/?token=518477874&user=-1355069478&config=2,1540,0,0
1776025835738,1336,config 3 request,200,OK,config 3 3-14,text,false,"The operation lasted too long: It took 1,336 milliseconds, but should not have lasted longer than 775 milliseconds.",231,167,14,42,http://stload.se.ifmo.ru:8080/?token=518477874&user=-1355069478&config=3,1336,0,0
1776025835752,1411,config 3 request,200,OK,config 3 3-2,text,false,"The operation lasted too long: It took 1,411 milliseconds, but should not have lasted longer than 775 milliseconds.",231,167,14,42,http://stload.se.ifmo.ru:8080/?token=518477874&user=-1355069478&config=3,1411,0,0
1776025835876,1287,config 3 request,200,OK,config 3 3-11,text,false,"The operation lasted too long: It took 1,287 milliseconds, but should not have lasted longer than 775 milliseconds.",231,167,14,42,http://stload.se.ifmo.ru:8080/?token=518477874&user=-1355069478&config=3,1287,0,0
1776025835746,1417,config 3 request,200,OK,config 3 3-8,text,false,"The operation lasted too long: It took 1,417 milliseconds, but should not have lasted longer than 775 milliseconds.",231,167,14,42,http://stload.se.ifmo.ru:8080/?token=518477874&user=-1355069478&config=3,1417,0,0
1776025835559,1747,config 2 request,200,OK,config 2 2-7,text,false,"The operation lasted too long: It took 1,747 milliseconds, but should not have lasted longer than 775 milliseconds.",231,167,14,42,http://stload.se.ifmo.ru:8080/?token=518477874&user=-1355069478&config=2,1747,0,0
1776025835610,1696,config 2 request,200,OK,config 2 2-13,text,false,"The operation lasted too long: It took 1,696 milliseconds, but should not have lasted longer than 775 milliseconds.",231,167,14,42,http://stload.se.ifmo.ru:8080/?token=518477874&user=-1355069478&config=2,1696,0,0
1776025836303,1085,config 3 request,200,OK,config 3 3-7,text,false,"The operation lasted too long: It took 1,085 milliseconds, but should not have lasted longer than 775 milliseconds.",231,167,14,42,http://stload.se.ifmo.ru:8080/?token=518477874&user=-1355069478&config=3,1085,0,0
1776025836301,1097,config 3 request,200,OK,config 3 3-4,text,false,"The operation lasted too long: It took 1,097 milliseconds, but should not have lasted longer than 775 milliseconds.",231,167,14,42,http://stload.se.ifmo.ru:8080/?token=518477874&user=-1355069478&config=3,1097,0,0
1776025836090,1308,config 2 request,200,OK,config 2 2-9,text,false,"The operation lasted too long: It took 1,308 milliseconds, but should not have lasted longer than 775 milliseconds.",231,167,14,42,http://stload.se.ifmo.ru:8080/?token=518477874&user=-1355069478&config=2,1308,0,0
1776025836306,1230,config 3 request,200,OK,config 3 3-13,text,false,"The operation lasted too long: It took 1,230 milliseconds, but should not have lasted longer than 775 milliseconds.",231,167,14,42,http://stload.se.ifmo.ru:8080/?token=518477874&user=-1355069478&config=3,1230,0,0
1776025836324,1399,config 3 request,200,OK,config 3 3-10,text,false,"The operation lasted too long: It took 1,399 milliseconds, but should not have lasted longer than 775 milliseconds.",231,167,14,42,http://stload.se.ifmo.ru:8080/?token=518477874&user=-1355069478&config=3,1399,0,0
1776025836302,1437,config 2 request,200,OK,config 2 2-3,text,false,"The operation lasted too long: It took 1,437 milliseconds, but should not have lasted longer than 775 milliseconds.",231,167,14,42,http://stload.se.ifmo.ru:8080/?token=518477874&user=-1355069478&config=2,1437,0,0
1776025836305,1434,config 2 request,200,OK,config 2 2-12,text,false,"The operation lasted too long: It took 1,434 milliseconds, but should not have lasted longer than 775 milliseconds.",231,167,14,42,http://stload.se.ifmo.ru:8080/?token=518477874&user=-1355069478&config=2,1434,0,0
1776025836342,1437,config 2 request,200,OK,config 2 2-8,text,false,"The operation lasted too long: It took 1,437 milliseconds, but should not have lasted longer than 775 milliseconds.",231,167,14,42,http://stload.se.ifmo.ru:8080/?token=518477874&user=-1355069478&config=2,1436,0,0
1776025836342,1437,config 2 request,200,OK,config 2 2-14,text,false,"The operation lasted too long: It took 1,437 milliseconds, but should not have lasted longer than 775 milliseconds.",231,167,14,42,http://stload.se.ifmo.ru:8080/?token=518477874&user=-1355069478&config=2,1437,0,0
1776025836302,1476,config 2 request,200,OK,config 2 2-6,text,false,"The operation lasted too long: It took 1,476 milliseconds, but should not have lasted longer than 775 milliseconds.",231,167,14,42,http://stload.se.ifmo.ru:8080/?token=518477874&user=-1355069478&config=2,1476,0,0
1776025836528,1411,config 3 request,200,OK,config 3 3-1,text,false,"The operation lasted too long: It took 1,411 milliseconds, but should not have lasted longer than 775 milliseconds.",231,167,14,42,http://stload.se.ifmo.ru:8080/?token=518477874&user=-1355069478&config=3,1411,0,0
1776025836747,1285,config 3 request,200,OK,config 3 3-9,text,false,"The operation lasted too long: It took 1,285 milliseconds, but should not have lasted longer than 775 milliseconds.",231,167,14,42,http://stload.se.ifmo.ru:8080/?token=518477874&user=-1355069478&config=3,1285,0,0
1776025836913,1119,config 3 request,200,OK,config 3 3-12,text,false,"The operation lasted too long: It took 1,119 milliseconds, but should not have lasted longer than 775 milliseconds.",231,167,14,42,http://stload.se.ifmo.ru:8080/?token=518477874&user=-1355069478&config=3,1119,0,0
1776025836438,1726,config 2 request,200,OK,config 2 2-11,text,false,"The operation lasted too long: It took 1,726 milliseconds, but should not have lasted longer than 775 milliseconds.",231,167,14,42,http://stload.se.ifmo.ru:8080/?token=518477874&user=-1355069478&config=2,1726,0,0
1776025836503,1684,config 2 request,200,OK,config 2 2-4,text,false,"The operation lasted too long: It took 1,684 milliseconds, but should not have lasted longer than 775 milliseconds.",231,167,14,42,http://stload.se.ifmo.ru:8080/?token=518477874&user=-1355069478&config=2,1684,0,0
1776025836934,1253,config 3 request,200,OK,config 3 3-6,text,false,"The operation lasted too long: It took 1,253 milliseconds, but should not have lasted longer than 775 milliseconds.",231,167,14,42,http://stload.se.ifmo.ru:8080/?token=518477874&user=-1355069478&config=3,1253,0,0
1776025836937,1250,config 3 request,200,OK,config 3 3-3,text,false,"The operation lasted too long: It took 1,250 milliseconds, but should not have lasted longer than 775 milliseconds.",231,167,14,42,http://stload.se.ifmo.ru:8080/?token=518477874&user=-1355069478&config=3,1250,0,0
1776025836710,1477,config 2 request,200,OK,config 2 2-5,text,false,"The operation lasted too long: It took 1,477 milliseconds, but should not have lasted longer than 775 milliseconds.",231,167,14,42,http://stload.se.ifmo.ru:8080/?token=518477874&user=-1355069478&config=2,1477,0,0
1776025836897,1418,config 2 request,200,OK,config 2 2-10,text,false,"The operation lasted too long: It took 1,418 milliseconds, but should not have lasted longer than 775 milliseconds.",231,167,14,42,http://stload.se.ifmo.ru:8080/?token=518477874&user=-1355069478&config=2,1418,0,0
1776025836913,1402,config 2 request,200,OK,config 2 2-2,text,false,"The operation lasted too long: It took 1,402 milliseconds, but should not have lasted longer than 775 milliseconds.",231,167,14,42,http://stload.se.ifmo.ru:8080/?token=518477874&user=-1355069478&config=2,1402,0,0
1776025837240,1280,config 3 request,200,OK,config 3 3-5,text,false,"The operation lasted too long: It took 1,280 milliseconds, but should not have lasted longer than 775 milliseconds.",231,167,14,42,http://stload.se.ifmo.ru:8080/?token=518477874&user=-1355069478&config=3,1280,0,0
1776025837244,1396,config 3 request,200,OK,config 3 3-8,text,false,"The operation lasted too long: It took 1,396 milliseconds, but should not have lasted longer than 775 milliseconds.",231,167,14,42,http://stload.se.ifmo.ru:8080/?token=518477874&user=-1355069478&config=3,1396,0,0
1776025837029,1612,config 2 request,200,OK,config 2 2-1,text,false,"The operation lasted too long: It took 1,612 milliseconds, but should not have lasted longer than 775 milliseconds.",231,167,14,42,http://stload.se.ifmo.ru:8080/?token=518477874&user=-1355069478&config=2,1612,0,0
1776025837250,1391,config 3 request,200,OK,config 3 3-2,text,false,"The operation lasted too long: It took 1,391 milliseconds, but should not have lasted longer than 775 milliseconds.",231,167,14,42,http://stload.se.ifmo.ru:8080/?token=518477874&user=-1355069478&config=3,1391,0,0
1776025837240,1401,config 3 request,200,OK,config 3 3-14,text,false,"The operation lasted too long: It took 1,401 milliseconds, but should not have lasted longer than 775 milliseconds.",231,167,14,42,http://stload.se.ifmo.ru:8080/?token=518477874&user=-1355069478&config=3,1401,0,0
1776025837374,1427,config 3 request,200,OK,config 3 3-11,text,false,"The operation lasted too long: It took 1,427 milliseconds, but should not have lasted longer than 775 milliseconds.",231,167,14,42,http://stload.se.ifmo.ru:8080/?token=518477874&user=-1355069478&config=3,1427,0,0
1776025837305,1496,config 2 request,200,OK,config 2 2-13,text,false,"The operation lasted too long: It took 1,496 milliseconds, but should not have lasted longer than 775 milliseconds.",231,167,14,42,http://stload.se.ifmo.ru:8080/?token=518477874&user=-1355069478&config=2,1496,0,0
1776025837305,1497,config 2 request,200,OK,config 2 2-7,text,false,"The operation lasted too long: It took 1,497 milliseconds, but should not have lasted longer than 775 milliseconds.",231,167,14,42,http://stload.se.ifmo.ru:8080/?token=518477874&user=-1355069478&config=2,1497,0,0
1776025837590,1351,config 2 request,200,OK,config 2 2-9,text,false,"The operation lasted too long: It took 1,351 milliseconds, but should not have lasted longer than 775 milliseconds.",231,167,14,42,http://stload.se.ifmo.ru:8080/?token=518477874&user=-1355069478&config=2,1351,0,0
1776025837805,1398,config 3 request,200,OK,config 3 3-4,text,false,"The operation lasted too long: It took 1,398 milliseconds, but should not have lasted longer than 775 milliseconds.",231,167,14,42,http://stload.se.ifmo.ru:8080/?token=518477874&user=-1355069478&config=3,1398,0,0
1776025837805,1398,config 3 request,200,OK,config 3 3-7,text,false,"The operation lasted too long: It took 1,398 milliseconds, but should not have lasted longer than 775 milliseconds.",231,167,14,42,http://stload.se.ifmo.ru:8080/?token=518477874&user=-1355069478&config=3,1398,0,0
1776025837806,1429,config 3 request,200,OK,config 3 3-13,text,false,"The operation lasted too long: It took 1,429 milliseconds, but should not have lasted longer than 775 milliseconds.",231,167,14,42,http://stload.se.ifmo.ru:8080/?token=518477874&user=-1355069478&config=3,1429,0,0
1776025837829,1406,config 3 request,200,OK,config 3 3-10,text,false,"The operation lasted too long: It took 1,406 milliseconds, but should not have lasted longer than 775 milliseconds.",231,167,14,42,http://stload.se.ifmo.ru:8080/?token=518477874&user=-1355069478&config=3,1406,0,0
1776025837803,1432,config 2 request,200,OK,config 2 2-3,text,false,"The operation lasted too long: It took 1,432 milliseconds, but should not have lasted longer than 775 milliseconds.",231,167,14,42,http://stload.se.ifmo.ru:8080/?token=518477874&user=-1355069478&config=2,1432,0,0
1776025837803,1432,config 2 request,200,OK,config 2 2-12,text,false,"The operation lasted too long: It took 1,432 milliseconds, but should not have lasted longer than 775 milliseconds.",231,167,14,42,http://stload.se.ifmo.ru:8080/?token=518477874&user=-1355069478&config=2,1432,0,0
1776025838027,1209,config 3 request,200,OK,config 3 3-1,text,false,"The operation lasted too long: It took 1,209 milliseconds, but should not have lasted longer than 775 milliseconds.",231,167,14,42,http://stload.se.ifmo.ru:8080/?token=518477874&user=-1355069478&config=3,1209,0,0
1776025837806,1462,config 2 request,200,OK,config 2 2-6,text,false,"The operation lasted too long: It took 1,462 milliseconds, but should not have lasted longer than 775 milliseconds.",231,167,14,42,http://stload.se.ifmo.ru:8080/?token=518477874&user=-1355069478&config=2,1462,0,0
1776025837842,1426,config 2 request,200,OK,config 2 2-14,text,false,"The operation lasted too long: It took 1,426 milliseconds, but should not have lasted longer than 775 milliseconds.",231,167,14,42,http://stload.se.ifmo.ru:8080/?token=518477874&user=-1355069478&config=2,1426,0,0
1776025837846,1486,config 2 request,200,OK,config 2 2-8,text,false,"The operation lasted too long: It took 1,486 milliseconds, but should not have lasted longer than 775 milliseconds.",231,167,14,42,http://stload.se.ifmo.ru:8080/?token=518477874&user=-1355069478&config=2,1486,0,0
1776025838165,1524,config 2 request,200,OK,config 2 2-11,text,false,"The operation lasted too long: It took 1,524 milliseconds, but should not have lasted longer than 775 milliseconds.",231,167,14,42,http://stload.se.ifmo.ru:8080/?token=518477874&user=-1355069478&config=2,1524,0,0
1776025838247,1516,config 3 request,200,OK,config 3 3-9,text,false,"The operation lasted too long: It took 1,516 milliseconds, but should not have lasted longer than 775 milliseconds.",231,167,14,42,http://stload.se.ifmo.ru:8080/?token=518477874&user=-1355069478&config=3,1516,0,0
1776025838188,1575,config 2 request,200,OK,config 2 2-4,text,false,"The operation lasted too long: It took 1,575 milliseconds, but should not have lasted longer than 775 milliseconds.",231,167,14,42,http://stload.se.ifmo.ru:8080/?token=518477874&user=-1355069478&config=2,1575,0,0
1776025838415,1348,config 3 request,200,OK,config 3 3-12,text,false,"The operation lasted too long: It took 1,348 milliseconds, but should not have lasted longer than 775 milliseconds.",231,167,14,42,http://stload.se.ifmo.ru:8080/?token=518477874&user=-1355069478&config=3,1348,0,0
1776025838437,1345,config 3 request,200,OK,config 3 3-3,text,false,"The operation lasted too long: It took 1,345 milliseconds, but should not have lasted longer than 775 milliseconds.",231,167,14,42,http://stload.se.ifmo.ru:8080/?token=518477874&user=-1355069478&config=3,1345,0,0
1776025838213,1569,config 2 request,200,OK,config 2 2-5,text,false,"The operation lasted too long: It took 1,569 milliseconds, but should not have lasted longer than 775 milliseconds.",231,167,14,42,http://stload.se.ifmo.ru:8080/?token=518477874&user=-1355069478&config=2,1569,0,0
1776025838435,1374,config 3 request,200,OK,config 3 3-6,text,false,"The operation lasted too long: It took 1,374 milliseconds, but should not have lasted longer than 775 milliseconds.",231,167,14,42,http://stload.se.ifmo.ru:8080/?token=518477874&user=-1355069478&config=3,1374,0,0
1776025838402,1455,config 2 request,200,OK,config 2 2-10,text,false,"The operation lasted too long: It took 1,455 milliseconds, but should not have lasted longer than 775 milliseconds.",231,167,14,42,http://stload.se.ifmo.ru:8080/?token=518477874&user=-1355069478&config=2,1455,0,0
1776025838741,1161,config 3 request,200,OK,config 3 3-5,text,false,"The operation lasted too long: It took 1,161 milliseconds, but should not have lasted longer than 775 milliseconds.",231,167,14,42,http://stload.se.ifmo.ru:8080/?token=518477874&user=-1355069478&config=3,1161,0,0
1776025838743,1199,config 3 request,200,OK,config 3 3-8,text,false,"The operation lasted too long: It took 1,199 milliseconds, but should not have lasted longer than 775 milliseconds.",231,167,14,42,http://stload.se.ifmo.ru:8080/?token=518477874&user=-1355069478&config=3,1199,0,0
1776025838753,1189,config 3 request,200,OK,config 3 3-2,text,false,"The operation lasted too long: It took 1,189 milliseconds, but should not have lasted longer than 775 milliseconds.",231,167,14,42,http://stload.se.ifmo.ru:8080/?token=518477874&user=-1355069478&config=3,1189,0,0
1776025838642,1352,config 2 request,200,OK,config 2 2-1,text,false,"The operation lasted too long: It took 1,352 milliseconds, but should not have lasted longer than 775 milliseconds.",231,167,14,42,http://stload.se.ifmo.ru:8080/?token=518477874&user=-1355069478&config=2,1352,0,0
1776025838419,1576,config 2 request,200,OK,config 2 2-2,text,false,"The operation lasted too long: It took 1,576 milliseconds, but should not have lasted longer than 775 milliseconds.",231,167,14,42,http://stload.se.ifmo.ru:8080/?token=518477874&user=-1355069478&config=2,1575,0,0
1776025838741,1253,config 3 request,200,OK,config 3 3-14,text,false,"The operation lasted too long: It took 1,253 milliseconds, but should not have lasted longer than 775 milliseconds.",231,167,14,42,http://stload.se.ifmo.ru:8080/?token=518477874&user=-1355069478&config=3,1253,0,0
1776025838874,1432,config 3 request,200,OK,config 3 3-11,text,false,"The operation lasted too long: It took 1,432 milliseconds, but should not have lasted longer than 775 milliseconds.",231,167,14,42,http://stload.se.ifmo.ru:8080/?token=518477874&user=-1355069478&config=3,1432,0,0
1776025838806,1505,config 2 request,200,OK,config 2 2-7,text,false,"The operation lasted too long: It took 1,505 milliseconds, but should not have lasted longer than 775 milliseconds.",231,167,14,42,http://stload.se.ifmo.ru:8080/?token=518477874&user=-1355069478&config=2,1505,0,0
1776025838806,1505,config 2 request,200,OK,config 2 2-13,text,false,"The operation lasted too long: It took 1,505 milliseconds, but should not have lasted longer than 775 milliseconds.",231,167,14,42,http://stload.se.ifmo.ru:8080/?token=518477874&user=-1355069478&config=2,1505,0,0
1776025839091,1301,config 2 request,200,OK,config 2 2-9,text,false,"The operation lasted too long: It took 1,301 milliseconds, but should not have lasted longer than 775 milliseconds.",231,167,14,42,http://stload.se.ifmo.ru:8080/?token=518477874&user=-1355069478&config=2,1301,0,0
1776025839301,1184,config 3 request,200,OK,config 3 3-4,text,false,"The operation lasted too long: It took 1,184 milliseconds, but should not have lasted longer than 775 milliseconds.",231,167,14,42,http://stload.se.ifmo.ru:8080/?token=518477874&user=-1355069478&config=3,1184,0,0
1776025839302,1183,config 3 request,200,OK,config 3 3-7,text,false,"The operation lasted too long: It took 1,183 milliseconds, but should not have lasted longer than 775 milliseconds.",231,167,14,42,http://stload.se.ifmo.ru:8080/?token=518477874&user=-1355069478&config=3,1183,0,0
1776025839301,1365,config 2 request,200,OK,config 2 2-3,text,false,"The operation lasted too long: It took 1,365 milliseconds, but should not have lasted longer than 775 milliseconds.",231,167,14,42,http://stload.se.ifmo.ru:8080/?token=518477874&user=-1355069478&config=2,1365,0,0
1776025839306,1360,config 3 request,200,OK,config 3 3-13,text,false,"The operation lasted too long: It took 1,360 milliseconds, but should not have lasted longer than 775 milliseconds.",231,167,14,42,http://stload.se.ifmo.ru:8080/?token=518477874&user=-1355069478&config=3,1360,0,0
1776025839306,1360,config 2 request,200,OK,config 2 2-6,text,false,"The operation lasted too long: It took 1,360 milliseconds, but should not have lasted longer than 775 milliseconds.",231,167,14,42,http://stload.se.ifmo.ru:8080/?token=518477874&user=-1355069478&config=2,1360,0,0
1776025839302,1424,config 2 request,200,OK,config 2 2-12,text,false,"The operation lasted too long: It took 1,424 milliseconds, but should not have lasted longer than 775 milliseconds.",231,167,14,42,http://stload.se.ifmo.ru:8080/?token=518477874&user=-1355069478&config=2,1424,0,0
1776025839328,1398,config 3 request,200,OK,config 3 3-10,text,false,"The operation lasted too long: It took 1,398 milliseconds, but should not have lasted longer than 775 milliseconds.",231,167,14,42,http://stload.se.ifmo.ru:8080/?token=518477874&user=-1355069478&config=3,1398,0,0
1776025839527,1199,config 3 request,200,OK,config 3 3-1,text,false,"The operation lasted too long: It took 1,199 milliseconds, but should not have lasted longer than 775 milliseconds.",231,167,14,42,http://stload.se.ifmo.ru:8080/?token=518477874&user=-1355069478&config=3,1199,0,0
1776025839344,1507,config 2 request,200,OK,config 2 2-8,text,false,"The operation lasted too long: It took 1,507 milliseconds, but should not have lasted longer than 775 milliseconds.",231,167,14,42,http://stload.se.ifmo.ru:8080/?token=518477874&user=-1355069478&config=2,1507,0,0
1776025839346,1547,config 2 request,200,OK,config 2 2-14,text,false,"The operation lasted too long: It took 1,547 milliseconds, but should not have lasted longer than 775 milliseconds.",231,167,14,42,http://stload.se.ifmo.ru:8080/?token=518477874&user=-1355069478&config=2,1547,0,0
1776025839764,1398,config 3 request,200,OK,config 3 3-9,text,false,"The operation lasted too long: It took 1,398 milliseconds, but should not have lasted longer than 775 milliseconds.",231,167,14,42,http://stload.se.ifmo.ru:8080/?token=518477874&user=-1355069478&config=3,1398,0,0
1776025839690,1472,config 2 request,200,OK,config 2 2-11,text,false,"The operation lasted too long: It took 1,472 milliseconds, but should not have lasted longer than 775 milliseconds.",231,167,14,42,http://stload.se.ifmo.ru:8080/?token=518477874&user=-1355069478&config=2,1472,0,0
1776025839764,1398,config 2 request,200,OK,config 2 2-4,text,false,"The operation lasted too long: It took 1,398 milliseconds, but should not have lasted longer than 775 milliseconds.",231,167,14,42,http://stload.se.ifmo.ru:8080/?token=518477874&user=-1355069478&config=2,1398,0,0
1776025839937,1235,config 3 request,200,OK,config 3 3-3,text,false,"The operation lasted too long: It took 1,235 milliseconds, but should not have lasted longer than 775 milliseconds.",231,167,14,42,http://stload.se.ifmo.ru:8080/?token=518477874&user=-1355069478&config=3,1235,0,0
1776025839918,1254,config 3 request,200,OK,config 3 3-12,text,false,"The operation lasted too long: It took 1,254 milliseconds, but should not have lasted longer than 775 milliseconds.",231,167,14,42,http://stload.se.ifmo.ru:8080/?token=518477874&user=-1355069478&config=3,1254,0,0
1776025839782,1523,config 2 request,200,OK,config 2 2-5,text,false,"The operation lasted too long: It took 1,523 milliseconds, but should not have lasted longer than 775 milliseconds.",231,167,14,42,http://stload.se.ifmo.ru:8080/?token=518477874&user=-1355069478&config=2,1523,0,0
1776025839900,1405,config 2 request,200,OK,config 2 2-10,text,false,"The operation lasted too long: It took 1,405 milliseconds, but should not have lasted longer than 775 milliseconds.",231,167,14,42,http://stload.se.ifmo.ru:8080/?token=518477874&user=-1355069478&config=2,1405,0,0
1776025839938,1367,config 3 request,200,OK,config 3 3-6,text,false,"The operation lasted too long: It took 1,367 milliseconds, but should not have lasted longer than 775 milliseconds.",231,167,14,42,http://stload.se.ifmo.ru:8080/?token=518477874&user=-1355069478&config=3,1367,0,0
1776025840240,1197,config 3 request,200,OK,config 3 3-5,text,false,"The operation lasted too long: It took 1,197 milliseconds, but should not have lasted longer than 775 milliseconds.",231,167,14,42,http://stload.se.ifmo.ru:8080/?token=518477874&user=-1355069478&config=3,1197,0,0
1776025840251,1234,config 3 request,200,OK,config 3 3-2,text,false,"The operation lasted too long: It took 1,234 milliseconds, but should not have lasted longer than 775 milliseconds.",231,167,14,42,http://stload.se.ifmo.ru:8080/?token=518477874&user=-1355069478&config=3,1234,0,0
1776025840247,1288,config 3 request,200,OK,config 3 3-8,text,false,"The operation lasted too long: It took 1,288 milliseconds, but should not have lasted longer than 775 milliseconds.",231,167,14,42,http://stload.se.ifmo.ru:8080/?token=518477874&user=-1355069478&config=3,1288,0,0
1776025839995,1540,config 2 request,200,OK,config 2 2-2,text,false,"The operation lasted too long: It took 1,540 milliseconds, but should not have lasted longer than 775 milliseconds.",231,167,14,42,http://stload.se.ifmo.ru:8080/?token=518477874&user=-1355069478&config=2,1540,0,0
1776025840238,1339,config 3 request,200,OK,config 3 3-14,text,false,"The operation lasted too long: It took 1,339 milliseconds, but should not have lasted longer than 775 milliseconds.",231,167,14,42,http://stload.se.ifmo.ru:8080/?token=518477874&user=-1355069478&config=3,1339,0,0
1776025840376,1292,config 3 request,200,OK,config 3 3-11,text,false,"The operation lasted too long: It took 1,292 milliseconds, but should not have lasted longer than 775 milliseconds.",231,167,14,42,http://stload.se.ifmo.ru:8080/?token=518477874&user=-1355069478&config=3,1292,0,0
1776025840147,1521,config 2 request,200,OK,config 2 2-1,text,false,"The operation lasted too long: It took 1,521 milliseconds, but should not have lasted longer than 775 milliseconds.",231,167,14,42,http://stload.se.ifmo.ru:8080/?token=518477874&user=-1355069478&config=2,1521,0,0
1776025840312,1583,config 2 request,200,OK,config 2 2-13,text,false,"The operation lasted too long: It took 1,583 milliseconds, but should not have lasted longer than 775 milliseconds.",231,167,14,42,http://stload.se.ifmo.ru:8080/?token=518477874&user=-1355069478&config=2,1583,0,0
1776025840802,1093,config 3 request,200,OK,config 3 3-7,text,false,"The operation lasted too long: It took 1,093 milliseconds, but should not have lasted longer than 775 milliseconds.",231,167,14,42,http://stload.se.ifmo.ru:8080/?token=518477874&user=-1355069478&config=3,1093,0,0
1776025840312,1584,config 2 request,200,OK,config 2 2-7,text,false,"The operation lasted too long: It took 1,584 milliseconds, but should not have lasted longer than 775 milliseconds.",231,167,14,42,http://stload.se.ifmo.ru:8080/?token=518477874&user=-1355069478&config=2,1584,0,0
1776025840804,1327,config 3 request,200,OK,config 3 3-4,text,false,"The operation lasted too long: It took 1,327 milliseconds, but should not have lasted longer than 775 milliseconds.",231,167,14,42,http://stload.se.ifmo.ru:8080/?token=518477874&user=-1355069478&config=3,1327,0,0
1776025840805,1339,config 2 request,200,OK,config 2 2-3,text,false,"The operation lasted too long: It took 1,339 milliseconds, but should not have lasted longer than 775 milliseconds.",231,167,14,42,http://stload.se.ifmo.ru:8080/?token=518477874&user=-1355069478&config=2,1339,0,0
1776025840806,1338,config 3 request,200,OK,config 3 3-13,text,false,"The operation lasted too long: It took 1,338 milliseconds, but should not have lasted longer than 775 milliseconds.",231,167,14,42,http://stload.se.ifmo.ru:8080/?token=518477874&user=-1355069478&config=3,1338,0,0
1776025840595,1549,config 2 request,200,OK,config 2 2-9,text,false,"The operation lasted too long: It took 1,549 milliseconds, but should not have lasted longer than 775 milliseconds.",231,167,14,42,http://stload.se.ifmo.ru:8080/?token=518477874&user=-1355069478&config=2,1549,0,0
1776025840829,1343,config 3 request,200,OK,config 3 3-10,text,false,"The operation lasted too long: It took 1,343 milliseconds, but should not have lasted longer than 775 milliseconds.",231,167,14,42,http://stload.se.ifmo.ru:8080/?token=518477874&user=-1355069478&config=3,1343,0,0
1776025840805,1546,config 2 request,200,OK,config 2 2-6,text,false,"The operation lasted too long: It took 1,546 milliseconds, but should not have lasted longer than 775 milliseconds.",231,167,14,42,http://stload.se.ifmo.ru:8080/?token=518477874&user=-1355069478&config=2,1546,0,0
1776025840802,1549,config 2 request,200,OK,config 2 2-12,text,false,"The operation lasted too long: It took 1,549 milliseconds, but should not have lasted longer than 775 milliseconds.",231,167,14,42,http://stload.se.ifmo.ru:8080/?token=518477874&user=-1355069478&config=2,1549,0,0
1776025840852,1533,config 2 request,200,OK,config 2 2-8,text,false,"The operation lasted too long: It took 1,533 milliseconds, but should not have lasted longer than 775 milliseconds.",231,167,14,42,http://stload.se.ifmo.ru:8080/?token=518477874&user=-1355069478&config=2,1533,0,0
1776025841270,1167,config 3 request,200,OK,config 3 3-9,text,false,"The operation lasted too long: It took 1,167 milliseconds, but should not have lasted longer than 775 milliseconds.",231,167,14,42,http://stload.se.ifmo.ru:8080/?token=518477874&user=-1355069478&config=3,1167,0,0
1776025841023,1414,config 3 request,200,OK,config 3 3-1,text,false,"The operation lasted too long: It took 1,414 milliseconds, but should not have lasted longer than 775 milliseconds.",231,167,14,42,http://stload.se.ifmo.ru:8080/?token=518477874&user=-1355069478&config=3,1414,0,189
1776025840894,1550,config 2 request,200,OK,config 2 2-14,text,false,"The operation lasted too long: It took 1,550 milliseconds, but should not have lasted longer than 775 milliseconds.",231,167,14,42,http://stload.se.ifmo.ru:8080/?token=518477874&user=-1355069478&config=2,1550,0,0
1776025841435,1104,config 3 request,200,OK,config 3 3-3,text,false,"The operation lasted too long: It took 1,104 milliseconds, but should not have lasted longer than 775 milliseconds.",231,167,14,42,http://stload.se.ifmo.ru:8080/?token=518477874&user=-1355069478&config=3,1104,0,0
1776025841416,1279,config 3 request,200,OK,config 3 3-12,text,false,"The operation lasted too long: It took 1,279 milliseconds, but should not have lasted longer than 775 milliseconds.",231,167,14,42,http://stload.se.ifmo.ru:8080/?token=518477874&user=-1355069478&config=3,1279,0,0
1776025841270,1425,config 2 request,200,OK,config 2 2-4,text,false,"The operation lasted too long: It took 1,425 milliseconds, but should not have lasted longer than 775 milliseconds.",231,167,14,42,http://stload.se.ifmo.ru:8080/?token=518477874&user=-1355069478&config=2,1425,0,0
1776025841435,1260,config 3 request,200,OK,config 3 3-6,text,false,"The operation lasted too long: It took 1,260 milliseconds, but should not have lasted longer than 775 milliseconds.",231,167,14,42,http://stload.se.ifmo.ru:8080/?token=518477874&user=-1355069478&config=3,1260,0,0
1776025841196,1499,config 2 request,200,OK,config 2 2-11,text,false,"The operation lasted too long: It took 1,499 milliseconds, but should not have lasted longer than 775 milliseconds.",231,167,14,42,http://stload.se.ifmo.ru:8080/?token=518477874&user=-1355069478&config=2,1499,0,0
1776025841306,1463,config 2 request,200,OK,config 2 2-5,text,false,"The operation lasted too long: It took 1,463 milliseconds, but should not have lasted longer than 775 milliseconds.",231,167,14,42,http://stload.se.ifmo.ru:8080/?token=518477874&user=-1355069478&config=2,1463,0,0
1776025841742,1213,config 3 request,200,OK,config 3 3-5,text,false,"The operation lasted too long: It took 1,213 milliseconds, but should not have lasted longer than 775 milliseconds.",231,167,14,42,http://stload.se.ifmo.ru:8080/?token=518477874&user=-1355069478&config=3,1213,0,0
1776025841400,1555,config 2 request,200,OK,config 2 2-10,text,false,"The operation lasted too long: It took 1,555 milliseconds, but should not have lasted longer than 775 milliseconds.",231,167,14,42,http://stload.se.ifmo.ru:8080/?token=518477874&user=-1355069478&config=2,1555,0,0
1776025841744,1297,config 3 request,200,OK,config 3 3-8,text,false,"The operation lasted too long: It took 1,297 milliseconds, but should not have lasted longer than 775 milliseconds.",231,167,14,42,http://stload.se.ifmo.ru:8080/?token=518477874&user=-1355069478&config=3,1297,0,0
1776025841749,1292,config 3 request,200,OK,config 3 3-2,text,false,"The operation lasted too long: It took 1,292 milliseconds, but should not have lasted longer than 775 milliseconds.",231,167,14,42,http://stload.se.ifmo.ru:8080/?token=518477874&user=-1355069478&config=3,1292,0,0
1776025841535,1506,config 2 request,200,OK,config 2 2-2,text,false,"The operation lasted too long: It took 1,506 milliseconds, but should not have lasted longer than 775 milliseconds.",231,167,14,42,http://stload.se.ifmo.ru:8080/?token=518477874&user=-1355069478&config=2,1506,0,0
1776025841873,1311,config 3 request,200,OK,config 3 3-11,text,false,"The operation lasted too long: It took 1,311 milliseconds, but should not have lasted longer than 775 milliseconds.",231,167,14,42,http://stload.se.ifmo.ru:8080/?token=518477874&user=-1355069478&config=3,1311,0,0
1776025841742,1442,config 3 request,200,OK,config 3 3-14,text,false,"The operation lasted too long: It took 1,442 milliseconds, but should not have lasted longer than 775 milliseconds.",231,167,14,42,http://stload.se.ifmo.ru:8080/?token=518477874&user=-1355069478&config=3,1442,0,0
1776025841669,1739,config 2 request,200,OK,config 2 2-1,text,false,"The operation lasted too long: It took 1,739 milliseconds, but should not have lasted longer than 775 milliseconds.",231,167,14,42,http://stload.se.ifmo.ru:8080/?token=518477874&user=-1355069478&config=2,1739,0,184
1776025842302,1128,config 3 request,200,OK,config 3 3-4,text,false,"The operation lasted too long: It took 1,128 milliseconds, but should not have lasted longer than 775 milliseconds.",231,167,14,42,http://stload.se.ifmo.ru:8080/?token=518477874&user=-1355069478&config=3,1128,0,0
1776025842304,1126,config 3 request,200,OK,config 3 3-13,text,false,"The operation lasted too long: It took 1,126 milliseconds, but should not have lasted longer than 775 milliseconds.",231,167,14,42,http://stload.se.ifmo.ru:8080/?token=518477874&user=-1355069478&config=3,1126,0,0
1776025842304,1126,config 3 request,200,OK,config 3 3-7,text,false,"The operation lasted too long: It took 1,126 milliseconds, but should not have lasted longer than 775 milliseconds.",231,167,14,42,http://stload.se.ifmo.ru:8080/?token=518477874&user=-1355069478&config=3,1126,0,0
1776025842327,1137,config 3 request,200,OK,config 3 3-10,text,false,"The operation lasted too long: It took 1,137 milliseconds, but should not have lasted longer than 775 milliseconds.",231,167,14,42,http://stload.se.ifmo.ru:8080/?token=518477874&user=-1355069478&config=3,1137,0,0
1776025841896,1624,config 2 request,200,OK,config 2 2-13,text,false,"The operation lasted too long: It took 1,624 milliseconds, but should not have lasted longer than 775 milliseconds.",231,167,14,42,http://stload.se.ifmo.ru:8080/?token=518477874&user=-1355069478&config=2,1624,0,0
1776025841896,1624,config 2 request,200,OK,config 2 2-7,text,false,"The operation lasted too long: It took 1,624 milliseconds, but should not have lasted longer than 775 milliseconds.",231,167,14,42,http://stload.se.ifmo.ru:8080/?token=518477874&user=-1355069478&config=2,1624,0,0
1776025842145,1378,config 2 request,200,OK,config 2 2-9,text,false,"The operation lasted too long: It took 1,378 milliseconds, but should not have lasted longer than 775 milliseconds.",231,167,14,42,http://stload.se.ifmo.ru:8080/?token=518477874&user=-1355069478&config=2,1378,0,0
1776025842302,1296,config 2 request,200,OK,config 2 2-3,text,false,"The operation lasted too long: It took 1,296 milliseconds, but should not have lasted longer than 775 milliseconds.",231,167,14,42,http://stload.se.ifmo.ru:8080/?token=518477874&user=-1355069478&config=2,1296,0,0
1776025842352,1402,config 2 request,200,OK,config 2 2-6,text,false,"The operation lasted too long: It took 1,402 milliseconds, but should not have lasted longer than 775 milliseconds.",231,167,14,42,http://stload.se.ifmo.ru:8080/?token=518477874&user=-1355069478&config=2,1402,0,0
1776025842386,1621,config 2 request,200,OK,config 2 2-8,text,false,"The operation lasted too long: It took 1,621 milliseconds, but should not have lasted longer than 775 milliseconds.",231,167,14,42,http://stload.se.ifmo.ru:8080/?token=518477874&user=-1355069478&config=2,1621,0,0
1776025842352,1655,config 2 request,200,OK,config 2 2-12,text,false,"The operation lasted too long: It took 1,655 milliseconds, but should not have lasted longer than 775 milliseconds.",231,167,14,42,http://stload.se.ifmo.ru:8080/?token=518477874&user=-1355069478&config=2,1655,0,0
1776025842524,1483,config 3 request,200,OK,config 3 3-1,text,false,"The operation lasted too long: It took 1,483 milliseconds, but should not have lasted longer than 775 milliseconds.",231,167,14,42,http://stload.se.ifmo.ru:8080/?token=518477874&user=-1355069478&config=3,1483,0,0
1776025842765,1292,config 3 request,200,OK,config 3 3-9,text,false,"The operation lasted too long: It took 1,292 milliseconds, but should not have lasted longer than 775 milliseconds.",231,167,14,42,http://stload.se.ifmo.ru:8080/?token=518477874&user=-1355069478&config=3,1292,0,0
1776025842934,1154,config 3 request,200,OK,config 3 3-6,text,false,"The operation lasted too long: It took 1,154 milliseconds, but should not have lasted longer than 775 milliseconds.",231,167,14,42,http://stload.se.ifmo.ru:8080/?token=518477874&user=-1355069478&config=3,1154,0,0
1776025842916,1172,config 3 request,200,OK,config 3 3-12,text,false,"The operation lasted too long: It took 1,172 milliseconds, but should not have lasted longer than 775 milliseconds.",231,167,14,42,http://stload.se.ifmo.ru:8080/?token=518477874&user=-1355069478&config=3,1172,0,0
1776025842444,1645,config 2 request,200,OK,config 2 2-14,text,false,"The operation lasted too long: It took 1,645 milliseconds, but should not have lasted longer than 775 milliseconds.",231,167,14,42,http://stload.se.ifmo.ru:8080/?token=518477874&user=-1355069478&config=2,1645,0,0
1776025842765,1336,config 2 request,200,OK,config 2 2-4,text,false,"The operation lasted too long: It took 1,336 milliseconds, but should not have lasted longer than 775 milliseconds.",231,167,14,42,http://stload.se.ifmo.ru:8080/?token=518477874&user=-1355069478&config=2,1336,0,0
1776025842806,1389,config 2 request,200,OK,config 2 2-5,text,false,"The operation lasted too long: It took 1,389 milliseconds, but should not have lasted longer than 775 milliseconds.",231,167,14,42,http://stload.se.ifmo.ru:8080/?token=518477874&user=-1355069478&config=2,1389,0,0
1776025842696,1499,config 2 request,200,OK,config 2 2-11,text,false,"The operation lasted too long: It took 1,499 milliseconds, but should not have lasted longer than 775 milliseconds.",231,167,14,42,http://stload.se.ifmo.ru:8080/?token=518477874&user=-1355069478&config=2,1499,0,0
1776025843241,1174,config 3 request,200,OK,config 3 3-5,text,false,"The operation lasted too long: It took 1,174 milliseconds, but should not have lasted longer than 775 milliseconds.",231,167,14,42,http://stload.se.ifmo.ru:8080/?token=518477874&user=-1355069478&config=3,1174,0,0
1776025842934,1481,config 3 request,200,OK,config 3 3-3,text,false,"The operation lasted too long: It took 1,481 milliseconds, but should not have lasted longer than 775 milliseconds.",231,167,14,42,http://stload.se.ifmo.ru:8080/?token=518477874&user=-1355069478&config=3,1481,0,156
1776025842955,1460,config 2 request,200,OK,config 2 2-10,text,false,"The operation lasted too long: It took 1,460 milliseconds, but should not have lasted longer than 775 milliseconds.",231,167,14,42,http://stload.se.ifmo.ru:8080/?token=518477874&user=-1355069478&config=2,1460,0,0
1776025843242,1180,config 3 request,200,OK,config 3 3-8,text,false,"The operation lasted too long: It took 1,180 milliseconds, but should not have lasted longer than 775 milliseconds.",231,167,14,42,http://stload.se.ifmo.ru:8080/?token=518477874&user=-1355069478&config=3,1179,0,0
1776025843242,1179,config 3 request,200,OK,config 3 3-14,text,false,"The operation lasted too long: It took 1,179 milliseconds, but should not have lasted longer than 775 milliseconds.",231,167,14,42,http://stload.se.ifmo.ru:8080/?token=518477874&user=-1355069478&config=3,1179,0,0
1776025843376,1130,config 3 request,200,OK,config 3 3-11,text,false,"The operation lasted too long: It took 1,130 milliseconds, but should not have lasted longer than 775 milliseconds.",231,167,14,42,http://stload.se.ifmo.ru:8080/?token=518477874&user=-1355069478&config=3,1130,0,0
1776025843042,1566,config 2 request,200,OK,config 2 2-2,text,false,"The operation lasted too long: It took 1,566 milliseconds, but should not have lasted longer than 775 milliseconds.",231,167,14,42,http://stload.se.ifmo.ru:8080/?token=518477874&user=-1355069478&config=2,1565,0,142
1776025843251,1357,config 3 request,200,OK,config 3 3-2,text,false,"The operation lasted too long: It took 1,357 milliseconds, but should not have lasted longer than 775 milliseconds.",231,167,14,42,http://stload.se.ifmo.ru:8080/?token=518477874&user=-1355069478&config=3,1356,0,157
1776025843409,1393,config 2 request,200,OK,config 2 2-1,text,false,"The operation lasted too long: It took 1,393 milliseconds, but should not have lasted longer than 775 milliseconds.",231,167,14,42,http://stload.se.ifmo.ru:8080/?token=518477874&user=-1355069478&config=2,1393,0,0
1776025843803,1215,config 3 request,200,OK,config 3 3-7,text,false,"The operation lasted too long: It took 1,215 milliseconds, but should not have lasted longer than 775 milliseconds.",231,167,14,42,http://stload.se.ifmo.ru:8080/?token=518477874&user=-1355069478&config=3,1215,0,0
1776025843520,1498,config 2 request,200,OK,config 2 2-13,text,false,"The operation lasted too long: It took 1,498 milliseconds, but should not have lasted longer than 775 milliseconds.",231,167,14,42,http://stload.se.ifmo.ru:8080/?token=518477874&user=-1355069478&config=2,1498,0,0
1776025843520,1549,config 2 request,200,OK,config 2 2-7,text,false,"The operation lasted too long: It took 1,549 milliseconds, but should not have lasted longer than 775 milliseconds.",231,167,14,42,http://stload.se.ifmo.ru:8080/?token=518477874&user=-1355069478&config=2,1549,0,0
1776025843801,1268,config 3 request,200,OK,config 3 3-13,text,false,"The operation lasted too long: It took 1,268 milliseconds, but should not have lasted longer than 775 milliseconds.",231,167,14,42,http://stload.se.ifmo.ru:8080/?token=518477874&user=-1355069478&config=3,1268,0,0
1776025843827,1243,config 3 request,200,OK,config 3 3-10,text,false,"The operation lasted too long: It took 1,243 milliseconds, but should not have lasted longer than 775 milliseconds.",231,167,14,42,http://stload.se.ifmo.ru:8080/?token=518477874&user=-1355069478&config=3,1243,0,0
1776025844025,1168,config 3 request,200,OK,config 3 3-1,text,false,"The operation lasted too long: It took 1,168 milliseconds, but should not have lasted longer than 775 milliseconds.",231,167,14,42,http://stload.se.ifmo.ru:8080/?token=518477874&user=-1355069478&config=3,1168,0,0
1776025843805,1387,config 3 request,200,OK,config 3 3-4,text,false,"The operation lasted too long: It took 1,387 milliseconds, but should not have lasted longer than 775 milliseconds.",231,167,14,42,http://stload.se.ifmo.ru:8080/?token=518477874&user=-1355069478&config=3,1387,0,202
1776025843649,1543,config 2 request,200,OK,config 2 2-9,text,false,"The operation lasted too long: It took 1,543 milliseconds, but should not have lasted longer than 775 milliseconds.",231,167,14,42,http://stload.se.ifmo.ru:8080/?token=518477874&user=-1355069478&config=2,1543,0,0
1776025843856,1388,config 2 request,200,OK,config 2 2-6,text,false,"The operation lasted too long: It took 1,388 milliseconds, but should not have lasted longer than 775 milliseconds.",231,167,14,42,http://stload.se.ifmo.ru:8080/?token=518477874&user=-1355069478&config=2,1388,0,0
1776025843801,1485,config 2 request,200,OK,config 2 2-3,text,false,"The operation lasted too long: It took 1,485 milliseconds, but should not have lasted longer than 775 milliseconds.",231,167,14,42,http://stload.se.ifmo.ru:8080/?token=518477874&user=-1355069478&config=2,1484,0,206
1776025844008,1316,config 2 request,200,OK,config 2 2-8,text,false,"The operation lasted too long: It took 1,316 milliseconds, but should not have lasted longer than 775 milliseconds.",231,167,14,42,http://stload.se.ifmo.ru:8080/?token=518477874&user=-1355069478&config=2,1316,0,0
1776025844008,1318,config 2 request,200,OK,config 2 2-12,text,false,"The operation lasted too long: It took 1,318 milliseconds, but should not have lasted longer than 775 milliseconds.",231,167,14,42,http://stload.se.ifmo.ru:8080/?token=518477874&user=-1355069478&config=2,1318,0,0
1776025844089,1466,config 2 request,200,OK,config 2 2-14,text,false,"The operation lasted too long: It took 1,466 milliseconds, but should not have lasted longer than 775 milliseconds.",231,167,14,42,http://stload.se.ifmo.ru:8080/?token=518477874&user=-1355069478&config=2,1466,0,0
1776025844266,1289,config 3 request,200,OK,config 3 3-9,text,false,"The operation lasted too long: It took 1,289 milliseconds, but should not have lasted longer than 775 milliseconds.",231,167,14,42,http://stload.se.ifmo.ru:8080/?token=518477874&user=-1355069478&config=3,1289,0,0
1776025844416,1139,config 3 request,200,OK,config 3 3-12,text,false,"The operation lasted too long: It took 1,139 milliseconds, but should not have lasted longer than 775 milliseconds.",231,167,14,42,http://stload.se.ifmo.ru:8080/?token=518477874&user=-1355069478&config=3,1139,0,0
1776025844196,1585,config 2 request,200,OK,config 2 2-11,text,false,"The operation lasted too long: It took 1,585 milliseconds, but should not have lasted longer than 775 milliseconds.",231,167,14,42,http://stload.se.ifmo.ru:8080/?token=518477874&user=-1355069478&config=2,1585,0,0
1776025844438,1343,config 3 request,200,OK,config 3 3-3,text,false,"The operation lasted too long: It took 1,343 milliseconds, but should not have lasted longer than 775 milliseconds.",231,167,14,42,http://stload.se.ifmo.ru:8080/?token=518477874&user=-1355069478&config=3,1343,0,0
1776025844308,1473,config 2 request,200,OK,config 2 2-5,text,false,"The operation lasted too long: It took 1,473 milliseconds, but should not have lasted longer than 775 milliseconds.",231,167,14,42,http://stload.se.ifmo.ru:8080/?token=518477874&user=-1355069478&config=2,1473,0,0
1776025844439,1342,config 3 request,200,OK,config 3 3-6,text,false,"The operation lasted too long: It took 1,342 milliseconds, but should not have lasted longer than 775 milliseconds.",231,167,14,42,http://stload.se.ifmo.ru:8080/?token=518477874&user=-1355069478&config=3,1342,0,0
1776025844456,1523,config 2 request,200,OK,config 2 2-10,text,false,"The operation lasted too long: It took 1,523 milliseconds, but should not have lasted longer than 775 milliseconds.",231,167,14,42,http://stload.se.ifmo.ru:8080/?token=518477874&user=-1355069478&config=2,1523,0,0
1776025844737,1312,config 3 request,200,OK,config 3 3-14,text,false,"The operation lasted too long: It took 1,312 milliseconds, but should not have lasted longer than 775 milliseconds.",231,167,14,42,http://stload.se.ifmo.ru:8080/?token=518477874&user=-1355069478&config=3,1312,0,0
1776025844747,1302,config 3 request,200,OK,config 3 3-8,text,false,"The operation lasted too long: It took 1,302 milliseconds, but should not have lasted longer than 775 milliseconds.",231,167,14,42,http://stload.se.ifmo.ru:8080/?token=518477874&user=-1355069478&config=3,1302,0,0
1776025844268,1781,config 2 request,200,OK,config 2 2-4,text,false,"The operation lasted too long: It took 1,781 milliseconds, but should not have lasted longer than 775 milliseconds.",231,167,14,42,http://stload.se.ifmo.ru:8080/?token=518477874&user=-1355069478&config=2,1781,0,194
1776025844873,1176,config 3 request,200,OK,config 3 3-11,text,false,"The operation lasted too long: It took 1,176 milliseconds, but should not have lasted longer than 775 milliseconds.",231,167,14,42,http://stload.se.ifmo.ru:8080/?token=518477874&user=-1355069478&config=3,1176,0,0
1776025844754,1295,config 3 request,200,OK,config 3 3-2,text,false,"The operation lasted too long: It took 1,295 milliseconds, but should not have lasted longer than 775 milliseconds.",231,167,14,42,http://stload.se.ifmo.ru:8080/?token=518477874&user=-1355069478&config=3,1295,0,0
1776025844737,1467,config 3 request,200,OK,config 3 3-5,text,false,"The operation lasted too long: It took 1,467 milliseconds, but should not have lasted longer than 775 milliseconds.",231,167,14,42,http://stload.se.ifmo.ru:8080/?token=518477874&user=-1355069478&config=3,1467,0,147
1776025844608,1596,config 2 request,200,OK,config 2 2-2,text,false,"The operation lasted too long: It took 1,596 milliseconds, but should not have lasted longer than 775 milliseconds.",231,167,14,42,http://stload.se.ifmo.ru:8080/?token=518477874&user=-1355069478&config=2,1596,0,0
1776025845020,1365,config 2 request,200,OK,config 2 2-13,text,false,"The operation lasted too long: It took 1,365 milliseconds, but should not have lasted longer than 775 milliseconds.",231,167,14,42,http://stload.se.ifmo.ru:8080/?token=518477874&user=-1355069478&config=2,1365,0,0
1776025844909,1476,config 2 request,200,OK,config 2 2-1,text,false,"The operation lasted too long: It took 1,476 milliseconds, but should not have lasted longer than 775 milliseconds.",231,167,14,42,http://stload.se.ifmo.ru:8080/?token=518477874&user=-1355069478&config=2,1476,0,0
1776025845306,1314,config 3 request,200,OK,config 3 3-13,text,false,"The operation lasted too long: It took 1,314 milliseconds, but should not have lasted longer than 775 milliseconds.",231,167,14,42,http://stload.se.ifmo.ru:8080/?token=518477874&user=-1355069478&config=3,1314,0,0
1776025845070,1550,config 2 request,200,OK,config 2 2-7,text,false,"The operation lasted too long: It took 1,550 milliseconds, but should not have lasted longer than 775 milliseconds.",231,167,14,42,http://stload.se.ifmo.ru:8080/?token=518477874&user=-1355069478&config=2,1550,0,0
1776025845303,1317,config 3 request,200,OK,config 3 3-7,text,false,"The operation lasted too long: It took 1,317 milliseconds, but should not have lasted longer than 775 milliseconds.",231,167,14,42,http://stload.se.ifmo.ru:8080/?token=518477874&user=-1355069478&config=3,1317,0,0
1776025845326,1321,config 3 request,200,OK,config 3 3-10,text,false,"The operation lasted too long: It took 1,321 milliseconds, but should not have lasted longer than 775 milliseconds.",231,167,14,42,http://stload.se.ifmo.ru:8080/?token=518477874&user=-1355069478&config=3,1321,0,0
1776025845193,1454,config 2 request,200,OK,config 2 2-9,text,false,"The operation lasted too long: It took 1,454 milliseconds, but should not have lasted longer than 775 milliseconds.",231,167,14,42,http://stload.se.ifmo.ru:8080/?token=518477874&user=-1355069478&config=2,1454,0,0
1776025845305,1342,config 3 request,200,OK,config 3 3-4,text,false,"The operation lasted too long: It took 1,342 milliseconds, but should not have lasted longer than 775 milliseconds.",231,167,14,42,http://stload.se.ifmo.ru:8080/?token=518477874&user=-1355069478&config=3,1342,0,0
1776025845303,1344,config 2 request,200,OK,config 2 2-3,text,false,"The operation lasted too long: It took 1,344 milliseconds, but should not have lasted longer than 775 milliseconds.",231,167,14,42,http://stload.se.ifmo.ru:8080/?token=518477874&user=-1355069478&config=2,1344,0,0
1776025845357,1527,config 2 request,200,OK,config 2 2-6,text,false,"The operation lasted too long: It took 1,527 milliseconds, but should not have lasted longer than 775 milliseconds.",231,167,14,42,http://stload.se.ifmo.ru:8080/?token=518477874&user=-1355069478&config=2,1527,0,0
1776025845527,1394,config 3 request,200,OK,config 3 3-1,text,false,"The operation lasted too long: It took 1,394 milliseconds, but should not have lasted longer than 775 milliseconds.",231,167,14,42,http://stload.se.ifmo.ru:8080/?token=518477874&user=-1355069478&config=3,1394,0,0
1776025845512,1449,config 2 request,200,OK,config 2 2-12,text,false,"The operation lasted too long: It took 1,449 milliseconds, but should not have lasted longer than 775 milliseconds.",231,167,14,42,http://stload.se.ifmo.ru:8080/?token=518477874&user=-1355069478&config=2,1449,0,0
1776025845768,1245,config 3 request,200,OK,config 3 3-9,text,false,"The operation lasted too long: It took 1,245 milliseconds, but should not have lasted longer than 775 milliseconds.",231,167,14,42,http://stload.se.ifmo.ru:8080/?token=518477874&user=-1355069478&config=3,1245,0,0
1776025845914,1131,config 3 request,200,OK,config 3 3-12,text,false,"The operation lasted too long: It took 1,131 milliseconds, but should not have lasted longer than 775 milliseconds.",231,167,14,42,http://stload.se.ifmo.ru:8080/?token=518477874&user=-1355069478&config=3,1131,0,0
1776025845937,1108,config 3 request,200,OK,config 3 3-3,text,false,"The operation lasted too long: It took 1,108 milliseconds, but should not have lasted longer than 775 milliseconds.",231,167,14,42,http://stload.se.ifmo.ru:8080/?token=518477874&user=-1355069478&config=3,1108,0,0
1776025845513,1582,config 2 request,200,OK,config 2 2-8,text,false,"The operation lasted too long: It took 1,582 milliseconds, but should not have lasted longer than 775 milliseconds.",231,167,14,42,http://stload.se.ifmo.ru:8080/?token=518477874&user=-1355069478&config=2,1582,0,0
1776025845592,1503,config 2 request,200,OK,config 2 2-14,text,false,"The operation lasted too long: It took 1,503 milliseconds, but should not have lasted longer than 775 milliseconds.",231,167,14,42,http://stload.se.ifmo.ru:8080/?token=518477874&user=-1355069478&config=2,1503,0,0
1776025845782,1405,config 2 request,200,OK,config 2 2-11,text,false,"The operation lasted too long: It took 1,405 milliseconds, but should not have lasted longer than 775 milliseconds.",231,167,14,42,http://stload.se.ifmo.ru:8080/?token=518477874&user=-1355069478&config=2,1405,0,0
1776025845811,1617,config 2 request,200,OK,config 2 2-5,text,false,"The operation lasted too long: It took 1,617 milliseconds, but should not have lasted longer than 775 milliseconds.",231,167,14,42,http://stload.se.ifmo.ru:8080/?token=518477874&user=-1355069478&config=2,1617,0,145
1776025845979,1490,config 2 request,200,OK,config 2 2-10,text,false,"The operation lasted too long: It took 1,490 milliseconds, but should not have lasted longer than 775 milliseconds.",231,167,14,42,http://stload.se.ifmo.ru:8080/?token=518477874&user=-1355069478&config=2,1490,0,0
1776025846049,1420,config 2 request,200,OK,config 2 2-4,text,false,"The operation lasted too long: It took 1,420 milliseconds, but should not have lasted longer than 775 milliseconds.",231,167,14,42,http://stload.se.ifmo.ru:8080/?token=518477874&user=-1355069478&config=2,1420,0,0
1776025845935,1534,config 3 request,200,OK,config 3 3-6,text,false,"The operation lasted too long: It took 1,534 milliseconds, but should not have lasted longer than 775 milliseconds.",231,167,14,42,http://stload.se.ifmo.ru:8080/?token=518477874&user=-1355069478&config=3,1534,0,136
1776025846251,1311,config 3 request,200,OK,config 3 3-2,text,false,"The operation lasted too long: It took 1,311 milliseconds, but should not have lasted longer than 775 milliseconds.",231,167,14,42,http://stload.se.ifmo.ru:8080/?token=518477874&user=-1355069478&config=3,1311,0,0
1776025846242,1320,config 3 request,200,OK,config 3 3-8,text,false,"The operation lasted too long: It took 1,320 milliseconds, but should not have lasted longer than 775 milliseconds.",231,167,14,42,http://stload.se.ifmo.ru:8080/?token=518477874&user=-1355069478&config=3,1320,0,0
1776025846241,1321,config 3 request,200,OK,config 3 3-5,text,false,"The operation lasted too long: It took 1,321 milliseconds, but should not have lasted longer than 775 milliseconds.",231,167,14,42,http://stload.se.ifmo.ru:8080/?token=518477874&user=-1355069478&config=3,1321,0,0
1776025846377,1224,config 3 request,200,OK,config 3 3-11,text,false,"The operation lasted too long: It took 1,224 milliseconds, but should not have lasted longer than 775 milliseconds.",231,167,14,42,http://stload.se.ifmo.ru:8080/?token=518477874&user=-1355069478&config=3,1224,0,0
1776025846241,1360,config 3 request,200,OK,config 3 3-14,text,false,"The operation lasted too long: It took 1,360 milliseconds, but should not have lasted longer than 775 milliseconds.",231,167,14,42,http://stload.se.ifmo.ru:8080/?token=518477874&user=-1355069478&config=3,1359,0,0
1776025846205,1534,config 2 request,200,OK,config 2 2-2,text,false,"The operation lasted too long: It took 1,534 milliseconds, but should not have lasted longer than 775 milliseconds.",231,167,14,42,http://stload.se.ifmo.ru:8080/?token=518477874&user=-1355069478&config=2,1534,0,0
1776025846414,1528,config 2 request,200,OK,config 2 2-1,text,false,"The operation lasted too long: It took 1,528 milliseconds, but should not have lasted longer than 775 milliseconds.",231,167,14,42,http://stload.se.ifmo.ru:8080/?token=518477874&user=-1355069478&config=2,1528,0,0
1776025846525,1417,config 2 request,200,OK,config 2 2-13,text,false,"The operation lasted too long: It took 1,417 milliseconds, but should not have lasted longer than 775 milliseconds.",231,167,14,42,http://stload.se.ifmo.ru:8080/?token=518477874&user=-1355069478&config=2,1417,0,0
1776025846826,1156,config 3 request,200,OK,config 3 3-10,text,false,"The operation lasted too long: It took 1,156 milliseconds, but should not have lasted longer than 775 milliseconds.",231,167,14,42,http://stload.se.ifmo.ru:8080/?token=518477874&user=-1355069478&config=3,1156,0,0
1776025846807,1196,config 3 request,200,OK,config 3 3-13,text,false,"The operation lasted too long: It took 1,196 milliseconds, but should not have lasted longer than 775 milliseconds.",231,167,14,42,http://stload.se.ifmo.ru:8080/?token=518477874&user=-1355069478&config=3,1196,0,0
1776025846621,1385,config 2 request,200,OK,config 2 2-7,text,false,"The operation lasted too long: It took 1,385 milliseconds, but should not have lasted longer than 775 milliseconds.",231,167,14,42,http://stload.se.ifmo.ru:8080/?token=518477874&user=-1355069478&config=2,1385,0,0
1776025846696,1379,config 2 request,200,OK,config 2 2-9,text,false,"The operation lasted too long: It took 1,379 milliseconds, but should not have lasted longer than 775 milliseconds.",231,167,14,42,http://stload.se.ifmo.ru:8080/?token=518477874&user=-1355069478&config=2,1379,0,0
1776025846804,1271,config 3 request,200,OK,config 3 3-4,text,false,"The operation lasted too long: It took 1,271 milliseconds, but should not have lasted longer than 775 milliseconds.",231,167,14,42,http://stload.se.ifmo.ru:8080/?token=518477874&user=-1355069478&config=3,1271,0,0
1776025846804,1326,config 2 request,200,OK,config 2 2-3,text,false,"The operation lasted too long: It took 1,326 milliseconds, but should not have lasted longer than 775 milliseconds.",231,167,14,42,http://stload.se.ifmo.ru:8080/?token=518477874&user=-1355069478&config=2,1326,0,0
1776025847024,1240,config 3 request,200,OK,config 3 3-1,text,false,"The operation lasted too long: It took 1,240 milliseconds, but should not have lasted longer than 775 milliseconds.",231,167,14,42,http://stload.se.ifmo.ru:8080/?token=518477874&user=-1355069478&config=3,1240,0,0
1776025846807,1457,config 3 request,200,OK,config 3 3-7,text,false,"The operation lasted too long: It took 1,457 milliseconds, but should not have lasted longer than 775 milliseconds.",231,167,14,42,http://stload.se.ifmo.ru:8080/?token=518477874&user=-1355069478&config=3,1457,0,154
1776025847011,1485,config 2 request,200,OK,config 2 2-12,text,false,"The operation lasted too long: It took 1,485 milliseconds, but should not have lasted longer than 775 milliseconds.",231,167,14,42,http://stload.se.ifmo.ru:8080/?token=518477874&user=-1355069478&config=2,1484,0,0
1776025846884,1738,config 2 request,200,OK,config 2 2-6,text,false,"The operation lasted too long: It took 1,738 milliseconds, but should not have lasted longer than 775 milliseconds.",231,167,14,42,http://stload.se.ifmo.ru:8080/?token=518477874&user=-1355069478&config=2,1738,0,161
1776025847269,1353,config 3 request,200,OK,config 3 3-9,text,false,"The operation lasted too long: It took 1,353 milliseconds, but should not have lasted longer than 775 milliseconds.",231,167,14,42,http://stload.se.ifmo.ru:8080/?token=518477874&user=-1355069478&config=3,1353,0,0
1776025847418,1251,config 3 request,200,OK,config 3 3-12,text,false,"The operation lasted too long: It took 1,251 milliseconds, but should not have lasted longer than 775 milliseconds.",231,167,14,42,http://stload.se.ifmo.ru:8080/?token=518477874&user=-1355069478&config=3,1251,0,0
1776025847437,1232,config 3 request,200,OK,config 3 3-3,text,false,"The operation lasted too long: It took 1,232 milliseconds, but should not have lasted longer than 775 milliseconds.",231,167,14,42,http://stload.se.ifmo.ru:8080/?token=518477874&user=-1355069478&config=3,1232,0,0
1776025847095,1641,config 2 request,200,OK,config 2 2-14,text,false,"The operation lasted too long: It took 1,641 milliseconds, but should not have lasted longer than 775 milliseconds.",231,167,14,42,http://stload.se.ifmo.ru:8080/?token=518477874&user=-1355069478&config=2,1641,0,0
1776025847469,1267,config 3 request,200,OK,config 3 3-6,text,false,"The operation lasted too long: It took 1,267 milliseconds, but should not have lasted longer than 775 milliseconds.",231,167,14,42,http://stload.se.ifmo.ru:8080/?token=518477874&user=-1355069478&config=3,1267,0,0
1776025847095,1641,config 2 request,200,OK,config 2 2-8,text,false,"The operation lasted too long: It took 1,641 milliseconds, but should not have lasted longer than 775 milliseconds.",231,167,14,42,http://stload.se.ifmo.ru:8080/?token=518477874&user=-1355069478&config=2,1641,0,0
1776025847286,1476,config 2 request,200,OK,config 2 2-11,text,false,"The operation lasted too long: It took 1,476 milliseconds, but should not have lasted longer than 775 milliseconds.",231,167,14,42,http://stload.se.ifmo.ru:8080/?token=518477874&user=-1355069478&config=2,1476,0,0
1776025847428,1373,config 2 request,200,OK,config 2 2-5,text,false,"The operation lasted too long: It took 1,373 milliseconds, but should not have lasted longer than 775 milliseconds.",231,167,14,42,http://stload.se.ifmo.ru:8080/?token=518477874&user=-1355069478&config=2,1373,0,0
1776025847750,1240,config 3 request,200,OK,config 3 3-2,text,false,"The operation lasted too long: It took 1,240 milliseconds, but should not have lasted longer than 775 milliseconds.",231,167,14,42,http://stload.se.ifmo.ru:8080/?token=518477874&user=-1355069478&config=3,1240,0,0
1776025847741,1249,config 3 request,200,OK,config 3 3-14,text,false,"The operation lasted too long: It took 1,249 milliseconds, but should not have lasted longer than 775 milliseconds.",231,167,14,42,http://stload.se.ifmo.ru:8080/?token=518477874&user=-1355069478&config=3,1249,0,0
1776025847876,1114,config 3 request,200,OK,config 3 3-11,text,false,"The operation lasted too long: It took 1,114 milliseconds, but should not have lasted longer than 775 milliseconds.",231,167,14,42,http://stload.se.ifmo.ru:8080/?token=518477874&user=-1355069478&config=3,1114,0,0
1776025847482,1508,config 2 request,200,OK,config 2 2-10,text,false,"The operation lasted too long: It took 1,508 milliseconds, but should not have lasted longer than 775 milliseconds.",231,167,14,42,http://stload.se.ifmo.ru:8080/?token=518477874&user=-1355069478&config=2,1508,0,0
1776025847739,1251,config 3 request,200,OK,config 3 3-5,text,false,"The operation lasted too long: It took 1,251 milliseconds, but should not have lasted longer than 775 milliseconds.",231,167,14,42,http://stload.se.ifmo.ru:8080/?token=518477874&user=-1355069478&config=3,1251,0,0
1776025847550,1477,config 2 request,200,OK,config 2 2-4,text,false,"The operation lasted too long: It took 1,477 milliseconds, but should not have lasted longer than 775 milliseconds.",231,167,14,42,http://stload.se.ifmo.ru:8080/?token=518477874&user=-1355069478&config=2,1477,0,0
1776025847747,1330,config 3 request,200,OK,config 3 3-8,text,false,"The operation lasted too long: It took 1,330 milliseconds, but should not have lasted longer than 775 milliseconds.",231,167,14,42,http://stload.se.ifmo.ru:8080/?token=518477874&user=-1355069478&config=3,1330,0,194
1776025847739,1564,config 2 request,200,OK,config 2 2-2,text,false,"The operation lasted too long: It took 1,564 milliseconds, but should not have lasted longer than 775 milliseconds.",231,167,14,42,http://stload.se.ifmo.ru:8080/?token=518477874&user=-1355069478&config=2,1564,0,0
1776025847942,1496,config 2 request,200,OK,config 2 2-1,text,false,"The operation lasted too long: It took 1,496 milliseconds, but should not have lasted longer than 775 milliseconds.",231,167,14,42,http://stload.se.ifmo.ru:8080/?token=518477874&user=-1355069478&config=2,1496,0,0
1776025848305,1341,config 3 request,200,OK,config 3 3-4,text,false,"The operation lasted too long: It took 1,341 milliseconds, but should not have lasted longer than 775 milliseconds.",231,167,14,42,http://stload.se.ifmo.ru:8080/?token=518477874&user=-1355069478&config=3,1341,0,0
1776025848305,1341,config 3 request,200,OK,config 3 3-7,text,false,"The operation lasted too long: It took 1,341 milliseconds, but should not have lasted longer than 775 milliseconds.",231,167,14,42,http://stload.se.ifmo.ru:8080/?token=518477874&user=-1355069478&config=3,1341,0,0
1776025848020,1626,config 2 request,200,OK,config 2 2-13,text,false,"The operation lasted too long: It took 1,626 milliseconds, but should not have lasted longer than 775 milliseconds.",231,167,14,42,http://stload.se.ifmo.ru:8080/?token=518477874&user=-1355069478&config=2,1626,0,0
1776025848305,1341,config 3 request,200,OK,config 3 3-13,text,false,"The operation lasted too long: It took 1,341 milliseconds, but should not have lasted longer than 775 milliseconds.",231,167,14,42,http://stload.se.ifmo.ru:8080/?token=518477874&user=-1355069478&config=3,1341,0,0
1776025848327,1394,config 3 request,200,OK,config 3 3-10,text,false,"The operation lasted too long: It took 1,394 milliseconds, but should not have lasted longer than 775 milliseconds.",231,167,14,42,http://stload.se.ifmo.ru:8080/?token=518477874&user=-1355069478&config=3,1394,0,0
1776025848195,1526,config 2 request,200,OK,config 2 2-9,text,false,"The operation lasted too long: It took 1,526 milliseconds, but should not have lasted longer than 775 milliseconds.",231,167,14,42,http://stload.se.ifmo.ru:8080/?token=518477874&user=-1355069478&config=2,1526,0,0
1776025848523,1258,config 3 request,200,OK,config 3 3-1,text,false,"The operation lasted too long: It took 1,258 milliseconds, but should not have lasted longer than 775 milliseconds.",231,167,14,42,http://stload.se.ifmo.ru:8080/?token=518477874&user=-1355069478&config=3,1258,0,0
1776025848305,1476,config 2 request,200,OK,config 2 2-3,text,false,"The operation lasted too long: It took 1,476 milliseconds, but should not have lasted longer than 775 milliseconds.",231,167,14,42,http://stload.se.ifmo.ru:8080/?token=518477874&user=-1355069478&config=2,1476,0,0
1776025848124,1657,config 2 request,200,OK,config 2 2-7,text,false,"The operation lasted too long: It took 1,657 milliseconds, but should not have lasted longer than 775 milliseconds.",231,167,14,42,http://stload.se.ifmo.ru:8080/?token=518477874&user=-1355069478&config=2,1657,0,99
1776025848511,1341,config 2 request,200,OK,config 2 2-12,text,false,"The operation lasted too long: It took 1,341 milliseconds, but should not have lasted longer than 775 milliseconds.",231,167,14,42,http://stload.se.ifmo.ru:8080/?token=518477874&user=-1355069478&config=2,1341,0,0
1776025848919,1161,config 3 request,200,OK,config 3 3-12,text,false,"The operation lasted too long: It took 1,161 milliseconds, but should not have lasted longer than 775 milliseconds.",231,167,14,42,http://stload.se.ifmo.ru:8080/?token=518477874&user=-1355069478&config=3,1161,0,0
1776025848623,1457,config 2 request,200,OK,config 2 2-6,text,false,"The operation lasted too long: It took 1,457 milliseconds, but should not have lasted longer than 775 milliseconds.",231,167,14,42,http://stload.se.ifmo.ru:8080/?token=518477874&user=-1355069478&config=2,1457,0,0
1776025848770,1310,config 3 request,200,OK,config 3 3-9,text,false,"The operation lasted too long: It took 1,310 milliseconds, but should not have lasted longer than 775 milliseconds.",231,167,14,42,http://stload.se.ifmo.ru:8080/?token=518477874&user=-1355069478&config=3,1310,0,163
1776025848934,1291,config 3 request,200,OK,config 3 3-3,text,false,"The operation lasted too long: It took 1,291 milliseconds, but should not have lasted longer than 775 milliseconds.",231,167,14,42,http://stload.se.ifmo.ru:8080/?token=518477874&user=-1355069478&config=3,1291,0,0
1776025848737,1488,config 2 request,200,OK,config 2 2-14,text,false,"The operation lasted too long: It took 1,488 milliseconds, but should not have lasted longer than 775 milliseconds.",231,167,14,42,http://stload.se.ifmo.ru:8080/?token=518477874&user=-1355069478&config=2,1488,0,0
1776025848787,1438,config 2 request,200,OK,config 2 2-11,text,false,"The operation lasted too long: It took 1,438 milliseconds, but should not have lasted longer than 775 milliseconds.",231,167,14,42,http://stload.se.ifmo.ru:8080/?token=518477874&user=-1355069478&config=2,1438,0,0
1776025848932,1293,config 2 request,200,OK,config 2 2-5,text,false,"The operation lasted too long: It took 1,293 milliseconds, but should not have lasted longer than 775 milliseconds.",231,167,14,42,http://stload.se.ifmo.ru:8080/?token=518477874&user=-1355069478&config=2,1293,0,0
1776025848736,1582,config 2 request,200,OK,config 2 2-8,text,false,"The operation lasted too long: It took 1,582 milliseconds, but should not have lasted longer than 775 milliseconds.",231,167,14,42,http://stload.se.ifmo.ru:8080/?token=518477874&user=-1355069478&config=2,1582,0,157
1776025848974,1344,config 3 request,200,OK,config 3 3-6,text,false,"The operation lasted too long: It took 1,344 milliseconds, but should not have lasted longer than 775 milliseconds.",231,167,14,42,http://stload.se.ifmo.ru:8080/?token=518477874&user=-1355069478&config=3,1344,0,0
1776025849238,1306,config 3 request,200,OK,config 3 3-14,text,false,"The operation lasted too long: It took 1,306 milliseconds, but should not have lasted longer than 775 milliseconds.",231,167,14,42,http://stload.se.ifmo.ru:8080/?token=518477874&user=-1355069478&config=3,1306,0,0
1776025849250,1313,config 3 request,200,OK,config 3 3-2,text,false,"The operation lasted too long: It took 1,313 milliseconds, but should not have lasted longer than 775 milliseconds.",231,167,14,42,http://stload.se.ifmo.ru:8080/?token=518477874&user=-1355069478&config=3,1313,0,0
1776025849238,1325,config 3 request,200,OK,config 3 3-5,text,false,"The operation lasted too long: It took 1,325 milliseconds, but should not have lasted longer than 775 milliseconds.",231,167,14,42,http://stload.se.ifmo.ru:8080/?token=518477874&user=-1355069478&config=3,1325,0,0
1776025849379,1258,config 3 request,200,OK,config 3 3-11,text,false,"The operation lasted too long: It took 1,258 milliseconds, but should not have lasted longer than 775 milliseconds.",231,167,14,42,http://stload.se.ifmo.ru:8080/?token=518477874&user=-1355069478&config=3,1258,0,0
1776025848990,1647,config 2 request,200,OK,config 2 2-10,text,false,"The operation lasted too long: It took 1,647 milliseconds, but should not have lasted longer than 775 milliseconds.",231,167,14,42,http://stload.se.ifmo.ru:8080/?token=518477874&user=-1355069478&config=2,1647,0,0
1776025849247,1390,config 3 request,200,OK,config 3 3-8,text,false,"The operation lasted too long: It took 1,390 milliseconds, but should not have lasted longer than 775 milliseconds.",231,167,14,42,http://stload.se.ifmo.ru:8080/?token=518477874&user=-1355069478&config=3,1390,0,0
1776025849052,1804,config 2 request,200,OK,config 2 2-4,text,false,"The operation lasted too long: It took 1,804 milliseconds, but should not have lasted longer than 775 milliseconds.",231,167,14,42,http://stload.se.ifmo.ru:8080/?token=518477874&user=-1355069478&config=2,1804,0,0
1776025849304,1560,config 2 request,200,OK,config 2 2-2,text,false,"The operation lasted too long: It took 1,560 milliseconds, but should not have lasted longer than 775 milliseconds.",231,167,14,42,http://stload.se.ifmo.ru:8080/?token=518477874&user=-1355069478&config=2,1560,0,0
1776025849444,1420,config 2 request,200,OK,config 2 2-1,text,false,"The operation lasted too long: It took 1,420 milliseconds, but should not have lasted longer than 775 milliseconds.",231,167,14,42,http://stload.se.ifmo.ru:8080/?token=518477874&user=-1355069478&config=2,1420,0,0
1776025849805,1098,config 3 request,200,OK,config 3 3-13,text,false,"The operation lasted too long: It took 1,098 milliseconds, but should not have lasted longer than 775 milliseconds.",231,167,14,42,http://stload.se.ifmo.ru:8080/?token=518477874&user=-1355069478&config=3,1098,0,0
1776025849805,1273,config 3 request,200,OK,config 3 3-4,text,false,"The operation lasted too long: It took 1,273 milliseconds, but should not have lasted longer than 775 milliseconds.",231,167,14,42,http://stload.se.ifmo.ru:8080/?token=518477874&user=-1355069478&config=3,1273,0,0
1776025849806,1272,config 3 request,200,OK,config 3 3-7,text,false,"The operation lasted too long: It took 1,272 milliseconds, but should not have lasted longer than 775 milliseconds.",231,167,14,42,http://stload.se.ifmo.ru:8080/?token=518477874&user=-1355069478&config=3,1272,0,0
1776025849646,1432,config 2 request,200,OK,config 2 2-13,text,false,"The operation lasted too long: It took 1,432 milliseconds, but should not have lasted longer than 775 milliseconds.",231,167,14,42,http://stload.se.ifmo.ru:8080/?token=518477874&user=-1355069478&config=2,1432,0,0
1776025849782,1331,config 2 request,200,OK,config 2 2-7,text,false,"The operation lasted too long: It took 1,331 milliseconds, but should not have lasted longer than 775 milliseconds.",231,167,14,42,http://stload.se.ifmo.ru:8080/?token=518477874&user=-1355069478&config=2,1331,0,0
1776025850025,1318,config 3 request,200,OK,config 3 3-1,text,false,"The operation lasted too long: It took 1,318 milliseconds, but should not have lasted longer than 775 milliseconds.",231,167,14,42,http://stload.se.ifmo.ru:8080/?token=518477874&user=-1355069478&config=3,1318,0,0
1776025849825,1518,config 3 request,200,OK,config 3 3-10,text,false,"The operation lasted too long: It took 1,518 milliseconds, but should not have lasted longer than 775 milliseconds.",231,167,14,42,http://stload.se.ifmo.ru:8080/?token=518477874&user=-1355069478&config=3,1518,0,161
1776025849801,1542,config 2 request,200,OK,config 2 2-3,text,false,"The operation lasted too long: It took 1,542 milliseconds, but should not have lasted longer than 775 milliseconds.",231,167,14,42,http://stload.se.ifmo.ru:8080/?token=518477874&user=-1355069478&config=2,1542,0,0
1776025849721,1703,config 2 request,200,OK,config 2 2-9,text,false,"The operation lasted too long: It took 1,703 milliseconds, but should not have lasted longer than 775 milliseconds.",231,167,14,42,http://stload.se.ifmo.ru:8080/?token=518477874&user=-1355069478&config=2,1703,0,178
1776025850013,1411,config 2 request,200,OK,config 2 2-12,text,false,"The operation lasted too long: It took 1,411 milliseconds, but should not have lasted longer than 775 milliseconds.",231,167,14,42,http://stload.se.ifmo.ru:8080/?token=518477874&user=-1355069478&config=2,1411,0,0
1776025850266,1158,config 3 request,200,OK,config 3 3-9,text,false,"The operation lasted too long: It took 1,158 milliseconds, but should not have lasted longer than 775 milliseconds.",231,167,14,42,http://stload.se.ifmo.ru:8080/?token=518477874&user=-1355069478&config=3,1158,0,0
1776025850128,1308,config 2 request,200,OK,config 2 2-6,text,false,"The operation lasted too long: It took 1,308 milliseconds, but should not have lasted longer than 775 milliseconds.",231,167,14,42,http://stload.se.ifmo.ru:8080/?token=518477874&user=-1355069478&config=2,1308,0,0
1776025850437,1180,config 3 request,200,OK,config 3 3-3,text,false,"The operation lasted too long: It took 1,180 milliseconds, but should not have lasted longer than 775 milliseconds.",231,167,14,42,http://stload.se.ifmo.ru:8080/?token=518477874&user=-1355069478&config=3,1180,0,0
1776025850287,1370,config 2 request,200,OK,config 2 2-11,text,false,"The operation lasted too long: It took 1,370 milliseconds, but should not have lasted longer than 775 milliseconds.",231,167,14,42,http://stload.se.ifmo.ru:8080/?token=518477874&user=-1355069478&config=2,1370,0,0
1776025850240,1417,config 2 request,200,OK,config 2 2-14,text,false,"The operation lasted too long: It took 1,417 milliseconds, but should not have lasted longer than 775 milliseconds.",231,167,14,42,http://stload.se.ifmo.ru:8080/?token=518477874&user=-1355069478&config=2,1417,0,0
1776025850470,1187,config 3 request,200,OK,config 3 3-6,text,false,"The operation lasted too long: It took 1,187 milliseconds, but should not have lasted longer than 775 milliseconds.",231,167,14,42,http://stload.se.ifmo.ru:8080/?token=518477874&user=-1355069478&config=3,1187,0,0
1776025850419,1239,config 3 request,200,OK,config 3 3-12,text,false,"The operation lasted too long: It took 1,239 milliseconds, but should not have lasted longer than 775 milliseconds.",231,167,14,42,http://stload.se.ifmo.ru:8080/?token=518477874&user=-1355069478&config=3,1239,0,0
1776025850318,1384,config 2 request,200,OK,config 2 2-8,text,false,"The operation lasted too long: It took 1,384 milliseconds, but should not have lasted longer than 775 milliseconds.",231,167,14,42,http://stload.se.ifmo.ru:8080/?token=518477874&user=-1355069478&config=2,1384,0,0
1776025850433,1314,config 2 request,200,OK,config 2 2-5,text,false,"The operation lasted too long: It took 1,314 milliseconds, but should not have lasted longer than 775 milliseconds.",231,167,14,42,http://stload.se.ifmo.ru:8080/?token=518477874&user=-1355069478&config=2,1314,0,0
1776025850753,1277,config 3 request,200,OK,config 3 3-2,text,false,"The operation lasted too long: It took 1,277 milliseconds, but should not have lasted longer than 775 milliseconds.",231,167,14,42,http://stload.se.ifmo.ru:8080/?token=518477874&user=-1355069478&config=3,1277,0,0
1776025850746,1364,config 3 request,200,OK,config 3 3-8,text,false,"The operation lasted too long: It took 1,364 milliseconds, but should not have lasted longer than 775 milliseconds.",231,167,14,42,http://stload.se.ifmo.ru:8080/?token=518477874&user=-1355069478&config=3,1364,0,0
1776025850742,1368,config 3 request,200,OK,config 3 3-5,text,false,"The operation lasted too long: It took 1,368 milliseconds, but should not have lasted longer than 775 milliseconds.",231,167,14,42,http://stload.se.ifmo.ru:8080/?token=518477874&user=-1355069478&config=3,1368,0,0
1776025850742,1368,config 3 request,200,OK,config 3 3-14,text,false,"The operation lasted too long: It took 1,368 milliseconds, but should not have lasted longer than 775 milliseconds.",231,167,14,42,http://stload.se.ifmo.ru:8080/?token=518477874&user=-1355069478&config=3,1368,0,0
1776025850637,1660,config 2 request,200,OK,config 2 2-10,text,false,"The operation lasted too long: It took 1,660 milliseconds, but should not have lasted longer than 775 milliseconds.",231,167,14,42,http://stload.se.ifmo.ru:8080/?token=518477874&user=-1355069478&config=2,1660,0,176
1776025850874,1475,config 3 request,200,OK,config 3 3-11,text,false,"The operation lasted too long: It took 1,475 milliseconds, but should not have lasted longer than 775 milliseconds.",231,167,14,42,http://stload.se.ifmo.ru:8080/?token=518477874&user=-1355069478&config=3,1475,0,169
1776025850856,1532,config 2 request,200,OK,config 2 2-4,text,false,"The operation lasted too long: It took 1,532 milliseconds, but should not have lasted longer than 775 milliseconds.",231,167,14,42,http://stload.se.ifmo.ru:8080/?token=518477874&user=-1355069478&config=2,1532,0,0
1776025850864,1569,config 2 request,200,OK,config 2 2-2,text,false,"The operation lasted too long: It took 1,569 milliseconds, but should not have lasted longer than 775 milliseconds.",231,167,14,42,http://stload.se.ifmo.ru:8080/?token=518477874&user=-1355069478&config=2,1569,0,0
1776025851303,1131,config 3 request,200,OK,config 3 3-7,text,false,"The operation lasted too long: It took 1,131 milliseconds, but should not have lasted longer than 775 milliseconds.",231,167,14,42,http://stload.se.ifmo.ru:8080/?token=518477874&user=-1355069478&config=3,1131,0,0
1776025850948,1485,config 2 request,200,OK,config 2 2-1,text,false,"The operation lasted too long: It took 1,485 milliseconds, but should not have lasted longer than 775 milliseconds.",231,167,14,42,http://stload.se.ifmo.ru:8080/?token=518477874&user=-1355069478&config=2,1485,0,0
1776025851303,1139,config 3 request,200,OK,config 3 3-4,text,false,"The operation lasted too long: It took 1,139 milliseconds, but should not have lasted longer than 775 milliseconds.",231,167,14,42,http://stload.se.ifmo.ru:8080/?token=518477874&user=-1355069478&config=3,1139,0,0
1776025851307,1214,config 3 request,200,OK,config 3 3-13,text,false,"The operation lasted too long: It took 1,214 milliseconds, but should not have lasted longer than 775 milliseconds.",231,167,14,42,http://stload.se.ifmo.ru:8080/?token=518477874&user=-1355069478&config=3,1214,0,0
1776025851345,1272,config 3 request,200,OK,config 3 3-10,text,false,"The operation lasted too long: It took 1,272 milliseconds, but should not have lasted longer than 775 milliseconds.",231,167,14,42,http://stload.se.ifmo.ru:8080/?token=518477874&user=-1355069478&config=3,1272,0,0
1776025851150,1467,config 2 request,200,OK,config 2 2-13,text,false,"The operation lasted too long: It took 1,467 milliseconds, but should not have lasted longer than 775 milliseconds.",231,167,14,42,http://stload.se.ifmo.ru:8080/?token=518477874&user=-1355069478&config=2,1467,0,0
1776025851286,1331,config 2 request,200,OK,config 2 2-7,text,false,"The operation lasted too long: It took 1,331 milliseconds, but should not have lasted longer than 775 milliseconds.",231,167,14,42,http://stload.se.ifmo.ru:8080/?token=518477874&user=-1355069478&config=2,1331,0,0
1776025851345,1514,config 2 request,200,OK,config 2 2-3,text,false,"The operation lasted too long: It took 1,514 milliseconds, but should not have lasted longer than 775 milliseconds.",231,167,14,42,http://stload.se.ifmo.ru:8080/?token=518477874&user=-1355069478&config=2,1514,0,0
1776025851524,1335,config 3 request,200,OK,config 3 3-1,text,false,"The operation lasted too long: It took 1,335 milliseconds, but should not have lasted longer than 775 milliseconds.",231,167,14,42,http://stload.se.ifmo.ru:8080/?token=518477874&user=-1355069478&config=3,1335,0,0
1776025851425,1434,config 2 request,200,OK,config 2 2-9,text,false,"The operation lasted too long: It took 1,434 milliseconds, but should not have lasted longer than 775 milliseconds.",231,167,14,42,http://stload.se.ifmo.ru:8080/?token=518477874&user=-1355069478&config=2,1434,0,0
1776025851513,1522,config 2 request,200,OK,config 2 2-12,text,false,"The operation lasted too long: It took 1,522 milliseconds, but should not have lasted longer than 775 milliseconds.",231,167,14,42,http://stload.se.ifmo.ru:8080/?token=518477874&user=-1355069478&config=2,1522,0,0
1776025851766,1272,config 3 request,200,OK,config 3 3-9,text,false,"The operation lasted too long: It took 1,272 milliseconds, but should not have lasted longer than 775 milliseconds.",231,167,14,42,http://stload.se.ifmo.ru:8080/?token=518477874&user=-1355069478&config=3,1271,0,0
1776025851973,1278,config 3 request,200,OK,config 3 3-6,text,false,"The operation lasted too long: It took 1,278 milliseconds, but should not have lasted longer than 775 milliseconds.",231,167,14,42,http://stload.se.ifmo.ru:8080/?token=518477874&user=-1355069478&config=3,1278,0,0
1776025851625,1626,config 2 request,200,OK,config 2 2-6,text,false,"The operation lasted too long: It took 1,626 milliseconds, but should not have lasted longer than 775 milliseconds.",231,167,14,42,http://stload.se.ifmo.ru:8080/?token=518477874&user=-1355069478&config=2,1626,0,0
1776025851939,1349,config 3 request,200,OK,config 3 3-3,text,false,"The operation lasted too long: It took 1,349 milliseconds, but should not have lasted longer than 775 milliseconds.",231,167,14,42,http://stload.se.ifmo.ru:8080/?token=518477874&user=-1355069478&config=3,1349,0,0
1776025851742,1546,config 2 request,200,OK,config 2 2-14,text,false,"The operation lasted too long: It took 1,546 milliseconds, but should not have lasted longer than 775 milliseconds.",231,167,14,42,http://stload.se.ifmo.ru:8080/?token=518477874&user=-1355069478&config=2,1546,0,0
1776025851822,1466,config 2 request,200,OK,config 2 2-8,text,false,"The operation lasted too long: It took 1,466 milliseconds, but should not have lasted longer than 775 milliseconds.",231,167,14,42,http://stload.se.ifmo.ru:8080/?token=518477874&user=-1355069478&config=2,1466,0,0
1776025851930,1358,config 2 request,200,OK,config 2 2-5,text,false,"The operation lasted too long: It took 1,358 milliseconds, but should not have lasted longer than 775 milliseconds.",231,167,14,42,http://stload.se.ifmo.ru:8080/?token=518477874&user=-1355069478&config=2,1358,0,0
1776025851919,1402,config 3 request,200,OK,config 3 3-12,text,false,"The operation lasted too long: It took 1,402 milliseconds, but should not have lasted longer than 775 milliseconds.",231,167,14,42,http://stload.se.ifmo.ru:8080/?token=518477874&user=-1355069478&config=3,1402,0,151
1776025851788,1533,config 2 request,200,OK,config 2 2-11,text,false,"The operation lasted too long: It took 1,533 milliseconds, but should not have lasted longer than 775 milliseconds.",231,167,14,42,http://stload.se.ifmo.ru:8080/?token=518477874&user=-1355069478&config=2,1533,0,154
1776025852251,1130,config 3 request,200,OK,config 3 3-2,text,false,"The operation lasted too long: It took 1,130 milliseconds, but should not have lasted longer than 775 milliseconds.",231,167,14,42,http://stload.se.ifmo.ru:8080/?token=518477874&user=-1355069478&config=3,1130,0,0
1776025852239,1142,config 3 request,200,OK,config 3 3-5,text,false,"The operation lasted too long: It took 1,142 milliseconds, but should not have lasted longer than 775 milliseconds.",231,167,14,42,http://stload.se.ifmo.ru:8080/?token=518477874&user=-1355069478&config=3,1142,0,0
1776025852243,1172,config 3 request,200,OK,config 3 3-8,text,false,"The operation lasted too long: It took 1,172 milliseconds, but should not have lasted longer than 775 milliseconds.",231,167,14,42,http://stload.se.ifmo.ru:8080/?token=518477874&user=-1355069478&config=3,1172,0,0
1776025852242,1213,config 3 request,200,OK,config 3 3-14,text,false,"The operation lasted too long: It took 1,213 milliseconds, but should not have lasted longer than 775 milliseconds.",231,167,14,42,http://stload.se.ifmo.ru:8080/?token=518477874&user=-1355069478&config=3,1213,0,0
1776025852377,1130,config 3 request,200,OK,config 3 3-11,text,false,"The operation lasted too long: It took 1,130 milliseconds, but should not have lasted longer than 775 milliseconds.",231,167,14,42,http://stload.se.ifmo.ru:8080/?token=518477874&user=-1355069478&config=3,1130,0,0
1776025852298,1578,config 2 request,200,OK,config 2 2-10,text,false,"The operation lasted too long: It took 1,578 milliseconds, but should not have lasted longer than 775 milliseconds.",231,167,14,42,http://stload.se.ifmo.ru:8080/?token=518477874&user=-1355069478&config=2,1578,0,0
1776025852434,1483,config 2 request,200,OK,config 2 2-2,text,false,"The operation lasted too long: It took 1,483 milliseconds, but should not have lasted longer than 775 milliseconds.",231,167,14,42,http://stload.se.ifmo.ru:8080/?token=518477874&user=-1355069478&config=2,1483,0,0
1776025852389,1529,config 2 request,200,OK,config 2 2-4,text,false,"The operation lasted too long: It took 1,529 milliseconds, but should not have lasted longer than 775 milliseconds.",231,167,14,42,http://stload.se.ifmo.ru:8080/?token=518477874&user=-1355069478&config=2,1528,0,0
1776025852447,1595,config 2 request,200,OK,config 2 2-1,text,false,"The operation lasted too long: It took 1,595 milliseconds, but should not have lasted longer than 775 milliseconds.",231,167,14,42,http://stload.se.ifmo.ru:8080/?token=518477874&user=-1355069478&config=2,1595,0,0
1776025852847,1265,config 3 request,200,OK,config 3 3-10,text,false,"The operation lasted too long: It took 1,265 milliseconds, but should not have lasted longer than 775 milliseconds.",231,167,14,42,http://stload.se.ifmo.ru:8080/?token=518477874&user=-1355069478&config=3,1265,0,0
1776025852804,1330,config 3 request,200,OK,config 3 3-4,text,false,"The operation lasted too long: It took 1,330 milliseconds, but should not have lasted longer than 775 milliseconds.",231,167,14,42,http://stload.se.ifmo.ru:8080/?token=518477874&user=-1355069478&config=3,1330,0,0
1776025852647,1539,config 2 request,200,OK,config 2 2-13,text,false,"The operation lasted too long: It took 1,539 milliseconds, but should not have lasted longer than 775 milliseconds.",231,167,14,42,http://stload.se.ifmo.ru:8080/?token=518477874&user=-1355069478&config=2,1539,0,0
1776025852808,1378,config 3 request,200,OK,config 3 3-7,text,false,"The operation lasted too long: It took 1,378 milliseconds, but should not have lasted longer than 775 milliseconds.",231,167,14,42,http://stload.se.ifmo.ru:8080/?token=518477874&user=-1355069478&config=3,1378,0,0
1776025853029,1239,config 3 request,200,OK,config 3 3-1,text,false,"The operation lasted too long: It took 1,239 milliseconds, but should not have lasted longer than 775 milliseconds.",231,167,14,42,http://stload.se.ifmo.ru:8080/?token=518477874&user=-1355069478&config=3,1239,0,0
1776025852784,1484,config 2 request,200,OK,config 2 2-7,text,false,"The operation lasted too long: It took 1,484 milliseconds, but should not have lasted longer than 775 milliseconds.",231,167,14,42,http://stload.se.ifmo.ru:8080/?token=518477874&user=-1355069478&config=2,1484,0,0
1776025852807,1461,config 3 request,200,OK,config 3 3-13,text,false,"The operation lasted too long: It took 1,461 milliseconds, but should not have lasted longer than 775 milliseconds.",231,167,14,42,http://stload.se.ifmo.ru:8080/?token=518477874&user=-1355069478&config=3,1461,0,187
1776025853266,1144,config 3 request,200,OK,config 3 3-9,text,false,"The operation lasted too long: It took 1,144 milliseconds, but should not have lasted longer than 775 milliseconds.",231,167,14,42,http://stload.se.ifmo.ru:8080/?token=518477874&user=-1355069478&config=3,1144,0,0
1776025852860,1550,config 2 request,200,OK,config 2 2-3,text,false,"The operation lasted too long: It took 1,550 milliseconds, but should not have lasted longer than 775 milliseconds.",231,167,14,42,http://stload.se.ifmo.ru:8080/?token=518477874&user=-1355069478&config=2,1550,0,0
1776025852930,1525,config 2 request,200,OK,config 2 2-9,text,false,"The operation lasted too long: It took 1,525 milliseconds, but should not have lasted longer than 775 milliseconds.",231,167,14,42,http://stload.se.ifmo.ru:8080/?token=518477874&user=-1355069478&config=2,1525,0,0
1776025853252,1337,config 2 request,200,OK,config 2 2-6,text,false,"The operation lasted too long: It took 1,337 milliseconds, but should not have lasted longer than 775 milliseconds.",231,167,14,42,http://stload.se.ifmo.ru:8080/?token=518477874&user=-1355069478&config=2,1337,0,0
1776025853035,1554,config 2 request,200,OK,config 2 2-12,text,false,"The operation lasted too long: It took 1,554 milliseconds, but should not have lasted longer than 775 milliseconds.",231,167,14,42,http://stload.se.ifmo.ru:8080/?token=518477874&user=-1355069478&config=2,1554,0,216
1776025853288,1462,config 2 request,200,OK,config 2 2-14,text,false,"The operation lasted too long: It took 1,462 milliseconds, but should not have lasted longer than 775 milliseconds.",231,167,14,42,http://stload.se.ifmo.ru:8080/?token=518477874&user=-1355069478&config=2,1462,0,0
1776025853436,1314,config 3 request,200,OK,config 3 3-3,text,false,"The operation lasted too long: It took 1,314 milliseconds, but should not have lasted longer than 775 milliseconds.",231,167,14,42,http://stload.se.ifmo.ru:8080/?token=518477874&user=-1355069478&config=3,1314,0,0
1776025853321,1430,config 2 request,200,OK,config 2 2-8,text,false,"The operation lasted too long: It took 1,430 milliseconds, but should not have lasted longer than 775 milliseconds.",231,167,14,42,http://stload.se.ifmo.ru:8080/?token=518477874&user=-1355069478&config=2,1430,0,0
1776025853322,1429,config 2 request,200,OK,config 2 2-11,text,false,"The operation lasted too long: It took 1,429 milliseconds, but should not have lasted longer than 775 milliseconds.",231,167,14,42,http://stload.se.ifmo.ru:8080/?token=518477874&user=-1355069478&config=2,1429,0,0
1776025853419,1366,config 3 request,200,OK,config 3 3-12,text,false,"The operation lasted too long: It took 1,366 milliseconds, but should not have lasted longer than 775 milliseconds.",231,167,14,42,http://stload.se.ifmo.ru:8080/?token=518477874&user=-1355069478&config=3,1366,0,0
1776025853435,1350,config 2 request,200,OK,config 2 2-5,text,false,"The operation lasted too long: It took 1,350 milliseconds, but should not have lasted longer than 775 milliseconds.",231,167,14,42,http://stload.se.ifmo.ru:8080/?token=518477874&user=-1355069478&config=2,1350,0,0
1776025853475,1552,config 3 request,200,OK,config 3 3-6,text,false,"The operation lasted too long: It took 1,552 milliseconds, but should not have lasted longer than 775 milliseconds.",231,167,14,42,http://stload.se.ifmo.ru:8080/?token=518477874&user=-1355069478&config=3,1552,0,0
1776025853739,1288,config 3 request,200,OK,config 3 3-5,text,false,"The operation lasted too long: It took 1,288 milliseconds, but should not have lasted longer than 775 milliseconds.",231,167,14,42,http://stload.se.ifmo.ru:8080/?token=518477874&user=-1355069478&config=3,1288,0,0
1776025853743,1355,config 3 request,200,OK,config 3 3-8,text,false,"The operation lasted too long: It took 1,355 milliseconds, but should not have lasted longer than 775 milliseconds.",231,167,14,42,http://stload.se.ifmo.ru:8080/?token=518477874&user=-1355069478&config=3,1355,0,0
1776025853751,1348,config 3 request,200,OK,config 3 3-2,text,false,"The operation lasted too long: It took 1,348 milliseconds, but should not have lasted longer than 775 milliseconds.",231,167,14,42,http://stload.se.ifmo.ru:8080/?token=518477874&user=-1355069478&config=3,1348,0,0
1776025853879,1220,config 3 request,200,OK,config 3 3-11,text,false,"The operation lasted too long: It took 1,220 milliseconds, but should not have lasted longer than 775 milliseconds.",231,167,14,42,http://stload.se.ifmo.ru:8080/?token=518477874&user=-1355069478&config=3,1220,0,0
1776025853743,1604,config 3 request,200,OK,config 3 3-14,text,false,"The operation lasted too long: It took 1,604 milliseconds, but should not have lasted longer than 775 milliseconds.",231,167,14,42,http://stload.se.ifmo.ru:8080/?token=518477874&user=-1355069478&config=3,1604,0,257
1776025853877,1470,config 2 request,200,OK,config 2 2-10,text,false,"The operation lasted too long: It took 1,470 milliseconds, but should not have lasted longer than 775 milliseconds.",231,167,14,42,http://stload.se.ifmo.ru:8080/?token=518477874&user=-1355069478&config=2,1470,0,0
1776025853934,1454,config 2 request,200,OK,config 2 2-2,text,false,"The operation lasted too long: It took 1,454 milliseconds, but should not have lasted longer than 775 milliseconds.",231,167,14,42,http://stload.se.ifmo.ru:8080/?token=518477874&user=-1355069478&config=2,1454,0,0
1776025853919,1469,config 2 request,200,OK,config 2 2-4,text,false,"The operation lasted too long: It took 1,469 milliseconds, but should not have lasted longer than 775 milliseconds.",231,167,14,42,http://stload.se.ifmo.ru:8080/?token=518477874&user=-1355069478&config=2,1469,0,0
1776025854042,1346,config 2 request,200,OK,config 2 2-1,text,false,"The operation lasted too long: It took 1,346 milliseconds, but should not have lasted longer than 775 milliseconds.",231,167,14,42,http://stload.se.ifmo.ru:8080/?token=518477874&user=-1355069478&config=2,1346,0,0
1776025854303,1126,config 3 request,200,OK,config 3 3-13,text,false,"The operation lasted too long: It took 1,126 milliseconds, but should not have lasted longer than 775 milliseconds.",231,167,14,42,http://stload.se.ifmo.ru:8080/?token=518477874&user=-1355069478&config=3,1126,0,0
1776025854304,1125,config 3 request,200,OK,config 3 3-7,text,false,"The operation lasted too long: It took 1,125 milliseconds, but should not have lasted longer than 775 milliseconds.",231,167,14,42,http://stload.se.ifmo.ru:8080/?token=518477874&user=-1355069478&config=3,1125,0,0
1776025854304,1270,config 3 request,200,OK,config 3 3-4,text,false,"The operation lasted too long: It took 1,270 milliseconds, but should not have lasted longer than 775 milliseconds.",231,167,14,42,http://stload.se.ifmo.ru:8080/?token=518477874&user=-1355069478&config=3,1270,0,0
1776025854286,1538,config 2 request,200,OK,config 2 2-7,text,false,"The operation lasted too long: It took 1,538 milliseconds, but should not have lasted longer than 775 milliseconds.",231,167,14,42,http://stload.se.ifmo.ru:8080/?token=518477874&user=-1355069478&config=2,1538,0,0
1776025854350,1474,config 3 request,200,OK,config 3 3-10,text,false,"The operation lasted too long: It took 1,474 milliseconds, but should not have lasted longer than 775 milliseconds.",231,167,14,42,http://stload.se.ifmo.ru:8080/?token=518477874&user=-1355069478&config=3,1474,0,0
1776025854410,1414,config 2 request,200,OK,config 2 2-3,text,false,"The operation lasted too long: It took 1,414 milliseconds, but should not have lasted longer than 775 milliseconds.",231,167,14,42,http://stload.se.ifmo.ru:8080/?token=518477874&user=-1355069478&config=2,1414,0,0
1776025854524,1374,config 3 request,200,OK,config 3 3-1,text,false,"The operation lasted too long: It took 1,374 milliseconds, but should not have lasted longer than 775 milliseconds.",231,167,14,42,http://stload.se.ifmo.ru:8080/?token=518477874&user=-1355069478&config=3,1374,0,0
1776025854187,1711,config 2 request,200,OK,config 2 2-13,text,false,"The operation lasted too long: It took 1,711 milliseconds, but should not have lasted longer than 775 milliseconds.",231,167,14,42,http://stload.se.ifmo.ru:8080/?token=518477874&user=-1355069478&config=2,1711,0,222
1776025854771,1186,config 3 request,200,OK,config 3 3-9,text,false,"The operation lasted too long: It took 1,186 milliseconds, but should not have lasted longer than 775 milliseconds.",231,167,14,42,http://stload.se.ifmo.ru:8080/?token=518477874&user=-1355069478&config=3,1186,0,0
1776025854455,1502,config 2 request,200,OK,config 2 2-9,text,false,"The operation lasted too long: It took 1,502 milliseconds, but should not have lasted longer than 775 milliseconds.",231,167,14,42,http://stload.se.ifmo.ru:8080/?token=518477874&user=-1355069478&config=2,1502,0,0
1776025854920,1129,config 3 request,200,OK,config 3 3-12,text,false,"The operation lasted too long: It took 1,129 milliseconds, but should not have lasted longer than 775 milliseconds.",231,167,14,42,http://stload.se.ifmo.ru:8080/?token=518477874&user=-1355069478&config=3,1129,0,0
1776025854753,1462,config 2 request,200,OK,config 2 2-6,text,false,"The operation lasted too long: It took 1,462 milliseconds, but should not have lasted longer than 775 milliseconds.",231,167,14,42,http://stload.se.ifmo.ru:8080/?token=518477874&user=-1355069478&config=2,1462,0,0
1776025854937,1278,config 3 request,200,OK,config 3 3-3,text,false,"The operation lasted too long: It took 1,278 milliseconds, but should not have lasted longer than 775 milliseconds.",231,167,14,42,http://stload.se.ifmo.ru:8080/?token=518477874&user=-1355069478&config=3,1278,0,0
1776025854589,1626,config 2 request,200,OK,config 2 2-12,text,false,"The operation lasted too long: It took 1,626 milliseconds, but should not have lasted longer than 775 milliseconds.",231,167,14,42,http://stload.se.ifmo.ru:8080/?token=518477874&user=-1355069478&config=2,1626,0,0
1776025854822,1393,config 2 request,200,OK,config 2 2-8,text,false,"The operation lasted too long: It took 1,393 milliseconds, but should not have lasted longer than 775 milliseconds.",231,167,14,42,http://stload.se.ifmo.ru:8080/?token=518477874&user=-1355069478&config=2,1393,0,0
1776025855027,1320,config 3 request,200,OK,config 3 3-6,text,false,"The operation lasted too long: It took 1,320 milliseconds, but should not have lasted longer than 775 milliseconds.",231,167,14,42,http://stload.se.ifmo.ru:8080/?token=518477874&user=-1355069478&config=3,1320,0,0
1776025854824,1523,config 2 request,200,OK,config 2 2-11,text,false,"The operation lasted too long: It took 1,523 milliseconds, but should not have lasted longer than 775 milliseconds.",231,167,14,42,http://stload.se.ifmo.ru:8080/?token=518477874&user=-1355069478&config=2,1523,0,0
1776025854935,1412,config 2 request,200,OK,config 2 2-5,text,false,"The operation lasted too long: It took 1,412 milliseconds, but should not have lasted longer than 775 milliseconds.",231,167,14,42,http://stload.se.ifmo.ru:8080/?token=518477874&user=-1355069478&config=2,1412,0,0
1776025855242,1139,config 3 request,200,OK,config 3 3-5,text,false,"The operation lasted too long: It took 1,139 milliseconds, but should not have lasted longer than 775 milliseconds.",231,167,14,42,http://stload.se.ifmo.ru:8080/?token=518477874&user=-1355069478&config=3,1139,0,0
1776025855255,1167,config 3 request,200,OK,config 3 3-2,text,false,"The operation lasted too long: It took 1,167 milliseconds, but should not have lasted longer than 775 milliseconds.",231,167,14,42,http://stload.se.ifmo.ru:8080/?token=518477874&user=-1355069478&config=3,1167,0,0
1776025855245,1177,config 3 request,200,OK,config 3 3-8,text,false,"The operation lasted too long: It took 1,177 milliseconds, but should not have lasted longer than 775 milliseconds.",231,167,14,42,http://stload.se.ifmo.ru:8080/?token=518477874&user=-1355069478&config=3,1177,0,0
1776025854789,1684,config 2 request,200,OK,config 2 2-14,text,false,"The operation lasted too long: It took 1,684 milliseconds, but should not have lasted longer than 775 milliseconds.",231,167,14,42,http://stload.se.ifmo.ru:8080/?token=518477874&user=-1355069478&config=2,1684,0,237
1776025855347,1209,config 3 request,200,OK,config 3 3-14,text,false,"The operation lasted too long: It took 1,209 milliseconds, but should not have lasted longer than 775 milliseconds.",231,167,14,42,http://stload.se.ifmo.ru:8080/?token=518477874&user=-1355069478&config=3,1209,0,0
1776025855375,1393,config 3 request,200,OK,config 3 3-11,text,false,"The operation lasted too long: It took 1,393 milliseconds, but should not have lasted longer than 775 milliseconds.",231,167,14,42,http://stload.se.ifmo.ru:8080/?token=518477874&user=-1355069478&config=3,1393,0,0
1776025855381,1428,config 2 request,200,OK,config 2 2-10,text,false,"The operation lasted too long: It took 1,428 milliseconds, but should not have lasted longer than 775 milliseconds.",231,167,14,42,http://stload.se.ifmo.ru:8080/?token=518477874&user=-1355069478&config=2,1428,0,0
1776025855804,1146,config 3 request,200,OK,config 3 3-4,text,false,"The operation lasted too long: It took 1,146 milliseconds, but should not have lasted longer than 775 milliseconds.",231,167,14,42,http://stload.se.ifmo.ru:8080/?token=518477874&user=-1355069478&config=3,1146,0,0
1776025855804,1150,config 3 request,200,OK,config 3 3-7,text,false,"The operation lasted too long: It took 1,150 milliseconds, but should not have lasted longer than 775 milliseconds.",231,167,14,42,http://stload.se.ifmo.ru:8080/?token=518477874&user=-1355069478&config=3,1150,0,0
1776025855808,1146,config 3 request,200,OK,config 3 3-13,text,false,"The operation lasted too long: It took 1,146 milliseconds, but should not have lasted longer than 775 milliseconds.",231,167,14,42,http://stload.se.ifmo.ru:8080/?token=518477874&user=-1355069478&config=3,1146,0,0
1776025855849,1145,config 3 request,200,OK,config 3 3-10,text,false,"The operation lasted too long: It took 1,145 milliseconds, but should not have lasted longer than 775 milliseconds.",231,167,14,42,http://stload.se.ifmo.ru:8080/?token=518477874&user=-1355069478&config=3,1145,0,0
1776025855422,1572,config 2 request,200,OK,config 2 2-4,text,false,"The operation lasted too long: It took 1,572 milliseconds, but should not have lasted longer than 775 milliseconds.",231,167,14,42,http://stload.se.ifmo.ru:8080/?token=518477874&user=-1355069478&config=2,1572,0,0
1776025855436,1558,config 2 request,200,OK,config 2 2-2,text,false,"The operation lasted too long: It took 1,558 milliseconds, but should not have lasted longer than 775 milliseconds.",231,167,14,42,http://stload.se.ifmo.ru:8080/?token=518477874&user=-1355069478&config=2,1558,0,0
1776025855544,1492,config 2 request,200,OK,config 2 2-1,text,false,"The operation lasted too long: It took 1,492 milliseconds, but should not have lasted longer than 775 milliseconds.",231,167,14,42,http://stload.se.ifmo.ru:8080/?token=518477874&user=-1355069478&config=2,1492,0,0
1776025855825,1346,config 2 request,200,OK,config 2 2-7,text,false,"The operation lasted too long: It took 1,346 milliseconds, but should not have lasted longer than 775 milliseconds.",231,167,14,42,http://stload.se.ifmo.ru:8080/?token=518477874&user=-1355069478&config=2,1345,0,0
1776025856024,1375,config 3 request,200,OK,config 3 3-1,text,false,"The operation lasted too long: It took 1,375 milliseconds, but should not have lasted longer than 775 milliseconds.",231,167,14,42,http://stload.se.ifmo.ru:8080/?token=518477874&user=-1355069478&config=3,1375,0,0
1776025856269,1144,config 3 request,200,OK,config 3 3-9,text,false,"The operation lasted too long: It took 1,144 milliseconds, but should not have lasted longer than 775 milliseconds.",231,167,14,42,http://stload.se.ifmo.ru:8080/?token=518477874&user=-1355069478&config=3,1144,0,0
1776025855899,1514,config 2 request,200,OK,config 2 2-13,text,false,"The operation lasted too long: It took 1,514 milliseconds, but should not have lasted longer than 775 milliseconds.",231,167,14,42,http://stload.se.ifmo.ru:8080/?token=518477874&user=-1355069478&config=2,1514,0,0
1776025855958,1456,config 2 request,200,OK,config 2 2-9,text,false,"The operation lasted too long: It took 1,456 milliseconds, but should not have lasted longer than 775 milliseconds.",231,167,14,42,http://stload.se.ifmo.ru:8080/?token=518477874&user=-1355069478&config=2,1456,0,0
1776025855915,1524,config 2 request,200,OK,config 2 2-3,text,false,"The operation lasted too long: It took 1,524 milliseconds, but should not have lasted longer than 775 milliseconds.",231,167,14,42,http://stload.se.ifmo.ru:8080/?token=518477874&user=-1355069478&config=2,1524,0,0
1776025856216,1355,config 2 request,200,OK,config 2 2-12,text,false,"The operation lasted too long: It took 1,355 milliseconds, but should not have lasted longer than 775 milliseconds.",231,167,14,42,http://stload.se.ifmo.ru:8080/?token=518477874&user=-1355069478&config=2,1355,0,0
1776025856256,1404,config 2 request,200,OK,config 2 2-6,text,false,"The operation lasted too long: It took 1,404 milliseconds, but should not have lasted longer than 775 milliseconds.",231,167,14,42,http://stload.se.ifmo.ru:8080/?token=518477874&user=-1355069478&config=2,1404,0,0
1776025856324,1380,config 2 request,200,OK,config 2 2-8,text,false,"The operation lasted too long: It took 1,380 milliseconds, but should not have lasted longer than 775 milliseconds.",231,167,14,42,http://stload.se.ifmo.ru:8080/?token=518477874&user=-1355069478&config=2,1380,0,0
1776025856418,1380,config 3 request,200,OK,config 3 3-12,text,false,"The operation lasted too long: It took 1,380 milliseconds, but should not have lasted longer than 775 milliseconds.",231,167,14,42,http://stload.se.ifmo.ru:8080/?token=518477874&user=-1355069478&config=3,1380,0,0
1776025856347,1451,config 2 request,200,OK,config 2 2-11,text,false,"The operation lasted too long: It took 1,451 milliseconds, but should not have lasted longer than 775 milliseconds.",231,167,14,42,http://stload.se.ifmo.ru:8080/?token=518477874&user=-1355069478&config=2,1451,0,0
1776025856741,1206,config 3 request,200,OK,config 3 3-5,text,false,"The operation lasted too long: It took 1,206 milliseconds, but should not have lasted longer than 775 milliseconds.",231,167,14,42,http://stload.se.ifmo.ru:8080/?token=518477874&user=-1355069478&config=3,1206,0,0
1776025856440,1507,config 3 request,200,OK,config 3 3-3,text,false,"The operation lasted too long: It took 1,507 milliseconds, but should not have lasted longer than 775 milliseconds.",231,167,14,42,http://stload.se.ifmo.ru:8080/?token=518477874&user=-1355069478&config=3,1507,0,0
1776025856531,1416,config 3 request,200,OK,config 3 3-6,text,false,"The operation lasted too long: It took 1,416 milliseconds, but should not have lasted longer than 775 milliseconds.",231,167,14,42,http://stload.se.ifmo.ru:8080/?token=518477874&user=-1355069478&config=3,1416,0,0
1776025856751,1202,config 3 request,200,OK,config 3 3-2,text,false,"The operation lasted too long: It took 1,202 milliseconds, but should not have lasted longer than 775 milliseconds.",231,167,14,42,http://stload.se.ifmo.ru:8080/?token=518477874&user=-1355069478&config=3,1202,0,0
1776025856747,1242,config 3 request,200,OK,config 3 3-8,text,false,"The operation lasted too long: It took 1,242 milliseconds, but should not have lasted longer than 775 milliseconds.",231,167,14,42,http://stload.se.ifmo.ru:8080/?token=518477874&user=-1355069478&config=3,1242,0,0
1776025856850,1149,config 3 request,200,OK,config 3 3-14,text,false,"The operation lasted too long: It took 1,149 milliseconds, but should not have lasted longer than 775 milliseconds.",231,167,14,42,http://stload.se.ifmo.ru:8080/?token=518477874&user=-1355069478&config=3,1149,0,0
1776025856876,1170,config 3 request,200,OK,config 3 3-11,text,false,"The operation lasted too long: It took 1,170 milliseconds, but should not have lasted longer than 775 milliseconds.",231,167,14,42,http://stload.se.ifmo.ru:8080/?token=518477874&user=-1355069478&config=3,1170,0,0
1776025856434,1661,config 2 request,200,OK,config 2 2-5,text,false,"The operation lasted too long: It took 1,661 milliseconds, but should not have lasted longer than 775 milliseconds.",231,167,14,42,http://stload.se.ifmo.ru:8080/?token=518477874&user=-1355069478&config=2,1661,0,0
1776025856473,1665,config 2 request,200,OK,config 2 2-14,text,false,"The operation lasted too long: It took 1,665 milliseconds, but should not have lasted longer than 775 milliseconds.",231,167,14,42,http://stload.se.ifmo.ru:8080/?token=518477874&user=-1355069478&config=2,1665,0,0
1776025856882,1391,config 2 request,200,OK,config 2 2-10,text,false,"The operation lasted too long: It took 1,391 milliseconds, but should not have lasted longer than 775 milliseconds.",231,167,14,42,http://stload.se.ifmo.ru:8080/?token=518477874&user=-1355069478&config=2,1391,0,0
1776025857307,1139,config 3 request,200,OK,config 3 3-13,text,false,"The operation lasted too long: It took 1,139 milliseconds, but should not have lasted longer than 775 milliseconds.",231,167,14,42,http://stload.se.ifmo.ru:8080/?token=518477874&user=-1355069478&config=3,1139,0,0
1776025857307,1139,config 3 request,200,OK,config 3 3-4,text,false,"The operation lasted too long: It took 1,139 milliseconds, but should not have lasted longer than 775 milliseconds.",231,167,14,42,http://stload.se.ifmo.ru:8080/?token=518477874&user=-1355069478&config=3,1139,0,0
1776025857307,1423,config 3 request,200,OK,config 3 3-7,text,false,"The operation lasted too long: It took 1,423 milliseconds, but should not have lasted longer than 775 milliseconds.",231,167,14,42,http://stload.se.ifmo.ru:8080/?token=518477874&user=-1355069478&config=3,1423,0,0
1776025856994,1751,config 2 request,200,OK,config 2 2-2,text,false,"The operation lasted too long: It took 1,751 milliseconds, but should not have lasted longer than 775 milliseconds.",231,167,14,42,http://stload.se.ifmo.ru:8080/?token=518477874&user=-1355069478&config=2,1751,0,0
1776025856994,1751,config 2 request,200,OK,config 2 2-4,text,false,"The operation lasted too long: It took 1,751 milliseconds, but should not have lasted longer than 775 milliseconds.",231,167,14,42,http://stload.se.ifmo.ru:8080/?token=518477874&user=-1355069478&config=2,1751,0,0
1776025857349,1396,config 3 request,200,OK,config 3 3-10,text,false,"The operation lasted too long: It took 1,396 milliseconds, but should not have lasted longer than 775 milliseconds.",231,167,14,42,http://stload.se.ifmo.ru:8080/?token=518477874&user=-1355069478&config=3,1396,0,0
1776025857043,1702,config 2 request,200,OK,config 2 2-1,text,false,"The operation lasted too long: It took 1,702 milliseconds, but should not have lasted longer than 775 milliseconds.",231,167,14,42,http://stload.se.ifmo.ru:8080/?token=518477874&user=-1355069478&config=2,1702,0,0
1776025857527,1284,config 3 request,200,OK,config 3 3-1,text,false,"The operation lasted too long: It took 1,284 milliseconds, but should not have lasted longer than 775 milliseconds.",231,167,14,42,http://stload.se.ifmo.ru:8080/?token=518477874&user=-1355069478&config=3,1284,0,0
1776025857330,1481,config 2 request,200,OK,config 2 2-7,text,false,"The operation lasted too long: It took 1,481 milliseconds, but should not have lasted longer than 775 milliseconds.",231,167,14,42,http://stload.se.ifmo.ru:8080/?token=518477874&user=-1355069478&config=2,1481,0,0
1776025857414,1397,config 2 request,200,OK,config 2 2-13,text,false,"The operation lasted too long: It took 1,397 milliseconds, but should not have lasted longer than 775 milliseconds.",231,167,14,42,http://stload.se.ifmo.ru:8080/?token=518477874&user=-1355069478&config=2,1397,0,0
1776025857439,1427,config 2 request,200,OK,config 2 2-3,text,false,"The operation lasted too long: It took 1,427 milliseconds, but should not have lasted longer than 775 milliseconds.",231,167,14,42,http://stload.se.ifmo.ru:8080/?token=518477874&user=-1355069478&config=2,1427,0,0
1776025857460,1440,config 2 request,200,OK,config 2 2-9,text,false,"The operation lasted too long: It took 1,440 milliseconds, but should not have lasted longer than 775 milliseconds.",231,167,14,42,http://stload.se.ifmo.ru:8080/?token=518477874&user=-1355069478&config=2,1439,0,0
1776025857767,1192,config 3 request,200,OK,config 3 3-9,text,false,"The operation lasted too long: It took 1,192 milliseconds, but should not have lasted longer than 775 milliseconds.",231,167,14,42,http://stload.se.ifmo.ru:8080/?token=518477874&user=-1355069478&config=3,1192,0,0
1776025857721,1331,config 2 request,200,OK,config 2 2-12,text,false,"The operation lasted too long: It took 1,331 milliseconds, but should not have lasted longer than 775 milliseconds.",231,167,14,42,http://stload.se.ifmo.ru:8080/?token=518477874&user=-1355069478&config=2,1331,0,0
1776025857916,1261,config 3 request,200,OK,config 3 3-12,text,false,"The operation lasted too long: It took 1,261 milliseconds, but should not have lasted longer than 775 milliseconds.",231,167,14,42,http://stload.se.ifmo.ru:8080/?token=518477874&user=-1355069478&config=3,1261,0,0
1776025857949,1228,config 3 request,200,OK,config 3 3-3,text,false,"The operation lasted too long: It took 1,228 milliseconds, but should not have lasted longer than 775 milliseconds.",231,167,14,42,http://stload.se.ifmo.ru:8080/?token=518477874&user=-1355069478&config=3,1228,0,0
1776025857756,1421,config 2 request,200,OK,config 2 2-6,text,false,"The operation lasted too long: It took 1,421 milliseconds, but should not have lasted longer than 775 milliseconds.",231,167,14,42,http://stload.se.ifmo.ru:8080/?token=518477874&user=-1355069478&config=2,1421,0,0
1776025858032,1145,config 3 request,200,OK,config 3 3-6,text,false,"The operation lasted too long: It took 1,145 milliseconds, but should not have lasted longer than 775 milliseconds.",231,167,14,42,http://stload.se.ifmo.ru:8080/?token=518477874&user=-1355069478&config=3,1145,0,0
1776025857853,1405,config 2 request,200,OK,config 2 2-11,text,false,"The operation lasted too long: It took 1,405 milliseconds, but should not have lasted longer than 775 milliseconds.",231,167,14,42,http://stload.se.ifmo.ru:8080/?token=518477874&user=-1355069478&config=2,1405,0,0
1776025857825,1433,config 2 request,200,OK,config 2 2-8,text,false,"The operation lasted too long: It took 1,433 milliseconds, but should not have lasted longer than 775 milliseconds.",231,167,14,42,http://stload.se.ifmo.ru:8080/?token=518477874&user=-1355069478&config=2,1433,0,0
1776025858095,1400,config 2 request,200,OK,config 2 2-5,text,false,"The operation lasted too long: It took 1,400 milliseconds, but should not have lasted longer than 775 milliseconds.",231,167,14,42,http://stload.se.ifmo.ru:8080/?token=518477874&user=-1355069478&config=2,1400,0,0
1776025858252,1377,config 3 request,200,OK,config 3 3-2,text,false,"The operation lasted too long: It took 1,377 milliseconds, but should not have lasted longer than 775 milliseconds.",231,167,14,42,http://stload.se.ifmo.ru:8080/?token=518477874&user=-1355069478&config=3,1377,0,0
1776025858139,1490,config 2 request,200,OK,config 2 2-14,text,false,"The operation lasted too long: It took 1,490 milliseconds, but should not have lasted longer than 775 milliseconds.",231,167,14,42,http://stload.se.ifmo.ru:8080/?token=518477874&user=-1355069478&config=2,1490,0,0
1776025858242,1387,config 3 request,200,OK,config 3 3-5,text,false,"The operation lasted too long: It took 1,387 milliseconds, but should not have lasted longer than 775 milliseconds.",231,167,14,42,http://stload.se.ifmo.ru:8080/?token=518477874&user=-1355069478&config=3,1387,0,0
1776025858246,1383,config 3 request,200,OK,config 3 3-8,text,false,"The operation lasted too long: It took 1,383 milliseconds, but should not have lasted longer than 775 milliseconds.",231,167,14,42,http://stload.se.ifmo.ru:8080/?token=518477874&user=-1355069478&config=3,1383,0,0
1776025858351,1371,config 3 request,200,OK,config 3 3-14,text,false,"The operation lasted too long: It took 1,371 milliseconds, but should not have lasted longer than 775 milliseconds.",231,167,14,42,http://stload.se.ifmo.ru:8080/?token=518477874&user=-1355069478&config=3,1371,0,0
1776025858379,1343,config 3 request,200,OK,config 3 3-11,text,false,"The operation lasted too long: It took 1,343 milliseconds, but should not have lasted longer than 775 milliseconds.",231,167,14,42,http://stload.se.ifmo.ru:8080/?token=518477874&user=-1355069478&config=3,1343,0,0
1776025858805,1138,config 3 request,200,OK,config 3 3-7,text,false,"The operation lasted too long: It took 1,138 milliseconds, but should not have lasted longer than 775 milliseconds.",231,167,14,42,http://stload.se.ifmo.ru:8080/?token=518477874&user=-1355069478&config=3,1138,0,0
1776025858377,1566,config 2 request,200,OK,config 2 2-10,text,false,"The operation lasted too long: It took 1,566 milliseconds, but should not have lasted longer than 775 milliseconds.",231,167,14,42,http://stload.se.ifmo.ru:8080/?token=518477874&user=-1355069478&config=2,1566,0,0
1776025858807,1136,config 3 request,200,OK,config 3 3-4,text,false,"The operation lasted too long: It took 1,136 milliseconds, but should not have lasted longer than 775 milliseconds.",231,167,14,42,http://stload.se.ifmo.ru:8080/?token=518477874&user=-1355069478&config=3,1136,0,0
1776025858850,1241,config 3 request,200,OK,config 3 3-10,text,false,"The operation lasted too long: It took 1,241 milliseconds, but should not have lasted longer than 775 milliseconds.",231,167,14,42,http://stload.se.ifmo.ru:8080/?token=518477874&user=-1355069478&config=3,1241,0,0
1776025858745,1346,config 2 request,200,OK,config 2 2-2,text,false,"The operation lasted too long: It took 1,346 milliseconds, but should not have lasted longer than 775 milliseconds.",231,167,14,42,http://stload.se.ifmo.ru:8080/?token=518477874&user=-1355069478&config=2,1346,0,0
1776025858808,1283,config 3 request,200,OK,config 3 3-13,text,false,"The operation lasted too long: It took 1,283 milliseconds, but should not have lasted longer than 775 milliseconds.",231,167,14,42,http://stload.se.ifmo.ru:8080/?token=518477874&user=-1355069478&config=3,1283,0,0
1776025858745,1422,config 2 request,200,OK,config 2 2-1,text,false,"The operation lasted too long: It took 1,422 milliseconds, but should not have lasted longer than 775 milliseconds.",231,167,14,42,http://stload.se.ifmo.ru:8080/?token=518477874&user=-1355069478&config=2,1422,0,0
1776025858745,1422,config 2 request,200,OK,config 2 2-4,text,false,"The operation lasted too long: It took 1,422 milliseconds, but should not have lasted longer than 775 milliseconds.",231,167,14,42,http://stload.se.ifmo.ru:8080/?token=518477874&user=-1355069478&config=2,1422,0,0
1776025859025,1184,config 3 request,200,OK,config 3 3-1,text,false,"The operation lasted too long: It took 1,184 milliseconds, but should not have lasted longer than 775 milliseconds.",231,167,14,42,http://stload.se.ifmo.ru:8080/?token=518477874&user=-1355069478&config=3,1184,0,0
1776025858828,1472,config 2 request,200,OK,config 2 2-7,text,false,"The operation lasted too long: It took 1,472 milliseconds, but should not have lasted longer than 775 milliseconds.",231,167,14,42,http://stload.se.ifmo.ru:8080/?token=518477874&user=-1355069478&config=2,1472,0,0
1776025858917,1423,config 2 request,200,OK,config 2 2-13,text,false,"The operation lasted too long: It took 1,423 milliseconds, but should not have lasted longer than 775 milliseconds.",231,167,14,42,http://stload.se.ifmo.ru:8080/?token=518477874&user=-1355069478&config=2,1423,0,0
1776025858944,1488,config 2 request,200,OK,config 2 2-3,text,false,"The operation lasted too long: It took 1,488 milliseconds, but should not have lasted longer than 775 milliseconds.",231,167,14,42,http://stload.se.ifmo.ru:8080/?token=518477874&user=-1355069478&config=2,1488,0,0
1776025858959,1473,config 2 request,200,OK,config 2 2-9,text,false,"The operation lasted too long: It took 1,473 milliseconds, but should not have lasted longer than 775 milliseconds.",231,167,14,42,http://stload.se.ifmo.ru:8080/?token=518477874&user=-1355069478&config=2,1473,0,0
1776025859266,1393,config 3 request,200,OK,config 3 3-9,text,false,"The operation lasted too long: It took 1,393 milliseconds, but should not have lasted longer than 775 milliseconds.",231,167,14,42,http://stload.se.ifmo.ru:8080/?token=518477874&user=-1355069478&config=3,1393,0,0
1776025859418,1241,config 3 request,200,OK,config 3 3-12,text,false,"The operation lasted too long: It took 1,241 milliseconds, but should not have lasted longer than 775 milliseconds.",231,167,14,42,http://stload.se.ifmo.ru:8080/?token=518477874&user=-1355069478&config=3,1241,0,0
1776025859221,1511,config 2 request,200,OK,config 2 2-12,text,false,"The operation lasted too long: It took 1,511 milliseconds, but should not have lasted longer than 775 milliseconds.",231,167,14,42,http://stload.se.ifmo.ru:8080/?token=518477874&user=-1355069478&config=2,1511,0,0
1776025859450,1283,config 3 request,200,OK,config 3 3-3,text,false,"The operation lasted too long: It took 1,283 milliseconds, but should not have lasted longer than 775 milliseconds.",231,167,14,42,http://stload.se.ifmo.ru:8080/?token=518477874&user=-1355069478&config=3,1283,0,0
1776025859257,1476,config 2 request,200,OK,config 2 2-6,text,false,"The operation lasted too long: It took 1,476 milliseconds, but should not have lasted longer than 775 milliseconds.",231,167,14,42,http://stload.se.ifmo.ru:8080/?token=518477874&user=-1355069478&config=2,1476,0,0
1776025859351,1443,config 2 request,200,OK,config 2 2-11,text,false,"The operation lasted too long: It took 1,443 milliseconds, but should not have lasted longer than 775 milliseconds.",231,167,14,42,http://stload.se.ifmo.ru:8080/?token=518477874&user=-1355069478&config=2,1443,0,0
1776025859321,1473,config 2 request,200,OK,config 2 2-8,text,false,"The operation lasted too long: It took 1,473 milliseconds, but should not have lasted longer than 775 milliseconds.",231,167,14,42,http://stload.se.ifmo.ru:8080/?token=518477874&user=-1355069478&config=2,1473,0,0
1776025859530,1265,config 3 request,200,OK,config 3 3-6,text,false,"The operation lasted too long: It took 1,265 milliseconds, but should not have lasted longer than 775 milliseconds.",231,167,14,42,http://stload.se.ifmo.ru:8080/?token=518477874&user=-1355069478&config=3,1265,0,0
1776025859751,1337,config 3 request,200,OK,config 3 3-2,text,false,"The operation lasted too long: It took 1,337 milliseconds, but should not have lasted longer than 775 milliseconds.",231,167,14,42,http://stload.se.ifmo.ru:8080/?token=518477874&user=-1355069478&config=3,1337,0,0
1776025859852,1237,config 3 request,200,OK,config 3 3-14,text,false,"The operation lasted too long: It took 1,237 milliseconds, but should not have lasted longer than 775 milliseconds.",231,167,14,42,http://stload.se.ifmo.ru:8080/?token=518477874&user=-1355069478&config=3,1237,0,0
1776025859742,1346,config 3 request,200,OK,config 3 3-5,text,false,"The operation lasted too long: It took 1,346 milliseconds, but should not have lasted longer than 775 milliseconds.",231,167,14,42,http://stload.se.ifmo.ru:8080/?token=518477874&user=-1355069478&config=3,1346,0,0
1776025859748,1341,config 3 request,200,OK,config 3 3-8,text,false,"The operation lasted too long: It took 1,341 milliseconds, but should not have lasted longer than 775 milliseconds.",231,167,14,42,http://stload.se.ifmo.ru:8080/?token=518477874&user=-1355069478&config=3,1341,0,0
1776025859600,1554,config 2 request,200,OK,config 2 2-5,text,false,"The operation lasted too long: It took 1,554 milliseconds, but should not have lasted longer than 775 milliseconds.",231,167,14,42,http://stload.se.ifmo.ru:8080/?token=518477874&user=-1355069478&config=2,1554,0,0
1776025859880,1275,config 3 request,200,OK,config 3 3-11,text,false,"The operation lasted too long: It took 1,275 milliseconds, but should not have lasted longer than 775 milliseconds.",231,167,14,42,http://stload.se.ifmo.ru:8080/?token=518477874&user=-1355069478&config=3,1275,0,0
1776025859639,1548,config 2 request,200,OK,config 2 2-14,text,false,"The operation lasted too long: It took 1,548 milliseconds, but should not have lasted longer than 775 milliseconds.",231,167,14,42,http://stload.se.ifmo.ru:8080/?token=518477874&user=-1355069478&config=2,1548,0,0
1776025859944,1566,config 2 request,200,OK,config 2 2-10,text,false,"The operation lasted too long: It took 1,566 milliseconds, but should not have lasted longer than 775 milliseconds.",231,167,14,42,http://stload.se.ifmo.ru:8080/?token=518477874&user=-1355069478&config=2,1566,0,0
1776025860246,1355,config 2 request,200,OK,config 2 2-1,text,false,"The operation lasted too long: It took 1,355 milliseconds, but should not have lasted longer than 775 milliseconds.",231,167,14,42,http://stload.se.ifmo.ru:8080/?token=518477874&user=-1355069478&config=2,1355,0,0
1776025860304,1298,config 3 request,200,OK,config 3 3-13,text,false,"The operation lasted too long: It took 1,298 milliseconds, but should not have lasted longer than 775 milliseconds.",231,167,14,42,http://stload.se.ifmo.ru:8080/?token=518477874&user=-1355069478&config=3,1298,0,0
1776025860308,1294,config 3 request,200,OK,config 3 3-7,text,false,"The operation lasted too long: It took 1,294 milliseconds, but should not have lasted longer than 775 milliseconds.",231,167,14,42,http://stload.se.ifmo.ru:8080/?token=518477874&user=-1355069478&config=3,1294,0,0
1776025860305,1340,config 3 request,200,OK,config 3 3-4,text,false,"The operation lasted too long: It took 1,340 milliseconds, but should not have lasted longer than 775 milliseconds.",231,167,14,42,http://stload.se.ifmo.ru:8080/?token=518477874&user=-1355069478&config=3,1340,0,0
1776025860245,1400,config 2 request,200,OK,config 2 2-2,text,false,"The operation lasted too long: It took 1,400 milliseconds, but should not have lasted longer than 775 milliseconds.",231,167,14,42,http://stload.se.ifmo.ru:8080/?token=518477874&user=-1355069478&config=2,1400,0,0
1776025860246,1399,config 2 request,200,OK,config 2 2-4,text,false,"The operation lasted too long: It took 1,399 milliseconds, but should not have lasted longer than 775 milliseconds.",231,167,14,42,http://stload.se.ifmo.ru:8080/?token=518477874&user=-1355069478&config=2,1399,0,0
1776025860351,1294,config 3 request,200,OK,config 3 3-10,text,false,"The operation lasted too long: It took 1,294 milliseconds, but should not have lasted longer than 775 milliseconds.",231,167,14,42,http://stload.se.ifmo.ru:8080/?token=518477874&user=-1355069478&config=3,1294,0,0
1776025860529,1209,config 3 request,200,OK,config 3 3-1,text,false,"The operation lasted too long: It took 1,209 milliseconds, but should not have lasted longer than 775 milliseconds.",231,167,14,42,http://stload.se.ifmo.ru:8080/?token=518477874&user=-1355069478&config=3,1208,0,0
1776025860325,1456,config 2 request,200,OK,config 2 2-7,text,false,"The operation lasted too long: It took 1,456 milliseconds, but should not have lasted longer than 775 milliseconds.",231,167,14,42,http://stload.se.ifmo.ru:8080/?token=518477874&user=-1355069478&config=2,1456,0,0
1776025860419,1452,config 2 request,200,OK,config 2 2-13,text,false,"The operation lasted too long: It took 1,452 milliseconds, but should not have lasted longer than 775 milliseconds.",231,167,14,42,http://stload.se.ifmo.ru:8080/?token=518477874&user=-1355069478&config=2,1452,0,0
1776025860440,1513,config 2 request,200,OK,config 2 2-3,text,false,"The operation lasted too long: It took 1,513 milliseconds, but should not have lasted longer than 775 milliseconds.",231,167,14,42,http://stload.se.ifmo.ru:8080/?token=518477874&user=-1355069478&config=2,1513,0,0
1776025860463,1491,config 2 request,200,OK,config 2 2-9,text,false,"The operation lasted too long: It took 1,491 milliseconds, but should not have lasted longer than 775 milliseconds.",231,167,14,42,http://stload.se.ifmo.ru:8080/?token=518477874&user=-1355069478&config=2,1491,0,0
1776025860767,1376,config 3 request,200,OK,config 3 3-9,text,false,"The operation lasted too long: It took 1,376 milliseconds, but should not have lasted longer than 775 milliseconds.",231,167,14,42,http://stload.se.ifmo.ru:8080/?token=518477874&user=-1355069478&config=3,1376,0,0
1776025860950,1193,config 3 request,200,OK,config 3 3-3,text,false,"The operation lasted too long: It took 1,193 milliseconds, but should not have lasted longer than 775 milliseconds.",231,167,14,42,http://stload.se.ifmo.ru:8080/?token=518477874&user=-1355069478&config=3,1193,0,0
1776025860919,1357,config 3 request,200,OK,config 3 3-12,text,false,"The operation lasted too long: It took 1,357 milliseconds, but should not have lasted longer than 775 milliseconds.",231,167,14,42,http://stload.se.ifmo.ru:8080/?token=518477874&user=-1355069478&config=3,1357,0,0
1776025861029,1453,config 3 request,200,OK,config 3 3-6,text,false,"The operation lasted too long: It took 1,453 milliseconds, but should not have lasted longer than 775 milliseconds.",231,167,14,42,http://stload.se.ifmo.ru:8080/?token=518477874&user=-1355069478&config=3,1453,0,0
1776025860850,1647,config 2 request,200,OK,config 2 2-11,text,false,"The operation lasted too long: It took 1,647 milliseconds, but should not have lasted longer than 775 milliseconds.",231,167,14,42,http://stload.se.ifmo.ru:8080/?token=518477874&user=-1355069478&config=2,1647,0,0
1776025860820,1677,config 2 request,200,OK,config 2 2-8,text,false,"The operation lasted too long: It took 1,677 milliseconds, but should not have lasted longer than 775 milliseconds.",231,167,14,42,http://stload.se.ifmo.ru:8080/?token=518477874&user=-1355069478&config=2,1677,0,0
1776025860753,1744,config 2 request,200,OK,config 2 2-6,text,false,"The operation lasted too long: It took 1,744 milliseconds, but should not have lasted longer than 775 milliseconds.",231,167,14,42,http://stload.se.ifmo.ru:8080/?token=518477874&user=-1355069478&config=2,1744,0,0
1776025860733,1765,config 2 request,200,OK,config 2 2-12,text,false,"The operation lasted too long: It took 1,765 milliseconds, but should not have lasted longer than 775 milliseconds.",231,167,14,42,http://stload.se.ifmo.ru:8080/?token=518477874&user=-1355069478&config=2,1765,0,0
1776025861244,1279,config 3 request,200,OK,config 3 3-8,text,false,"The operation lasted too long: It took 1,279 milliseconds, but should not have lasted longer than 775 milliseconds.",231,167,14,42,http://stload.se.ifmo.ru:8080/?token=518477874&user=-1355069478&config=3,1279,0,0
1776025861252,1271,config 3 request,200,OK,config 3 3-2,text,false,"The operation lasted too long: It took 1,271 milliseconds, but should not have lasted longer than 775 milliseconds.",231,167,14,42,http://stload.se.ifmo.ru:8080/?token=518477874&user=-1355069478&config=3,1271,0,0
1776025861154,1369,config 2 request,200,OK,config 2 2-5,text,false,"The operation lasted too long: It took 1,369 milliseconds, but should not have lasted longer than 775 milliseconds.",231,167,14,42,http://stload.se.ifmo.ru:8080/?token=518477874&user=-1355069478&config=2,1369,0,0
1776025861347,1227,config 3 request,200,OK,config 3 3-14,text,false,"The operation lasted too long: It took 1,227 milliseconds, but should not have lasted longer than 775 milliseconds.",231,167,14,42,http://stload.se.ifmo.ru:8080/?token=518477874&user=-1355069478&config=3,1227,0,0
1776025861242,1332,config 3 request,200,OK,config 3 3-5,text,false,"The operation lasted too long: It took 1,332 milliseconds, but should not have lasted longer than 775 milliseconds.",231,167,14,42,http://stload.se.ifmo.ru:8080/?token=518477874&user=-1355069478&config=3,1332,0,0
1776025861378,1213,config 3 request,200,OK,config 3 3-11,text,false,"The operation lasted too long: It took 1,213 milliseconds, but should not have lasted longer than 775 milliseconds.",231,167,14,42,http://stload.se.ifmo.ru:8080/?token=518477874&user=-1355069478&config=3,1213,0,0
1776025861186,1502,config 2 request,200,OK,config 2 2-14,text,false,"The operation lasted too long: It took 1,502 milliseconds, but should not have lasted longer than 775 milliseconds.",231,167,14,42,http://stload.se.ifmo.ru:8080/?token=518477874&user=-1355069478&config=2,1502,0,0
1776025861510,1431,config 2 request,200,OK,config 2 2-10,text,false,"The operation lasted too long: It took 1,431 milliseconds, but should not have lasted longer than 775 milliseconds.",231,167,14,42,http://stload.se.ifmo.ru:8080/?token=518477874&user=-1355069478&config=2,1431,0,0
1776025861803,1267,config 3 request,200,OK,config 3 3-4,text,false,"The operation lasted too long: It took 1,267 milliseconds, but should not have lasted longer than 775 milliseconds.",231,167,14,42,http://stload.se.ifmo.ru:8080/?token=518477874&user=-1355069478&config=3,1267,0,0
1776025861804,1266,config 3 request,200,OK,config 3 3-13,text,false,"The operation lasted too long: It took 1,266 milliseconds, but should not have lasted longer than 775 milliseconds.",231,167,14,42,http://stload.se.ifmo.ru:8080/?token=518477874&user=-1355069478&config=3,1266,0,0
1776025861804,1267,config 3 request,200,OK,config 3 3-7,text,false,"The operation lasted too long: It took 1,267 milliseconds, but should not have lasted longer than 775 milliseconds.",231,167,14,42,http://stload.se.ifmo.ru:8080/?token=518477874&user=-1355069478&config=3,1266,0,0
1776025861749,1325,config 2 request,200,OK,config 2 2-2,text,false,"The operation lasted too long: It took 1,325 milliseconds, but should not have lasted longer than 775 milliseconds.",231,167,14,42,http://stload.se.ifmo.ru:8080/?token=518477874&user=-1355069478&config=2,1325,0,0
1776025861748,1366,config 2 request,200,OK,config 2 2-1,text,false,"The operation lasted too long: It took 1,366 milliseconds, but should not have lasted longer than 775 milliseconds.",231,167,14,42,http://stload.se.ifmo.ru:8080/?token=518477874&user=-1355069478&config=2,1366,0,0
1776025861849,1265,config 3 request,200,OK,config 3 3-10,text,false,"The operation lasted too long: It took 1,265 milliseconds, but should not have lasted longer than 775 milliseconds.",231,167,14,42,http://stload.se.ifmo.ru:8080/?token=518477874&user=-1355069478&config=3,1265,0,0
1776025861749,1417,config 2 request,200,OK,config 2 2-4,text,false,"The operation lasted too long: It took 1,417 milliseconds, but should not have lasted longer than 775 milliseconds.",231,167,14,42,http://stload.se.ifmo.ru:8080/?token=518477874&user=-1355069478&config=2,1417,0,0
1776025861830,1509,config 2 request,200,OK,config 2 2-7,text,false,"The operation lasted too long: It took 1,509 milliseconds, but should not have lasted longer than 775 milliseconds.",231,167,14,42,http://stload.se.ifmo.ru:8080/?token=518477874&user=-1355069478&config=2,1509,0,0
1776025861953,1520,config 2 request,200,OK,config 2 2-3,text,false,"The operation lasted too long: It took 1,520 milliseconds, but should not have lasted longer than 775 milliseconds.",231,167,14,42,http://stload.se.ifmo.ru:8080/?token=518477874&user=-1355069478&config=2,1520,0,0
1776025861916,1557,config 2 request,200,OK,config 2 2-13,text,false,"The operation lasted too long: It took 1,557 milliseconds, but should not have lasted longer than 775 milliseconds.",231,167,14,42,http://stload.se.ifmo.ru:8080/?token=518477874&user=-1355069478&config=2,1557,0,0
1776025861958,1540,config 2 request,200,OK,config 2 2-9,text,false,"The operation lasted too long: It took 1,540 milliseconds, but should not have lasted longer than 775 milliseconds.",231,167,14,42,http://stload.se.ifmo.ru:8080/?token=518477874&user=-1355069478&config=2,1540,0,0
1776025862025,1473,config 3 request,200,OK,config 3 3-1,text,false,"The operation lasted too long: It took 1,473 milliseconds, but should not have lasted longer than 775 milliseconds.",231,167,14,42,http://stload.se.ifmo.ru:8080/?token=518477874&user=-1355069478&config=3,1473,0,0
1776025862271,1227,config 3 request,200,OK,config 3 3-9,text,false,"The operation lasted too long: It took 1,227 milliseconds, but should not have lasted longer than 775 milliseconds.",231,167,14,42,http://stload.se.ifmo.ru:8080/?token=518477874&user=-1355069478&config=3,1227,0,0
1776025862420,1105,config 3 request,200,OK,config 3 3-12,text,false,"The operation lasted too long: It took 1,105 milliseconds, but should not have lasted longer than 775 milliseconds.",231,167,14,42,http://stload.se.ifmo.ru:8080/?token=518477874&user=-1355069478&config=3,1105,0,0
1776025862497,1302,config 2 request,200,OK,config 2 2-11,text,false,"The operation lasted too long: It took 1,302 milliseconds, but should not have lasted longer than 775 milliseconds.",231,167,14,42,http://stload.se.ifmo.ru:8080/?token=518477874&user=-1355069478&config=2,1302,0,0
1776025862452,1347,config 3 request,200,OK,config 3 3-3,text,false,"The operation lasted too long: It took 1,347 milliseconds, but should not have lasted longer than 775 milliseconds.",231,167,14,42,http://stload.se.ifmo.ru:8080/?token=518477874&user=-1355069478&config=3,1347,0,0
1776025862497,1414,config 2 request,200,OK,config 2 2-6,text,false,"The operation lasted too long: It took 1,414 milliseconds, but should not have lasted longer than 775 milliseconds.",231,167,14,42,http://stload.se.ifmo.ru:8080/?token=518477874&user=-1355069478&config=2,1414,0,0
1776025862497,1414,config 2 request,200,OK,config 2 2-8,text,false,"The operation lasted too long: It took 1,414 milliseconds, but should not have lasted longer than 775 milliseconds.",231,167,14,42,http://stload.se.ifmo.ru:8080/?token=518477874&user=-1355069478&config=2,1414,0,0
1776025862530,1381,config 3 request,200,OK,config 3 3-6,text,false,"The operation lasted too long: It took 1,381 milliseconds, but should not have lasted longer than 775 milliseconds.",231,167,14,42,http://stload.se.ifmo.ru:8080/?token=518477874&user=-1355069478&config=3,1381,0,0
1776025862497,1414,config 2 request,200,OK,config 2 2-12,text,false,"The operation lasted too long: It took 1,414 milliseconds, but should not have lasted longer than 775 milliseconds.",231,167,14,42,http://stload.se.ifmo.ru:8080/?token=518477874&user=-1355069478&config=2,1414,0,0
1776025862750,1206,config 3 request,200,OK,config 3 3-2,text,false,"The operation lasted too long: It took 1,206 milliseconds, but should not have lasted longer than 775 milliseconds.",231,167,14,42,http://stload.se.ifmo.ru:8080/?token=518477874&user=-1355069478&config=3,1206,0,0
1776025862743,1213,config 3 request,200,OK,config 3 3-5,text,false,"The operation lasted too long: It took 1,213 milliseconds, but should not have lasted longer than 775 milliseconds.",231,167,14,42,http://stload.se.ifmo.ru:8080/?token=518477874&user=-1355069478&config=3,1213,0,0
1776025862849,1201,config 3 request,200,OK,config 3 3-14,text,false,"The operation lasted too long: It took 1,201 milliseconds, but should not have lasted longer than 775 milliseconds.",231,167,14,42,http://stload.se.ifmo.ru:8080/?token=518477874&user=-1355069478&config=3,1201,0,0
1776025862748,1348,config 3 request,200,OK,config 3 3-8,text,false,"The operation lasted too long: It took 1,348 milliseconds, but should not have lasted longer than 775 milliseconds.",231,167,14,42,http://stload.se.ifmo.ru:8080/?token=518477874&user=-1355069478&config=3,1348,0,0
1776025862874,1222,config 3 request,200,OK,config 3 3-11,text,false,"The operation lasted too long: It took 1,222 milliseconds, but should not have lasted longer than 775 milliseconds.",231,167,14,42,http://stload.se.ifmo.ru:8080/?token=518477874&user=-1355069478&config=3,1222,0,0
1776025862655,1441,config 2 request,200,OK,config 2 2-5,text,false,"The operation lasted too long: It took 1,441 milliseconds, but should not have lasted longer than 775 milliseconds.",231,167,14,42,http://stload.se.ifmo.ru:8080/?token=518477874&user=-1355069478&config=2,1441,0,0
1776025862688,1664,config 2 request,200,OK,config 2 2-14,text,false,"The operation lasted too long: It took 1,664 milliseconds, but should not have lasted longer than 775 milliseconds.",231,167,14,42,http://stload.se.ifmo.ru:8080/?token=518477874&user=-1355069478&config=2,1663,0,0
1776025863014,1338,config 2 request,200,OK,config 2 2-10,text,false,"The operation lasted too long: It took 1,338 milliseconds, but should not have lasted longer than 775 milliseconds.",231,167,14,42,http://stload.se.ifmo.ru:8080/?token=518477874&user=-1355069478&config=2,1338,0,0
1776025863307,1272,config 3 request,200,OK,config 3 3-7,text,false,"The operation lasted too long: It took 1,272 milliseconds, but should not have lasted longer than 775 milliseconds.",231,167,14,42,http://stload.se.ifmo.ru:8080/?token=518477874&user=-1355069478&config=3,1272,0,0
1776025863304,1275,config 3 request,200,OK,config 3 3-4,text,false,"The operation lasted too long: It took 1,275 milliseconds, but should not have lasted longer than 775 milliseconds.",231,167,14,42,http://stload.se.ifmo.ru:8080/?token=518477874&user=-1355069478&config=3,1275,0,0
1776025863304,1276,config 3 request,200,OK,config 3 3-13,text,false,"The operation lasted too long: It took 1,276 milliseconds, but should not have lasted longer than 775 milliseconds.",231,167,14,42,http://stload.se.ifmo.ru:8080/?token=518477874&user=-1355069478&config=3,1276,0,0
1776025863245,1335,config 2 request,200,OK,config 2 2-2,text,false,"The operation lasted too long: It took 1,335 milliseconds, but should not have lasted longer than 775 milliseconds.",231,167,14,42,http://stload.se.ifmo.ru:8080/?token=518477874&user=-1355069478&config=2,1335,0,0
1776025863249,1444,config 2 request,200,OK,config 2 2-1,text,false,"The operation lasted too long: It took 1,444 milliseconds, but should not have lasted longer than 775 milliseconds.",231,167,14,42,http://stload.se.ifmo.ru:8080/?token=518477874&user=-1355069478&config=2,1444,0,0
1776025863249,1459,config 2 request,200,OK,config 2 2-4,text,false,"The operation lasted too long: It took 1,459 milliseconds, but should not have lasted longer than 775 milliseconds.",231,167,14,42,http://stload.se.ifmo.ru:8080/?token=518477874&user=-1355069478&config=2,1459,0,0
1776025863339,1369,config 2 request,200,OK,config 2 2-7,text,false,"The operation lasted too long: It took 1,369 milliseconds, but should not have lasted longer than 775 milliseconds.",231,167,14,42,http://stload.se.ifmo.ru:8080/?token=518477874&user=-1355069478&config=2,1369,0,0
1776025863345,1400,config 3 request,200,OK,config 3 3-10,text,false,"The operation lasted too long: It took 1,400 milliseconds, but should not have lasted longer than 775 milliseconds.",231,167,14,42,http://stload.se.ifmo.ru:8080/?token=518477874&user=-1355069478&config=3,1400,0,0
1776025863528,1366,config 3 request,200,OK,config 3 3-1,text,false,"The operation lasted too long: It took 1,366 milliseconds, but should not have lasted longer than 775 milliseconds.",231,167,14,42,http://stload.se.ifmo.ru:8080/?token=518477874&user=-1355069478&config=3,1366,0,0
1776025863474,1555,config 2 request,200,OK,config 2 2-13,text,false,"The operation lasted too long: It took 1,555 milliseconds, but should not have lasted longer than 775 milliseconds.",231,167,14,42,http://stload.se.ifmo.ru:8080/?token=518477874&user=-1355069478&config=2,1555,0,0
1776025863766,1263,config 3 request,200,OK,config 3 3-9,text,false,"The operation lasted too long: It took 1,263 milliseconds, but should not have lasted longer than 775 milliseconds.",231,167,14,42,http://stload.se.ifmo.ru:8080/?token=518477874&user=-1355069478&config=3,1263,0,0
1776025863947,1124,config 3 request,200,OK,config 3 3-3,text,false,"The operation lasted too long: It took 1,124 milliseconds, but should not have lasted longer than 775 milliseconds.",231,167,14,42,http://stload.se.ifmo.ru:8080/?token=518477874&user=-1355069478&config=3,1124,0,0
1776025863474,1597,config 2 request,200,OK,config 2 2-3,text,false,"The operation lasted too long: It took 1,597 milliseconds, but should not have lasted longer than 775 milliseconds.",231,167,14,42,http://stload.se.ifmo.ru:8080/?token=518477874&user=-1355069478&config=2,1597,0,0
1776025863498,1827,config 2 request,200,OK,config 2 2-9,text,false,"The operation lasted too long: It took 1,827 milliseconds, but should not have lasted longer than 775 milliseconds.",231,167,14,42,http://stload.se.ifmo.ru:8080/?token=518477874&user=-1355069478&config=2,1827,0,0
1776025863918,1407,config 3 request,200,OK,config 3 3-12,text,false,"The operation lasted too long: It took 1,407 milliseconds, but should not have lasted longer than 775 milliseconds.",231,167,14,42,http://stload.se.ifmo.ru:8080/?token=518477874&user=-1355069478&config=3,1407,0,0
1776025864001,1324,config 2 request,200,OK,config 2 2-11,text,false,"The operation lasted too long: It took 1,324 milliseconds, but should not have lasted longer than 775 milliseconds.",231,167,14,42,http://stload.se.ifmo.ru:8080/?token=518477874&user=-1355069478&config=2,1324,0,0
1776025864001,1363,config 2 request,200,OK,config 2 2-6,text,false,"The operation lasted too long: It took 1,363 milliseconds, but should not have lasted longer than 775 milliseconds.",231,167,14,42,http://stload.se.ifmo.ru:8080/?token=518477874&user=-1355069478&config=2,1363,0,0
1776025864027,1337,config 3 request,200,OK,config 3 3-6,text,false,"The operation lasted too long: It took 1,337 milliseconds, but should not have lasted longer than 775 milliseconds.",231,167,14,42,http://stload.se.ifmo.ru:8080/?token=518477874&user=-1355069478&config=3,1337,0,0
1776025864001,1402,config 2 request,200,OK,config 2 2-12,text,false,"The operation lasted too long: It took 1,402 milliseconds, but should not have lasted longer than 775 milliseconds.",231,167,14,42,http://stload.se.ifmo.ru:8080/?token=518477874&user=-1355069478&config=2,1402,0,0
1776025864001,1494,config 2 request,200,OK,config 2 2-8,text,false,"The operation lasted too long: It took 1,494 milliseconds, but should not have lasted longer than 775 milliseconds.",231,167,14,42,http://stload.se.ifmo.ru:8080/?token=518477874&user=-1355069478&config=2,1494,0,0
1776025864247,1289,config 3 request,200,OK,config 3 3-8,text,false,"The operation lasted too long: It took 1,289 milliseconds, but should not have lasted longer than 775 milliseconds.",231,167,14,42,http://stload.se.ifmo.ru:8080/?token=518477874&user=-1355069478&config=3,1289,0,0
1776025864241,1295,config 3 request,200,OK,config 3 3-5,text,false,"The operation lasted too long: It took 1,295 milliseconds, but should not have lasted longer than 775 milliseconds.",231,167,14,42,http://stload.se.ifmo.ru:8080/?token=518477874&user=-1355069478&config=3,1295,0,0
1776025864251,1336,config 3 request,200,OK,config 3 3-2,text,false,"The operation lasted too long: It took 1,336 milliseconds, but should not have lasted longer than 775 milliseconds.",231,167,14,42,http://stload.se.ifmo.ru:8080/?token=518477874&user=-1355069478&config=3,1336,0,0
1776025864156,1526,config 2 request,200,OK,config 2 2-5,text,false,"The operation lasted too long: It took 1,526 milliseconds, but should not have lasted longer than 775 milliseconds.",231,167,14,42,http://stload.se.ifmo.ru:8080/?token=518477874&user=-1355069478&config=2,1526,0,0
1776025864351,1331,config 3 request,200,OK,config 3 3-14,text,false,"The operation lasted too long: It took 1,331 milliseconds, but should not have lasted longer than 775 milliseconds.",231,167,14,42,http://stload.se.ifmo.ru:8080/?token=518477874&user=-1355069478&config=3,1331,0,0
1776025864513,1458,config 2 request,200,OK,config 2 2-10,text,false,"The operation lasted too long: It took 1,458 milliseconds, but should not have lasted longer than 775 milliseconds.",231,167,14,42,http://stload.se.ifmo.ru:8080/?token=518477874&user=-1355069478&config=2,1458,0,0
1776025864378,1593,config 3 request,200,OK,config 3 3-11,text,false,"The operation lasted too long: It took 1,593 milliseconds, but should not have lasted longer than 775 milliseconds.",231,167,14,42,http://stload.se.ifmo.ru:8080/?token=518477874&user=-1355069478&config=3,1593,0,0
1776025864352,1620,config 2 request,200,OK,config 2 2-14,text,false,"The operation lasted too long: It took 1,620 milliseconds, but should not have lasted longer than 775 milliseconds.",231,167,14,42,http://stload.se.ifmo.ru:8080/?token=518477874&user=-1355069478&config=2,1620,0,0
1776025864804,1201,config 3 request,200,OK,config 3 3-13,text,false,"The operation lasted too long: It took 1,201 milliseconds, but should not have lasted longer than 775 milliseconds.",231,167,14,42,http://stload.se.ifmo.ru:8080/?token=518477874&user=-1355069478&config=3,1201,0,0
1776025864806,1273,config 3 request,200,OK,config 3 3-4,text,false,"The operation lasted too long: It took 1,273 milliseconds, but should not have lasted longer than 775 milliseconds.",231,167,14,42,http://stload.se.ifmo.ru:8080/?token=518477874&user=-1355069478&config=3,1273,0,0
1776025864806,1273,config 3 request,200,OK,config 3 3-7,text,false,"The operation lasted too long: It took 1,273 milliseconds, but should not have lasted longer than 775 milliseconds.",231,167,14,42,http://stload.se.ifmo.ru:8080/?token=518477874&user=-1355069478&config=3,1273,0,0
1776025864847,1232,config 3 request,200,OK,config 3 3-10,text,false,"The operation lasted too long: It took 1,232 milliseconds, but should not have lasted longer than 775 milliseconds.",231,167,14,42,http://stload.se.ifmo.ru:8080/?token=518477874&user=-1355069478&config=3,1232,0,0
1776025864746,1352,config 2 request,200,OK,config 2 2-2,text,false,"The operation lasted too long: It took 1,352 milliseconds, but should not have lasted longer than 775 milliseconds.",231,167,14,42,http://stload.se.ifmo.ru:8080/?token=518477874&user=-1355069478&config=2,1352,0,0
1776025864747,1351,config 2 request,200,OK,config 2 2-4,text,false,"The operation lasted too long: It took 1,351 milliseconds, but should not have lasted longer than 775 milliseconds.",231,167,14,42,http://stload.se.ifmo.ru:8080/?token=518477874&user=-1355069478&config=2,1351,0,0
1776025864747,1351,config 2 request,200,OK,config 2 2-1,text,false,"The operation lasted too long: It took 1,351 milliseconds, but should not have lasted longer than 775 milliseconds.",231,167,14,42,http://stload.se.ifmo.ru:8080/?token=518477874&user=-1355069478&config=2,1351,0,0
1776025864843,1428,config 2 request,200,OK,config 2 2-7,text,false,"The operation lasted too long: It took 1,428 milliseconds, but should not have lasted longer than 775 milliseconds.",231,167,14,42,http://stload.se.ifmo.ru:8080/?token=518477874&user=-1355069478&config=2,1428,0,0
1776025865267,1097,config 3 request,200,OK,config 3 3-9,text,false,"The operation lasted too long: It took 1,097 milliseconds, but should not have lasted longer than 775 milliseconds.",231,167,14,42,http://stload.se.ifmo.ru:8080/?token=518477874&user=-1355069478&config=3,1097,0,0
1776025865025,1339,config 3 request,200,OK,config 3 3-1,text,false,"The operation lasted too long: It took 1,339 milliseconds, but should not have lasted longer than 775 milliseconds.",231,167,14,42,http://stload.se.ifmo.ru:8080/?token=518477874&user=-1355069478&config=3,1339,0,0
1776025865029,1635,config 2 request,200,OK,config 2 2-13,text,false,"The operation lasted too long: It took 1,635 milliseconds, but should not have lasted longer than 775 milliseconds.",231,167,14,42,http://stload.se.ifmo.ru:8080/?token=518477874&user=-1355069478&config=2,1635,0,0
1776025865418,1246,config 3 request,200,OK,config 3 3-12,text,false,"The operation lasted too long: It took 1,246 milliseconds, but should not have lasted longer than 775 milliseconds.",231,167,14,42,http://stload.se.ifmo.ru:8080/?token=518477874&user=-1355069478&config=3,1246,0,0
1776025865071,1593,config 2 request,200,OK,config 2 2-3,text,false,"The operation lasted too long: It took 1,593 milliseconds, but should not have lasted longer than 775 milliseconds.",231,167,14,42,http://stload.se.ifmo.ru:8080/?token=518477874&user=-1355069478&config=2,1593,0,0
1776025865451,1213,config 3 request,200,OK,config 3 3-3,text,false,"The operation lasted too long: It took 1,213 milliseconds, but should not have lasted longer than 775 milliseconds.",231,167,14,42,http://stload.se.ifmo.ru:8080/?token=518477874&user=-1355069478&config=3,1213,0,0
1776025865325,1374,config 2 request,200,OK,config 2 2-9,text,false,"The operation lasted too long: It took 1,374 milliseconds, but should not have lasted longer than 775 milliseconds.",231,167,14,42,http://stload.se.ifmo.ru:8080/?token=518477874&user=-1355069478&config=2,1374,0,0
1776025865499,1385,config 2 request,200,OK,config 2 2-11,text,false,"The operation lasted too long: It took 1,385 milliseconds, but should not have lasted longer than 775 milliseconds.",231,167,14,42,http://stload.se.ifmo.ru:8080/?token=518477874&user=-1355069478&config=2,1385,0,0
1776025865497,1387,config 2 request,200,OK,config 2 2-8,text,false,"The operation lasted too long: It took 1,387 milliseconds, but should not have lasted longer than 775 milliseconds.",231,167,14,42,http://stload.se.ifmo.ru:8080/?token=518477874&user=-1355069478&config=2,1387,0,0
1776025865499,1479,config 2 request,200,OK,config 2 2-6,text,false,"The operation lasted too long: It took 1,479 milliseconds, but should not have lasted longer than 775 milliseconds.",231,167,14,42,http://stload.se.ifmo.ru:8080/?token=518477874&user=-1355069478&config=2,1479,0,0
1776025865529,1449,config 3 request,200,OK,config 3 3-6,text,false,"The operation lasted too long: It took 1,449 milliseconds, but should not have lasted longer than 775 milliseconds.",231,167,14,42,http://stload.se.ifmo.ru:8080/?token=518477874&user=-1355069478&config=3,1449,0,0
1776025865742,1276,config 3 request,200,OK,config 3 3-5,text,false,"The operation lasted too long: It took 1,276 milliseconds, but should not have lasted longer than 775 milliseconds.",231,167,14,42,http://stload.se.ifmo.ru:8080/?token=518477874&user=-1355069478&config=3,1276,0,0
1776025865749,1269,config 3 request,200,OK,config 3 3-2,text,false,"The operation lasted too long: It took 1,269 milliseconds, but should not have lasted longer than 775 milliseconds.",231,167,14,42,http://stload.se.ifmo.ru:8080/?token=518477874&user=-1355069478&config=3,1269,0,0
1776025865847,1214,config 3 request,200,OK,config 3 3-14,text,false,"The operation lasted too long: It took 1,214 milliseconds, but should not have lasted longer than 775 milliseconds.",231,167,14,42,http://stload.se.ifmo.ru:8080/?token=518477874&user=-1355069478&config=3,1214,0,0
1776025865743,1317,config 3 request,200,OK,config 3 3-8,text,false,"The operation lasted too long: It took 1,317 milliseconds, but should not have lasted longer than 775 milliseconds.",231,167,14,42,http://stload.se.ifmo.ru:8080/?token=518477874&user=-1355069478&config=3,1317,0,0
1776025865501,1610,config 2 request,200,OK,config 2 2-12,text,false,"The operation lasted too long: It took 1,610 milliseconds, but should not have lasted longer than 775 milliseconds.",231,167,14,42,http://stload.se.ifmo.ru:8080/?token=518477874&user=-1355069478&config=2,1610,0,0
1776025865683,1565,config 2 request,200,OK,config 2 2-5,text,false,"The operation lasted too long: It took 1,565 milliseconds, but should not have lasted longer than 775 milliseconds.",231,167,14,42,http://stload.se.ifmo.ru:8080/?token=518477874&user=-1355069478&config=2,1565,0,0
1776025865972,1276,config 3 request,200,OK,config 3 3-11,text,false,"The operation lasted too long: It took 1,276 milliseconds, but should not have lasted longer than 775 milliseconds.",231,167,14,42,http://stload.se.ifmo.ru:8080/?token=518477874&user=-1355069478&config=3,1276,0,0
1776025865972,1321,config 2 request,200,OK,config 2 2-14,text,false,"The operation lasted too long: It took 1,321 milliseconds, but should not have lasted longer than 775 milliseconds.",231,167,14,42,http://stload.se.ifmo.ru:8080/?token=518477874&user=-1355069478&config=2,1321,0,0
1776025866306,1265,config 3 request,200,OK,config 3 3-7,text,false,"The operation lasted too long: It took 1,265 milliseconds, but should not have lasted longer than 775 milliseconds.",231,167,14,42,http://stload.se.ifmo.ru:8080/?token=518477874&user=-1355069478&config=3,1265,0,0
1776025866015,1556,config 2 request,200,OK,config 2 2-10,text,false,"The operation lasted too long: It took 1,556 milliseconds, but should not have lasted longer than 775 milliseconds.",231,167,14,42,http://stload.se.ifmo.ru:8080/?token=518477874&user=-1355069478&config=2,1556,0,0
1776025866307,1264,config 3 request,200,OK,config 3 3-13,text,false,"The operation lasted too long: It took 1,264 milliseconds, but should not have lasted longer than 775 milliseconds.",231,167,14,42,http://stload.se.ifmo.ru:8080/?token=518477874&user=-1355069478&config=3,1264,0,0
1776025866245,1401,config 2 request,200,OK,config 2 2-1,text,false,"The operation lasted too long: It took 1,401 milliseconds, but should not have lasted longer than 775 milliseconds.",231,167,14,42,http://stload.se.ifmo.ru:8080/?token=518477874&user=-1355069478&config=2,1401,0,0
1776025866305,1341,config 3 request,200,OK,config 3 3-4,text,false,"The operation lasted too long: It took 1,341 milliseconds, but should not have lasted longer than 775 milliseconds.",231,167,14,42,http://stload.se.ifmo.ru:8080/?token=518477874&user=-1355069478&config=3,1341,0,0
1776025866247,1400,config 2 request,200,OK,config 2 2-2,text,false,"The operation lasted too long: It took 1,400 milliseconds, but should not have lasted longer than 775 milliseconds.",231,167,14,42,http://stload.se.ifmo.ru:8080/?token=518477874&user=-1355069478&config=2,1400,0,0
1776025866345,1359,config 3 request,200,OK,config 3 3-10,text,false,"The operation lasted too long: It took 1,359 milliseconds, but should not have lasted longer than 775 milliseconds.",231,167,14,42,http://stload.se.ifmo.ru:8080/?token=518477874&user=-1355069478&config=3,1359,0,0
1776025866250,1454,config 2 request,200,OK,config 2 2-4,text,false,"The operation lasted too long: It took 1,454 milliseconds, but should not have lasted longer than 775 milliseconds.",231,167,14,42,http://stload.se.ifmo.ru:8080/?token=518477874&user=-1355069478&config=2,1454,0,0
1776025866342,1455,config 2 request,200,OK,config 2 2-7,text,false,"The operation lasted too long: It took 1,455 milliseconds, but should not have lasted longer than 775 milliseconds.",231,167,14,42,http://stload.se.ifmo.ru:8080/?token=518477874&user=-1355069478&config=2,1455,0,0
1776025866529,1314,config 3 request,200,OK,config 3 3-1,text,false,"The operation lasted too long: It took 1,314 milliseconds, but should not have lasted longer than 775 milliseconds.",231,167,14,42,http://stload.se.ifmo.ru:8080/?token=518477874&user=-1355069478&config=3,1314,0,0
1776025866766,1290,config 3 request,200,OK,config 3 3-9,text,false,"The operation lasted too long: It took 1,290 milliseconds, but should not have lasted longer than 775 milliseconds.",231,167,14,42,http://stload.se.ifmo.ru:8080/?token=518477874&user=-1355069478&config=3,1290,0,0
1776025866915,1141,config 3 request,200,OK,config 3 3-12,text,false,"The operation lasted too long: It took 1,141 milliseconds, but should not have lasted longer than 775 milliseconds.",231,167,14,42,http://stload.se.ifmo.ru:8080/?token=518477874&user=-1355069478&config=3,1141,0,0
1776025866828,1485,config 2 request,200,OK,config 2 2-9,text,false,"The operation lasted too long: It took 1,485 milliseconds, but should not have lasted longer than 775 milliseconds.",231,167,14,42,http://stload.se.ifmo.ru:8080/?token=518477874&user=-1355069478&config=2,1485,0,0
1776025866664,1649,config 2 request,200,OK,config 2 2-13,text,false,"The operation lasted too long: It took 1,649 milliseconds, but should not have lasted longer than 775 milliseconds.",231,167,14,42,http://stload.se.ifmo.ru:8080/?token=518477874&user=-1355069478&config=2,1649,0,0
1776025866664,1649,config 2 request,200,OK,config 2 2-3,text,false,"The operation lasted too long: It took 1,649 milliseconds, but should not have lasted longer than 775 milliseconds.",231,167,14,42,http://stload.se.ifmo.ru:8080/?token=518477874&user=-1355069478&config=2,1649,0,0
1776025866952,1361,config 3 request,200,OK,config 3 3-3,text,false,"The operation lasted too long: It took 1,361 milliseconds, but should not have lasted longer than 775 milliseconds.",231,167,14,42,http://stload.se.ifmo.ru:8080/?token=518477874&user=-1355069478&config=3,1361,0,0
1776025867032,1328,config 3 request,200,OK,config 3 3-6,text,false,"The operation lasted too long: It took 1,328 milliseconds, but should not have lasted longer than 775 milliseconds.",231,167,14,42,http://stload.se.ifmo.ru:8080/?token=518477874&user=-1355069478&config=3,1328,0,0
1776025867003,1358,config 2 request,200,OK,config 2 2-11,text,false,"The operation lasted too long: It took 1,358 milliseconds, but should not have lasted longer than 775 milliseconds.",231,167,14,42,http://stload.se.ifmo.ru:8080/?token=518477874&user=-1355069478&config=2,1358,0,0
1776025867000,1360,config 2 request,200,OK,config 2 2-8,text,false,"The operation lasted too long: It took 1,360 milliseconds, but should not have lasted longer than 775 milliseconds.",231,167,14,42,http://stload.se.ifmo.ru:8080/?token=518477874&user=-1355069478&config=2,1360,0,0
1776025867000,1441,config 2 request,200,OK,config 2 2-6,text,false,"The operation lasted too long: It took 1,441 milliseconds, but should not have lasted longer than 775 milliseconds.",231,167,14,42,http://stload.se.ifmo.ru:8080/?token=518477874&user=-1355069478&config=2,1441,0,0
1776025867239,1284,config 3 request,200,OK,config 3 3-5,text,false,"The operation lasted too long: It took 1,284 milliseconds, but should not have lasted longer than 775 milliseconds.",231,167,14,42,http://stload.se.ifmo.ru:8080/?token=518477874&user=-1355069478&config=3,1284,0,0
1776025867246,1289,config 3 request,200,OK,config 3 3-8,text,false,"The operation lasted too long: It took 1,289 milliseconds, but should not have lasted longer than 775 milliseconds.",231,167,14,42,http://stload.se.ifmo.ru:8080/?token=518477874&user=-1355069478&config=3,1289,0,0
1776025867251,1365,config 3 request,200,OK,config 3 3-2,text,false,"The operation lasted too long: It took 1,365 milliseconds, but should not have lasted longer than 775 milliseconds.",231,167,14,42,http://stload.se.ifmo.ru:8080/?token=518477874&user=-1355069478&config=3,1365,0,0
1776025867350,1266,config 3 request,200,OK,config 3 3-14,text,false,"The operation lasted too long: It took 1,266 milliseconds, but should not have lasted longer than 775 milliseconds.",231,167,14,42,http://stload.se.ifmo.ru:8080/?token=518477874&user=-1355069478&config=3,1266,0,0
1776025867111,1505,config 2 request,200,OK,config 2 2-12,text,false,"The operation lasted too long: It took 1,505 milliseconds, but should not have lasted longer than 775 milliseconds.",231,167,14,42,http://stload.se.ifmo.ru:8080/?token=518477874&user=-1355069478&config=2,1505,0,0
1776025867476,1231,config 3 request,200,OK,config 3 3-11,text,false,"The operation lasted too long: It took 1,231 milliseconds, but should not have lasted longer than 775 milliseconds.",231,167,14,42,http://stload.se.ifmo.ru:8080/?token=518477874&user=-1355069478&config=3,1231,0,0
1776025867249,1641,config 2 request,200,OK,config 2 2-5,text,false,"The operation lasted too long: It took 1,641 milliseconds, but should not have lasted longer than 775 milliseconds.",231,167,14,42,http://stload.se.ifmo.ru:8080/?token=518477874&user=-1355069478&config=2,1641,0,0
1776025867476,1414,config 2 request,200,OK,config 2 2-14,text,false,"The operation lasted too long: It took 1,414 milliseconds, but should not have lasted longer than 775 milliseconds.",231,167,14,42,http://stload.se.ifmo.ru:8080/?token=518477874&user=-1355069478&config=2,1414,0,0
1776025867571,1527,config 2 request,200,OK,config 2 2-10,text,false,"The operation lasted too long: It took 1,527 milliseconds, but should not have lasted longer than 775 milliseconds.",231,167,14,42,http://stload.se.ifmo.ru:8080/?token=518477874&user=-1355069478&config=2,1527,0,0
1776025867803,1295,config 3 request,200,OK,config 3 3-7,text,false,"The operation lasted too long: It took 1,295 milliseconds, but should not have lasted longer than 775 milliseconds.",231,167,14,42,http://stload.se.ifmo.ru:8080/?token=518477874&user=-1355069478&config=3,1295,0,0
1776025867807,1291,config 3 request,200,OK,config 3 3-13,text,false,"The operation lasted too long: It took 1,291 milliseconds, but should not have lasted longer than 775 milliseconds.",231,167,14,42,http://stload.se.ifmo.ru:8080/?token=518477874&user=-1355069478&config=3,1291,0,0
1776025867807,1325,config 3 request,200,OK,config 3 3-4,text,false,"The operation lasted too long: It took 1,325 milliseconds, but should not have lasted longer than 775 milliseconds.",231,167,14,42,http://stload.se.ifmo.ru:8080/?token=518477874&user=-1355069478&config=3,1325,0,0
1776025867749,1442,config 2 request,200,OK,config 2 2-4,text,false,"The operation lasted too long: It took 1,442 milliseconds, but should not have lasted longer than 775 milliseconds.",231,167,14,42,http://stload.se.ifmo.ru:8080/?token=518477874&user=-1355069478&config=2,1442,0,0
1776025867844,1347,config 3 request,200,OK,config 3 3-10,text,false,"The operation lasted too long: It took 1,347 milliseconds, but should not have lasted longer than 775 milliseconds.",231,167,14,42,http://stload.se.ifmo.ru:8080/?token=518477874&user=-1355069478&config=3,1347,0,0
1776025867748,1478,config 2 request,200,OK,config 2 2-1,text,false,"The operation lasted too long: It took 1,478 milliseconds, but should not have lasted longer than 775 milliseconds.",231,167,14,42,http://stload.se.ifmo.ru:8080/?token=518477874&user=-1355069478&config=2,1478,0,0
1776025867748,1478,config 2 request,200,OK,config 2 2-2,text,false,"The operation lasted too long: It took 1,478 milliseconds, but should not have lasted longer than 775 milliseconds.",231,167,14,42,http://stload.se.ifmo.ru:8080/?token=518477874&user=-1355069478&config=2,1478,0,0
1776025868029,1288,config 3 request,200,OK,config 3 3-1,text,false,"The operation lasted too long: It took 1,288 milliseconds, but should not have lasted longer than 775 milliseconds.",231,167,14,42,http://stload.se.ifmo.ru:8080/?token=518477874&user=-1355069478&config=3,1288,0,0
1776025868267,1092,config 3 request,200,OK,config 3 3-9,text,false,"The operation lasted too long: It took 1,092 milliseconds, but should not have lasted longer than 775 milliseconds.",231,167,14,42,http://stload.se.ifmo.ru:8080/?token=518477874&user=-1355069478&config=3,1092,0,0
1776025867842,1569,config 2 request,200,OK,config 2 2-7,text,false,"The operation lasted too long: It took 1,569 milliseconds, but should not have lasted longer than 775 milliseconds.",231,167,14,42,http://stload.se.ifmo.ru:8080/?token=518477874&user=-1355069478&config=2,1569,0,0
1776025868451,1131,config 3 request,200,OK,config 3 3-3,text,false,"The operation lasted too long: It took 1,131 milliseconds, but should not have lasted longer than 775 milliseconds.",231,167,14,42,http://stload.se.ifmo.ru:8080/?token=518477874&user=-1355069478&config=3,1131,0,0
1776025868416,1166,config 3 request,200,OK,config 3 3-12,text,false,"The operation lasted too long: It took 1,166 milliseconds, but should not have lasted longer than 775 milliseconds.",231,167,14,42,http://stload.se.ifmo.ru:8080/?token=518477874&user=-1355069478&config=3,1166,0,0
1776025868314,1504,config 2 request,200,OK,config 2 2-13,text,false,"The operation lasted too long: It took 1,504 milliseconds, but should not have lasted longer than 775 milliseconds.",231,167,14,42,http://stload.se.ifmo.ru:8080/?token=518477874&user=-1355069478&config=2,1504,0,0
1776025868329,1503,config 2 request,200,OK,config 2 2-9,text,false,"The operation lasted too long: It took 1,503 milliseconds, but should not have lasted longer than 775 milliseconds.",231,167,14,42,http://stload.se.ifmo.ru:8080/?token=518477874&user=-1355069478&config=2,1503,0,0
1776025868532,1300,config 3 request,200,OK,config 3 3-6,text,false,"The operation lasted too long: It took 1,300 milliseconds, but should not have lasted longer than 775 milliseconds.",231,167,14,42,http://stload.se.ifmo.ru:8080/?token=518477874&user=-1355069478&config=3,1300,0,0
1776025868314,1518,config 2 request,200,OK,config 2 2-3,text,false,"The operation lasted too long: It took 1,518 milliseconds, but should not have lasted longer than 775 milliseconds.",231,167,14,42,http://stload.se.ifmo.ru:8080/?token=518477874&user=-1355069478&config=2,1518,0,0
1776025868499,1333,config 2 request,200,OK,config 2 2-11,text,false,"The operation lasted too long: It took 1,333 milliseconds, but should not have lasted longer than 775 milliseconds.",231,167,14,42,http://stload.se.ifmo.ru:8080/?token=518477874&user=-1355069478&config=2,1333,0,0
1776025868499,1364,config 2 request,200,OK,config 2 2-8,text,false,"The operation lasted too long: It took 1,364 milliseconds, but should not have lasted longer than 775 milliseconds.",231,167,14,42,http://stload.se.ifmo.ru:8080/?token=518477874&user=-1355069478&config=2,1364,0,0
1776025868500,1363,config 2 request,200,OK,config 2 2-6,text,false,"The operation lasted too long: It took 1,363 milliseconds, but should not have lasted longer than 775 milliseconds.",231,167,14,42,http://stload.se.ifmo.ru:8080/?token=518477874&user=-1355069478&config=2,1363,0,0
1776025868751,1301,config 3 request,200,OK,config 3 3-2,text,false,"The operation lasted too long: It took 1,301 milliseconds, but should not have lasted longer than 775 milliseconds.",231,167,14,42,http://stload.se.ifmo.ru:8080/?token=518477874&user=-1355069478&config=3,1301,0,0
1776025868851,1240,config 3 request,200,OK,config 3 3-14,text,false,"The operation lasted too long: It took 1,240 milliseconds, but should not have lasted longer than 775 milliseconds.",231,167,14,42,http://stload.se.ifmo.ru:8080/?token=518477874&user=-1355069478&config=3,1240,0,0
1776025868747,1344,config 3 request,200,OK,config 3 3-8,text,false,"The operation lasted too long: It took 1,344 milliseconds, but should not have lasted longer than 775 milliseconds.",231,167,14,42,http://stload.se.ifmo.ru:8080/?token=518477874&user=-1355069478&config=3,1344,0,0
1776025868617,1474,config 2 request,200,OK,config 2 2-12,text,false,"The operation lasted too long: It took 1,474 milliseconds, but should not have lasted longer than 775 milliseconds.",231,167,14,42,http://stload.se.ifmo.ru:8080/?token=518477874&user=-1355069478&config=2,1474,0,0
1776025868741,1350,config 3 request,200,OK,config 3 3-5,text,false,"The operation lasted too long: It took 1,350 milliseconds, but should not have lasted longer than 775 milliseconds.",231,167,14,42,http://stload.se.ifmo.ru:8080/?token=518477874&user=-1355069478&config=3,1350,0,0
1776025868976,1253,config 3 request,200,OK,config 3 3-11,text,false,"The operation lasted too long: It took 1,253 milliseconds, but should not have lasted longer than 775 milliseconds.",231,167,14,42,http://stload.se.ifmo.ru:8080/?token=518477874&user=-1355069478&config=3,1253,0,0
1776025868890,1419,config 2 request,200,OK,config 2 2-5,text,false,"The operation lasted too long: It took 1,419 milliseconds, but should not have lasted longer than 775 milliseconds.",231,167,14,42,http://stload.se.ifmo.ru:8080/?token=518477874&user=-1355069478&config=2,1419,0,0
1776025868977,1464,config 2 request,200,OK,config 2 2-14,text,false,"The operation lasted too long: It took 1,464 milliseconds, but should not have lasted longer than 775 milliseconds.",231,167,14,42,http://stload.se.ifmo.ru:8080/?token=518477874&user=-1355069478&config=2,1464,0,0
1776025869098,1477,config 2 request,200,OK,config 2 2-10,text,false,"The operation lasted too long: It took 1,477 milliseconds, but should not have lasted longer than 775 milliseconds.",231,167,14,42,http://stload.se.ifmo.ru:8080/?token=518477874&user=-1355069478&config=2,1477,0,0
1776025869302,1273,config 3 request,200,OK,config 3 3-4,text,false,"The operation lasted too long: It took 1,273 milliseconds, but should not have lasted longer than 775 milliseconds.",231,167,14,42,http://stload.se.ifmo.ru:8080/?token=518477874&user=-1355069478&config=3,1273,0,0
1776025869307,1355,config 3 request,200,OK,config 3 3-7,text,false,"The operation lasted too long: It took 1,355 milliseconds, but should not have lasted longer than 775 milliseconds.",231,167,14,42,http://stload.se.ifmo.ru:8080/?token=518477874&user=-1355069478&config=3,1355,0,0
1776025869246,1468,config 2 request,200,OK,config 2 2-4,text,false,"The operation lasted too long: It took 1,468 milliseconds, but should not have lasted longer than 775 milliseconds.",231,167,14,42,http://stload.se.ifmo.ru:8080/?token=518477874&user=-1355069478&config=2,1468,0,0
1776025869247,1467,config 2 request,200,OK,config 2 2-2,text,false,"The operation lasted too long: It took 1,467 milliseconds, but should not have lasted longer than 775 milliseconds.",231,167,14,42,http://stload.se.ifmo.ru:8080/?token=518477874&user=-1355069478&config=2,1467,0,0
1776025869304,1410,config 3 request,200,OK,config 3 3-13,text,false,"The operation lasted too long: It took 1,410 milliseconds, but should not have lasted longer than 775 milliseconds.",231,167,14,42,http://stload.se.ifmo.ru:8080/?token=518477874&user=-1355069478&config=3,1410,0,0
1776025869347,1367,config 3 request,200,OK,config 3 3-10,text,false,"The operation lasted too long: It took 1,367 milliseconds, but should not have lasted longer than 775 milliseconds.",231,167,14,42,http://stload.se.ifmo.ru:8080/?token=518477874&user=-1355069478&config=3,1367,0,0
1776025869248,1466,config 2 request,200,OK,config 2 2-1,text,false,"The operation lasted too long: It took 1,466 milliseconds, but should not have lasted longer than 775 milliseconds.",231,167,14,42,http://stload.se.ifmo.ru:8080/?token=518477874&user=-1355069478&config=2,1466,0,0
1776025869770,1125,config 3 request,200,OK,config 3 3-9,text,false,"The operation lasted too long: It took 1,125 milliseconds, but should not have lasted longer than 775 milliseconds.",231,167,14,42,http://stload.se.ifmo.ru:8080/?token=518477874&user=-1355069478&config=3,1125,0,0
1776025869526,1369,config 3 request,200,OK,config 3 3-1,text,false,"The operation lasted too long: It took 1,369 milliseconds, but should not have lasted longer than 775 milliseconds.",231,167,14,42,http://stload.se.ifmo.ru:8080/?token=518477874&user=-1355069478&config=3,1369,0,0
1776025869412,1616,config 2 request,200,OK,config 2 2-7,text,false,"The operation lasted too long: It took 1,616 milliseconds, but should not have lasted longer than 775 milliseconds.",231,167,14,42,http://stload.se.ifmo.ru:8080/?token=518477874&user=-1355069478&config=2,1616,0,0
1776025869818,1408,config 2 request,200,OK,config 2 2-13,text,false,"The operation lasted too long: It took 1,408 milliseconds, but should not have lasted longer than 775 milliseconds.",231,167,14,42,http://stload.se.ifmo.ru:8080/?token=518477874&user=-1355069478&config=2,1408,0,0
1776025869918,1308,config 3 request,200,OK,config 3 3-12,text,false,"The operation lasted too long: It took 1,308 milliseconds, but should not have lasted longer than 775 milliseconds.",231,167,14,42,http://stload.se.ifmo.ru:8080/?token=518477874&user=-1355069478&config=3,1308,0,0
1776025869951,1275,config 3 request,200,OK,config 3 3-3,text,false,"The operation lasted too long: It took 1,275 milliseconds, but should not have lasted longer than 775 milliseconds.",231,167,14,42,http://stload.se.ifmo.ru:8080/?token=518477874&user=-1355069478&config=3,1275,0,0
1776025869832,1429,config 2 request,200,OK,config 2 2-9,text,false,"The operation lasted too long: It took 1,429 milliseconds, but should not have lasted longer than 775 milliseconds.",231,167,14,42,http://stload.se.ifmo.ru:8080/?token=518477874&user=-1355069478&config=2,1429,0,0
1776025869832,1429,config 2 request,200,OK,config 2 2-3,text,false,"The operation lasted too long: It took 1,429 milliseconds, but should not have lasted longer than 775 milliseconds.",231,167,14,42,http://stload.se.ifmo.ru:8080/?token=518477874&user=-1355069478&config=2,1429,0,0
1776025870032,1357,config 3 request,200,OK,config 3 3-6,text,false,"The operation lasted too long: It took 1,357 milliseconds, but should not have lasted longer than 775 milliseconds.",231,167,14,42,http://stload.se.ifmo.ru:8080/?token=518477874&user=-1355069478&config=3,1357,0,0
1776025870001,1408,config 2 request,200,OK,config 2 2-11,text,false,"The operation lasted too long: It took 1,408 milliseconds, but should not have lasted longer than 775 milliseconds.",231,167,14,42,http://stload.se.ifmo.ru:8080/?token=518477874&user=-1355069478&config=2,1408,0,0
1776025870000,1409,config 2 request,200,OK,config 2 2-8,text,false,"The operation lasted too long: It took 1,409 milliseconds, but should not have lasted longer than 775 milliseconds.",231,167,14,42,http://stload.se.ifmo.ru:8080/?token=518477874&user=-1355069478&config=2,1409,0,0
1776025870002,1407,config 2 request,200,OK,config 2 2-6,text,false,"The operation lasted too long: It took 1,407 milliseconds, but should not have lasted longer than 775 milliseconds.",231,167,14,42,http://stload.se.ifmo.ru:8080/?token=518477874&user=-1355069478&config=2,1407,0,0
1776025870247,1203,config 3 request,200,OK,config 3 3-8,text,false,"The operation lasted too long: It took 1,203 milliseconds, but should not have lasted longer than 775 milliseconds.",231,167,14,42,http://stload.se.ifmo.ru:8080/?token=518477874&user=-1355069478&config=3,1203,0,0
1776025870238,1244,config 3 request,200,OK,config 3 3-5,text,false,"The operation lasted too long: It took 1,244 milliseconds, but should not have lasted longer than 775 milliseconds.",231,167,14,42,http://stload.se.ifmo.ru:8080/?token=518477874&user=-1355069478&config=3,1244,0,0
1776025870120,1423,config 2 request,200,OK,config 2 2-12,text,false,"The operation lasted too long: It took 1,423 milliseconds, but should not have lasted longer than 775 milliseconds.",231,167,14,42,http://stload.se.ifmo.ru:8080/?token=518477874&user=-1355069478&config=2,1423,0,0
1776025870251,1365,config 3 request,200,OK,config 3 3-2,text,false,"The operation lasted too long: It took 1,365 milliseconds, but should not have lasted longer than 775 milliseconds.",231,167,14,42,http://stload.se.ifmo.ru:8080/?token=518477874&user=-1355069478&config=3,1365,0,0
1776025870347,1269,config 3 request,200,OK,config 3 3-14,text,false,"The operation lasted too long: It took 1,269 milliseconds, but should not have lasted longer than 775 milliseconds.",231,167,14,42,http://stload.se.ifmo.ru:8080/?token=518477874&user=-1355069478&config=3,1269,0,0
1776025870476,1192,config 3 request,200,OK,config 3 3-11,text,false,"The operation lasted too long: It took 1,192 milliseconds, but should not have lasted longer than 775 milliseconds.",231,167,14,42,http://stload.se.ifmo.ru:8080/?token=518477874&user=-1355069478&config=3,1192,0,0
1776025870391,1651,config 2 request,200,OK,config 2 2-5,text,false,"The operation lasted too long: It took 1,651 milliseconds, but should not have lasted longer than 775 milliseconds.",231,167,14,42,http://stload.se.ifmo.ru:8080/?token=518477874&user=-1355069478&config=2,1651,0,0
1776025870475,1567,config 2 request,200,OK,config 2 2-14,text,false,"The operation lasted too long: It took 1,567 milliseconds, but should not have lasted longer than 775 milliseconds.",231,167,14,42,http://stload.se.ifmo.ru:8080/?token=518477874&user=-1355069478&config=2,1567,0,0
1776025870603,1554,config 2 request,200,OK,config 2 2-10,text,false,"The operation lasted too long: It took 1,554 milliseconds, but should not have lasted longer than 775 milliseconds.",231,167,14,42,http://stload.se.ifmo.ru:8080/?token=518477874&user=-1355069478&config=2,1554,0,0
1776025870746,1425,config 2 request,200,OK,config 2 2-1,text,false,"The operation lasted too long: It took 1,425 milliseconds, but should not have lasted longer than 775 milliseconds.",231,167,14,42,http://stload.se.ifmo.ru:8080/?token=518477874&user=-1355069478&config=2,1425,0,0
1776025870804,1367,config 3 request,200,OK,config 3 3-13,text,false,"The operation lasted too long: It took 1,367 milliseconds, but should not have lasted longer than 775 milliseconds.",231,167,14,42,http://stload.se.ifmo.ru:8080/?token=518477874&user=-1355069478&config=3,1367,0,0
1776025870806,1365,config 3 request,200,OK,config 3 3-7,text,false,"The operation lasted too long: It took 1,365 milliseconds, but should not have lasted longer than 775 milliseconds.",231,167,14,42,http://stload.se.ifmo.ru:8080/?token=518477874&user=-1355069478&config=3,1365,0,0
1776025870806,1365,config 3 request,200,OK,config 3 3-4,text,false,"The operation lasted too long: It took 1,365 milliseconds, but should not have lasted longer than 775 milliseconds.",231,167,14,42,http://stload.se.ifmo.ru:8080/?token=518477874&user=-1355069478&config=3,1365,0,0
1776025870746,1432,config 2 request,200,OK,config 2 2-2,text,false,"The operation lasted too long: It took 1,432 milliseconds, but should not have lasted longer than 775 milliseconds.",231,167,14,42,http://stload.se.ifmo.ru:8080/?token=518477874&user=-1355069478&config=2,1432,0,0
1776025870749,1464,config 2 request,200,OK,config 2 2-4,text,false,"The operation lasted too long: It took 1,464 milliseconds, but should not have lasted longer than 775 milliseconds.",231,167,14,42,http://stload.se.ifmo.ru:8080/?token=518477874&user=-1355069478&config=2,1464,0,0
1776025870849,1398,config 3 request,200,OK,config 3 3-10,text,false,"The operation lasted too long: It took 1,398 milliseconds, but should not have lasted longer than 775 milliseconds.",231,167,14,42,http://stload.se.ifmo.ru:8080/?token=518477874&user=-1355069478&config=3,1398,0,0
1776025871028,1341,config 3 request,200,OK,config 3 3-1,text,false,"The operation lasted too long: It took 1,341 milliseconds, but should not have lasted longer than 775 milliseconds.",231,167,14,42,http://stload.se.ifmo.ru:8080/?token=518477874&user=-1355069478&config=3,1341,0,0
1776025871267,1142,config 3 request,200,OK,config 3 3-9,text,false,"The operation lasted too long: It took 1,142 milliseconds, but should not have lasted longer than 775 milliseconds.",231,167,14,42,http://stload.se.ifmo.ru:8080/?token=518477874&user=-1355069478&config=3,1142,0,0
1776025871419,1153,config 3 request,200,OK,config 3 3-12,text,false,"The operation lasted too long: It took 1,153 milliseconds, but should not have lasted longer than 775 milliseconds.",231,167,14,42,http://stload.se.ifmo.ru:8080/?token=518477874&user=-1355069478&config=3,1153,0,0
1776025871028,1544,config 2 request,200,OK,config 2 2-7,text,false,"The operation lasted too long: It took 1,544 milliseconds, but should not have lasted longer than 775 milliseconds.",231,167,14,42,http://stload.se.ifmo.ru:8080/?token=518477874&user=-1355069478&config=2,1544,0,0
1776025871334,1496,config 2 request,200,OK,config 2 2-3,text,false,"The operation lasted too long: It took 1,496 milliseconds, but should not have lasted longer than 775 milliseconds.",231,167,14,42,http://stload.se.ifmo.ru:8080/?token=518477874&user=-1355069478&config=2,1496,0,0
1776025871336,1494,config 2 request,200,OK,config 2 2-9,text,false,"The operation lasted too long: It took 1,494 milliseconds, but should not have lasted longer than 775 milliseconds.",231,167,14,42,http://stload.se.ifmo.ru:8080/?token=518477874&user=-1355069478&config=2,1494,0,0
1776025871323,1507,config 2 request,200,OK,config 2 2-13,text,false,"The operation lasted too long: It took 1,507 milliseconds, but should not have lasted longer than 775 milliseconds.",231,167,14,42,http://stload.se.ifmo.ru:8080/?token=518477874&user=-1355069478&config=2,1507,0,0
1776025871449,1381,config 3 request,200,OK,config 3 3-3,text,false,"The operation lasted too long: It took 1,381 milliseconds, but should not have lasted longer than 775 milliseconds.",231,167,14,42,http://stload.se.ifmo.ru:8080/?token=518477874&user=-1355069478&config=3,1381,0,0
1776025871501,1402,config 2 request,200,OK,config 2 2-11,text,false,"The operation lasted too long: It took 1,402 milliseconds, but should not have lasted longer than 775 milliseconds.",231,167,14,42,http://stload.se.ifmo.ru:8080/?token=518477874&user=-1355069478&config=2,1402,0,0
1776025871499,1404,config 2 request,200,OK,config 2 2-8,text,false,"The operation lasted too long: It took 1,404 milliseconds, but should not have lasted longer than 775 milliseconds.",231,167,14,42,http://stload.se.ifmo.ru:8080/?token=518477874&user=-1355069478&config=2,1404,0,0
1776025871532,1371,config 3 request,200,OK,config 3 3-6,text,false,"The operation lasted too long: It took 1,371 milliseconds, but should not have lasted longer than 775 milliseconds.",231,167,14,42,http://stload.se.ifmo.ru:8080/?token=518477874&user=-1355069478&config=3,1371,0,0
1776025871751,1232,config 3 request,200,OK,config 3 3-2,text,false,"The operation lasted too long: It took 1,232 milliseconds, but should not have lasted longer than 775 milliseconds.",231,167,14,42,http://stload.se.ifmo.ru:8080/?token=518477874&user=-1355069478&config=3,1232,0,0
1776025871500,1536,config 2 request,200,OK,config 2 2-6,text,false,"The operation lasted too long: It took 1,536 milliseconds, but should not have lasted longer than 775 milliseconds.",231,167,14,42,http://stload.se.ifmo.ru:8080/?token=518477874&user=-1355069478&config=2,1536,0,0
1776025871748,1288,config 3 request,200,OK,config 3 3-8,text,false,"The operation lasted too long: It took 1,288 milliseconds, but should not have lasted longer than 775 milliseconds.",231,167,14,42,http://stload.se.ifmo.ru:8080/?token=518477874&user=-1355069478&config=3,1288,0,0
1776025871849,1268,config 3 request,200,OK,config 3 3-14,text,false,"The operation lasted too long: It took 1,268 milliseconds, but should not have lasted longer than 775 milliseconds.",231,167,14,42,http://stload.se.ifmo.ru:8080/?token=518477874&user=-1355069478&config=3,1268,0,0
1776025871741,1376,config 3 request,200,OK,config 3 3-5,text,false,"The operation lasted too long: It took 1,376 milliseconds, but should not have lasted longer than 775 milliseconds.",231,167,14,42,http://stload.se.ifmo.ru:8080/?token=518477874&user=-1355069478&config=3,1376,0,0
1776025871617,1512,config 2 request,200,OK,config 2 2-12,text,false,"The operation lasted too long: It took 1,512 milliseconds, but should not have lasted longer than 775 milliseconds.",231,167,14,42,http://stload.se.ifmo.ru:8080/?token=518477874&user=-1355069478&config=2,1512,0,0
1776025871973,1156,config 3 request,200,OK,config 3 3-11,text,false,"The operation lasted too long: It took 1,156 milliseconds, but should not have lasted longer than 775 milliseconds.",231,167,14,42,http://stload.se.ifmo.ru:8080/?token=518477874&user=-1355069478&config=3,1156,0,0
1776025872043,1396,config 2 request,200,OK,config 2 2-14,text,false,"The operation lasted too long: It took 1,396 milliseconds, but should not have lasted longer than 775 milliseconds.",231,167,14,42,http://stload.se.ifmo.ru:8080/?token=518477874&user=-1355069478&config=2,1396,0,0
1776025872043,1405,config 2 request,200,OK,config 2 2-5,text,false,"The operation lasted too long: It took 1,405 milliseconds, but should not have lasted longer than 775 milliseconds.",231,167,14,42,http://stload.se.ifmo.ru:8080/?token=518477874&user=-1355069478&config=2,1405,0,0
1776025872158,1290,config 2 request,200,OK,config 2 2-10,text,false,"The operation lasted too long: It took 1,290 milliseconds, but should not have lasted longer than 775 milliseconds.",231,167,14,42,http://stload.se.ifmo.ru:8080/?token=518477874&user=-1355069478&config=2,1290,0,0
1776025872306,1376,config 3 request,200,OK,config 3 3-7,text,false,"The operation lasted too long: It took 1,376 milliseconds, but should not have lasted longer than 775 milliseconds.",231,167,14,42,http://stload.se.ifmo.ru:8080/?token=518477874&user=-1355069478&config=3,1376,0,0
1776025872303,1379,config 3 request,200,OK,config 3 3-13,text,false,"The operation lasted too long: It took 1,379 milliseconds, but should not have lasted longer than 775 milliseconds.",231,167,14,42,http://stload.se.ifmo.ru:8080/?token=518477874&user=-1355069478&config=3,1379,0,0
1776025872249,1433,config 2 request,200,OK,config 2 2-2,text,false,"The operation lasted too long: It took 1,433 milliseconds, but should not have lasted longer than 775 milliseconds.",231,167,14,42,http://stload.se.ifmo.ru:8080/?token=518477874&user=-1355069478&config=2,1433,0,0
1776025872305,1412,config 3 request,200,OK,config 3 3-4,text,false,"The operation lasted too long: It took 1,412 milliseconds, but should not have lasted longer than 775 milliseconds.",231,167,14,42,http://stload.se.ifmo.ru:8080/?token=518477874&user=-1355069478&config=3,1412,0,0
1776025872249,1519,config 2 request,200,OK,config 2 2-1,text,false,"The operation lasted too long: It took 1,519 milliseconds, but should not have lasted longer than 775 milliseconds.",231,167,14,42,http://stload.se.ifmo.ru:8080/?token=518477874&user=-1355069478&config=2,1519,0,0
1776025872349,1419,config 3 request,200,OK,config 3 3-10,text,false,"The operation lasted too long: It took 1,419 milliseconds, but should not have lasted longer than 775 milliseconds.",231,167,14,42,http://stload.se.ifmo.ru:8080/?token=518477874&user=-1355069478&config=3,1419,0,0
1776025872249,1519,config 2 request,200,OK,config 2 2-4,text,false,"The operation lasted too long: It took 1,519 milliseconds, but should not have lasted longer than 775 milliseconds.",231,167,14,42,http://stload.se.ifmo.ru:8080/?token=518477874&user=-1355069478&config=2,1519,0,0
1776025872524,1326,config 3 request,200,OK,config 3 3-1,text,false,"The operation lasted too long: It took 1,326 milliseconds, but should not have lasted longer than 775 milliseconds.",231,167,14,42,http://stload.se.ifmo.ru:8080/?token=518477874&user=-1355069478&config=3,1326,0,0
1776025872768,1132,config 3 request,200,OK,config 3 3-9,text,false,"The operation lasted too long: It took 1,132 milliseconds, but should not have lasted longer than 775 milliseconds.",231,167,14,42,http://stload.se.ifmo.ru:8080/?token=518477874&user=-1355069478&config=3,1132,0,0
1776025872916,1119,config 3 request,200,OK,config 3 3-12,text,false,"The operation lasted too long: It took 1,119 milliseconds, but should not have lasted longer than 775 milliseconds.",231,167,14,42,http://stload.se.ifmo.ru:8080/?token=518477874&user=-1355069478&config=3,1119,0,0
1776025872952,1260,config 3 request,200,OK,config 3 3-3,text,false,"The operation lasted too long: It took 1,260 milliseconds, but should not have lasted longer than 775 milliseconds.",231,167,14,42,http://stload.se.ifmo.ru:8080/?token=518477874&user=-1355069478&config=3,1260,0,0
1776025872830,1382,config 2 request,200,OK,config 2 2-13,text,false,"The operation lasted too long: It took 1,382 milliseconds, but should not have lasted longer than 775 milliseconds.",231,167,14,42,http://stload.se.ifmo.ru:8080/?token=518477874&user=-1355069478&config=2,1382,0,0
1776025872833,1379,config 2 request,200,OK,config 2 2-3,text,false,"The operation lasted too long: It took 1,379 milliseconds, but should not have lasted longer than 775 milliseconds.",231,167,14,42,http://stload.se.ifmo.ru:8080/?token=518477874&user=-1355069478&config=2,1379,0,0
1776025872572,1640,config 2 request,200,OK,config 2 2-7,text,false,"The operation lasted too long: It took 1,640 milliseconds, but should not have lasted longer than 775 milliseconds.",231,167,14,42,http://stload.se.ifmo.ru:8080/?token=518477874&user=-1355069478&config=2,1640,0,0
1776025872833,1459,config 2 request,200,OK,config 2 2-9,text,false,"The operation lasted too long: It took 1,459 milliseconds, but should not have lasted longer than 775 milliseconds.",231,167,14,42,http://stload.se.ifmo.ru:8080/?token=518477874&user=-1355069478&config=2,1459,0,0
1776025872999,1429,config 2 request,200,OK,config 2 2-8,text,false,"The operation lasted too long: It took 1,429 milliseconds, but should not have lasted longer than 775 milliseconds.",231,167,14,42,http://stload.se.ifmo.ru:8080/?token=518477874&user=-1355069478&config=2,1429,0,0
1776025873030,1398,config 3 request,200,OK,config 3 3-6,text,false,"The operation lasted too long: It took 1,398 milliseconds, but should not have lasted longer than 775 milliseconds.",231,167,14,42,http://stload.se.ifmo.ru:8080/?token=518477874&user=-1355069478&config=3,1398,0,0
1776025873001,1467,config 2 request,200,OK,config 2 2-11,text,false,"The operation lasted too long: It took 1,467 milliseconds, but should not have lasted longer than 775 milliseconds.",231,167,14,42,http://stload.se.ifmo.ru:8080/?token=518477874&user=-1355069478&config=2,1467,0,0
1776025873036,1527,config 2 request,200,OK,config 2 2-6,text,false,"The operation lasted too long: It took 1,527 milliseconds, but should not have lasted longer than 775 milliseconds.",231,167,14,42,http://stload.se.ifmo.ru:8080/?token=518477874&user=-1355069478&config=2,1527,0,0
1776025873243,1412,config 3 request,200,OK,config 3 3-8,text,false,"The operation lasted too long: It took 1,412 milliseconds, but should not have lasted longer than 775 milliseconds.",231,167,14,42,http://stload.se.ifmo.ru:8080/?token=518477874&user=-1355069478&config=3,1412,0,0
1776025873130,1526,config 2 request,200,OK,config 2 2-12,text,false,"The operation lasted too long: It took 1,526 milliseconds, but should not have lasted longer than 775 milliseconds.",231,167,14,42,http://stload.se.ifmo.ru:8080/?token=518477874&user=-1355069478&config=2,1526,0,0
1776025873255,1401,config 3 request,200,OK,config 3 3-2,text,false,"The operation lasted too long: It took 1,401 milliseconds, but should not have lasted longer than 775 milliseconds.",231,167,14,42,http://stload.se.ifmo.ru:8080/?token=518477874&user=-1355069478&config=3,1401,0,0
1776025873349,1364,config 3 request,200,OK,config 3 3-14,text,false,"The operation lasted too long: It took 1,364 milliseconds, but should not have lasted longer than 775 milliseconds.",231,167,14,42,http://stload.se.ifmo.ru:8080/?token=518477874&user=-1355069478&config=3,1364,0,0
1776025873241,1472,config 3 request,200,OK,config 3 3-5,text,false,"The operation lasted too long: It took 1,472 milliseconds, but should not have lasted longer than 775 milliseconds.",231,167,14,42,http://stload.se.ifmo.ru:8080/?token=518477874&user=-1355069478&config=3,1472,0,0
1776025873474,1276,config 3 request,200,OK,config 3 3-11,text,false,"The operation lasted too long: It took 1,276 milliseconds, but should not have lasted longer than 775 milliseconds.",231,167,14,42,http://stload.se.ifmo.ru:8080/?token=518477874&user=-1355069478&config=3,1276,0,0
1776025873547,1434,config 2 request,200,OK,config 2 2-14,text,false,"The operation lasted too long: It took 1,434 milliseconds, but should not have lasted longer than 775 milliseconds.",231,167,14,42,http://stload.se.ifmo.ru:8080/?token=518477874&user=-1355069478&config=2,1434,0,0
1776025873547,1434,config 2 request,200,OK,config 2 2-5,text,false,"The operation lasted too long: It took 1,434 milliseconds, but should not have lasted longer than 775 milliseconds.",231,167,14,42,http://stload.se.ifmo.ru:8080/?token=518477874&user=-1355069478&config=2,1434,0,0
1776025873804,1316,config 3 request,200,OK,config 3 3-4,text,false,"The operation lasted too long: It took 1,316 milliseconds, but should not have lasted longer than 775 milliseconds.",231,167,14,42,http://stload.se.ifmo.ru:8080/?token=518477874&user=-1355069478&config=3,1316,0,0
1776025873807,1313,config 3 request,200,OK,config 3 3-7,text,false,"The operation lasted too long: It took 1,313 milliseconds, but should not have lasted longer than 775 milliseconds.",231,167,14,42,http://stload.se.ifmo.ru:8080/?token=518477874&user=-1355069478&config=3,1313,0,0
1776025873659,1461,config 2 request,200,OK,config 2 2-10,text,false,"The operation lasted too long: It took 1,461 milliseconds, but should not have lasted longer than 775 milliseconds.",231,167,14,42,http://stload.se.ifmo.ru:8080/?token=518477874&user=-1355069478&config=2,1461,0,0
1776025873746,1374,config 2 request,200,OK,config 2 2-2,text,false,"The operation lasted too long: It took 1,374 milliseconds, but should not have lasted longer than 775 milliseconds.",231,167,14,42,http://stload.se.ifmo.ru:8080/?token=518477874&user=-1355069478&config=2,1374,0,0
1776025873768,1352,config 2 request,200,OK,config 2 2-1,text,false,"The operation lasted too long: It took 1,352 milliseconds, but should not have lasted longer than 775 milliseconds.",231,167,14,42,http://stload.se.ifmo.ru:8080/?token=518477874&user=-1355069478&config=2,1352,0,0
1776025873769,1351,config 2 request,200,OK,config 2 2-4,text,false,"The operation lasted too long: It took 1,351 milliseconds, but should not have lasted longer than 775 milliseconds.",231,167,14,42,http://stload.se.ifmo.ru:8080/?token=518477874&user=-1355069478&config=2,1351,0,0
1776025873846,1402,config 3 request,200,OK,config 3 3-10,text,false,"The operation lasted too long: It took 1,402 milliseconds, but should not have lasted longer than 775 milliseconds.",231,167,14,42,http://stload.se.ifmo.ru:8080/?token=518477874&user=-1355069478&config=3,1402,0,0
1776025873807,1441,config 3 request,200,OK,config 3 3-13,text,false,"The operation lasted too long: It took 1,441 milliseconds, but should not have lasted longer than 775 milliseconds.",231,167,14,42,http://stload.se.ifmo.ru:8080/?token=518477874&user=-1355069478&config=3,1441,0,0
1776025874026,1263,config 3 request,200,OK,config 3 3-1,text,false,"The operation lasted too long: It took 1,263 milliseconds, but should not have lasted longer than 775 milliseconds.",231,167,14,42,http://stload.se.ifmo.ru:8080/?token=518477874&user=-1355069478&config=3,1263,0,0
1776025874270,1152,config 3 request,200,OK,config 3 3-9,text,false,"The operation lasted too long: It took 1,152 milliseconds, but should not have lasted longer than 775 milliseconds.",231,167,14,42,http://stload.se.ifmo.ru:8080/?token=518477874&user=-1355069478&config=3,1152,0,0
1776025874453,1196,config 3 request,200,OK,config 3 3-3,text,false,"The operation lasted too long: It took 1,196 milliseconds, but should not have lasted longer than 775 milliseconds.",231,167,14,42,http://stload.se.ifmo.ru:8080/?token=518477874&user=-1355069478&config=3,1196,0,0
1776025874418,1231,config 3 request,200,OK,config 3 3-12,text,false,"The operation lasted too long: It took 1,231 milliseconds, but should not have lasted longer than 775 milliseconds.",231,167,14,42,http://stload.se.ifmo.ru:8080/?token=518477874&user=-1355069478&config=3,1231,0,0
1776025874213,1436,config 2 request,200,OK,config 2 2-7,text,false,"The operation lasted too long: It took 1,436 milliseconds, but should not have lasted longer than 775 milliseconds.",231,167,14,42,http://stload.se.ifmo.ru:8080/?token=518477874&user=-1355069478&config=2,1436,0,0
1776025874529,1265,config 3 request,200,OK,config 3 3-6,text,false,"The operation lasted too long: It took 1,265 milliseconds, but should not have lasted longer than 775 milliseconds.",231,167,14,42,http://stload.se.ifmo.ru:8080/?token=518477874&user=-1355069478&config=3,1265,0,0
1776025874336,1458,config 2 request,200,OK,config 2 2-13,text,false,"The operation lasted too long: It took 1,458 milliseconds, but should not have lasted longer than 775 milliseconds.",231,167,14,42,http://stload.se.ifmo.ru:8080/?token=518477874&user=-1355069478&config=2,1458,0,0
1776025874336,1458,config 2 request,200,OK,config 2 2-3,text,false,"The operation lasted too long: It took 1,458 milliseconds, but should not have lasted longer than 775 milliseconds.",231,167,14,42,http://stload.se.ifmo.ru:8080/?token=518477874&user=-1355069478&config=2,1458,0,0
1776025874336,1459,config 2 request,200,OK,config 2 2-9,text,false,"The operation lasted too long: It took 1,459 milliseconds, but should not have lasted longer than 775 milliseconds.",231,167,14,42,http://stload.se.ifmo.ru:8080/?token=518477874&user=-1355069478&config=2,1459,0,0
1776025874502,1373,config 2 request,200,OK,config 2 2-8,text,false,"The operation lasted too long: It took 1,373 milliseconds, but should not have lasted longer than 775 milliseconds.",231,167,14,42,http://stload.se.ifmo.ru:8080/?token=518477874&user=-1355069478&config=2,1373,0,0
1776025874503,1427,config 2 request,200,OK,config 2 2-11,text,false,"The operation lasted too long: It took 1,427 milliseconds, but should not have lasted longer than 775 milliseconds.",231,167,14,42,http://stload.se.ifmo.ru:8080/?token=518477874&user=-1355069478&config=2,1427,0,0
1776025874743,1225,config 3 request,200,OK,config 3 3-5,text,false,"The operation lasted too long: It took 1,225 milliseconds, but should not have lasted longer than 775 milliseconds.",231,167,14,42,http://stload.se.ifmo.ru:8080/?token=518477874&user=-1355069478&config=3,1225,0,0
1776025874746,1355,config 3 request,200,OK,config 3 3-8,text,false,"The operation lasted too long: It took 1,355 milliseconds, but should not have lasted longer than 775 milliseconds.",231,167,14,42,http://stload.se.ifmo.ru:8080/?token=518477874&user=-1355069478&config=3,1355,0,0
1776025874751,1350,config 3 request,200,OK,config 3 3-2,text,false,"The operation lasted too long: It took 1,350 milliseconds, but should not have lasted longer than 775 milliseconds.",231,167,14,42,http://stload.se.ifmo.ru:8080/?token=518477874&user=-1355069478&config=3,1350,0,0
1776025874849,1252,config 3 request,200,OK,config 3 3-14,text,false,"The operation lasted too long: It took 1,252 milliseconds, but should not have lasted longer than 775 milliseconds.",231,167,14,42,http://stload.se.ifmo.ru:8080/?token=518477874&user=-1355069478&config=3,1252,0,0
1776025874656,1496,config 2 request,200,OK,config 2 2-12,text,false,"The operation lasted too long: It took 1,496 milliseconds, but should not have lasted longer than 775 milliseconds.",231,167,14,42,http://stload.se.ifmo.ru:8080/?token=518477874&user=-1355069478&config=2,1496,0,0
1776025874978,1174,config 3 request,200,OK,config 3 3-11,text,false,"The operation lasted too long: It took 1,174 milliseconds, but should not have lasted longer than 775 milliseconds.",231,167,14,42,http://stload.se.ifmo.ru:8080/?token=518477874&user=-1355069478&config=3,1174,0,0
1776025874563,1589,config 2 request,200,OK,config 2 2-6,text,false,"The operation lasted too long: It took 1,589 milliseconds, but should not have lasted longer than 775 milliseconds.",231,167,14,42,http://stload.se.ifmo.ru:8080/?token=518477874&user=-1355069478&config=2,1589,0,0
1776025875046,1331,config 2 request,200,OK,config 2 2-14,text,false,"The operation lasted too long: It took 1,331 milliseconds, but should not have lasted longer than 775 milliseconds.",231,167,14,42,http://stload.se.ifmo.ru:8080/?token=518477874&user=-1355069478&config=2,1331,0,0
1776025875245,1347,config 2 request,200,OK,config 2 2-2,text,false,"The operation lasted too long: It took 1,347 milliseconds, but should not have lasted longer than 775 milliseconds.",231,167,14,42,http://stload.se.ifmo.ru:8080/?token=518477874&user=-1355069478&config=2,1346,0,0
1776025875048,1544,config 2 request,200,OK,config 2 2-5,text,false,"The operation lasted too long: It took 1,544 milliseconds, but should not have lasted longer than 775 milliseconds.",231,167,14,42,http://stload.se.ifmo.ru:8080/?token=518477874&user=-1355069478&config=2,1543,0,0
1776025875304,1410,config 3 request,200,OK,config 3 3-4,text,false,"The operation lasted too long: It took 1,410 milliseconds, but should not have lasted longer than 775 milliseconds.",231,167,14,42,http://stload.se.ifmo.ru:8080/?token=518477874&user=-1355069478&config=3,1410,0,0
1776025875307,1407,config 3 request,200,OK,config 3 3-13,text,false,"The operation lasted too long: It took 1,407 milliseconds, but should not have lasted longer than 775 milliseconds.",231,167,14,42,http://stload.se.ifmo.ru:8080/?token=518477874&user=-1355069478&config=3,1407,0,0
1776025875158,1556,config 2 request,200,OK,config 2 2-10,text,false,"The operation lasted too long: It took 1,556 milliseconds, but should not have lasted longer than 775 milliseconds.",231,167,14,42,http://stload.se.ifmo.ru:8080/?token=518477874&user=-1355069478&config=2,1556,0,0
1776025875307,1447,config 3 request,200,OK,config 3 3-7,text,false,"The operation lasted too long: It took 1,447 milliseconds, but should not have lasted longer than 775 milliseconds.",231,167,14,42,http://stload.se.ifmo.ru:8080/?token=518477874&user=-1355069478&config=3,1447,0,0
1776025875350,1404,config 3 request,200,OK,config 3 3-10,text,false,"The operation lasted too long: It took 1,404 milliseconds, but should not have lasted longer than 775 milliseconds.",231,167,14,42,http://stload.se.ifmo.ru:8080/?token=518477874&user=-1355069478&config=3,1404,0,0
1776025875271,1484,config 2 request,200,OK,config 2 2-1,text,false,"The operation lasted too long: It took 1,484 milliseconds, but should not have lasted longer than 775 milliseconds.",231,167,14,42,http://stload.se.ifmo.ru:8080/?token=518477874&user=-1355069478&config=2,1484,0,0
1776025875526,1270,config 3 request,200,OK,config 3 3-1,text,false,"The operation lasted too long: It took 1,270 milliseconds, but should not have lasted longer than 775 milliseconds.",231,167,14,42,http://stload.se.ifmo.ru:8080/?token=518477874&user=-1355069478&config=3,1270,0,0
1776025875273,1523,config 2 request,200,OK,config 2 2-4,text,false,"The operation lasted too long: It took 1,523 milliseconds, but should not have lasted longer than 775 milliseconds.",231,167,14,42,http://stload.se.ifmo.ru:8080/?token=518477874&user=-1355069478&config=2,1523,0,0
1776025875716,1314,config 2 request,200,OK,config 2 2-7,text,false,"The operation lasted too long: It took 1,314 milliseconds, but should not have lasted longer than 775 milliseconds.",231,167,14,42,http://stload.se.ifmo.ru:8080/?token=518477874&user=-1355069478&config=2,1314,0,0
1776025875767,1263,config 3 request,200,OK,config 3 3-9,text,false,"The operation lasted too long: It took 1,263 milliseconds, but should not have lasted longer than 775 milliseconds.",231,167,14,42,http://stload.se.ifmo.ru:8080/?token=518477874&user=-1355069478&config=3,1263,0,0
1776025875919,1361,config 3 request,200,OK,config 3 3-12,text,false,"The operation lasted too long: It took 1,361 milliseconds, but should not have lasted longer than 775 milliseconds.",231,167,14,42,http://stload.se.ifmo.ru:8080/?token=518477874&user=-1355069478&config=3,1361,0,0
1776025875832,1448,config 2 request,200,OK,config 2 2-13,text,false,"The operation lasted too long: It took 1,448 milliseconds, but should not have lasted longer than 775 milliseconds.",231,167,14,42,http://stload.se.ifmo.ru:8080/?token=518477874&user=-1355069478&config=2,1448,0,0
1776025875949,1331,config 3 request,200,OK,config 3 3-3,text,false,"The operation lasted too long: It took 1,331 milliseconds, but should not have lasted longer than 775 milliseconds.",231,167,14,42,http://stload.se.ifmo.ru:8080/?token=518477874&user=-1355069478&config=3,1331,0,0
1776025875838,1481,config 2 request,200,OK,config 2 2-9,text,false,"The operation lasted too long: It took 1,481 milliseconds, but should not have lasted longer than 775 milliseconds.",231,167,14,42,http://stload.se.ifmo.ru:8080/?token=518477874&user=-1355069478&config=2,1481,0,0
1776025875838,1481,config 2 request,200,OK,config 2 2-3,text,false,"The operation lasted too long: It took 1,481 milliseconds, but should not have lasted longer than 775 milliseconds.",231,167,14,42,http://stload.se.ifmo.ru:8080/?token=518477874&user=-1355069478&config=2,1481,0,0
1776025876032,1287,config 3 request,200,OK,config 3 3-6,text,false,"The operation lasted too long: It took 1,287 milliseconds, but should not have lasted longer than 775 milliseconds.",231,167,14,42,http://stload.se.ifmo.ru:8080/?token=518477874&user=-1355069478&config=3,1287,0,0
1776025876003,1410,config 2 request,200,OK,config 2 2-8,text,false,"The operation lasted too long: It took 1,410 milliseconds, but should not have lasted longer than 775 milliseconds.",231,167,14,42,http://stload.se.ifmo.ru:8080/?token=518477874&user=-1355069478&config=2,1410,0,0
1776025876001,1496,config 2 request,200,OK,config 2 2-11,text,false,"The operation lasted too long: It took 1,496 milliseconds, but should not have lasted longer than 775 milliseconds.",231,167,14,42,http://stload.se.ifmo.ru:8080/?token=518477874&user=-1355069478&config=2,1496,0,0
1776025876252,1300,config 3 request,200,OK,config 3 3-2,text,false,"The operation lasted too long: It took 1,300 milliseconds, but should not have lasted longer than 775 milliseconds.",231,167,14,42,http://stload.se.ifmo.ru:8080/?token=518477874&user=-1355069478&config=3,1300,0,0
1776025876242,1310,config 3 request,200,OK,config 3 3-5,text,false,"The operation lasted too long: It took 1,310 milliseconds, but should not have lasted longer than 775 milliseconds.",231,167,14,42,http://stload.se.ifmo.ru:8080/?token=518477874&user=-1355069478&config=3,1310,0,0
1776025876246,1399,config 3 request,200,OK,config 3 3-8,text,false,"The operation lasted too long: It took 1,399 milliseconds, but should not have lasted longer than 775 milliseconds.",231,167,14,42,http://stload.se.ifmo.ru:8080/?token=518477874&user=-1355069478&config=3,1399,0,0
1776025876153,1492,config 2 request,200,OK,config 2 2-6,text,false,"The operation lasted too long: It took 1,492 milliseconds, but should not have lasted longer than 775 milliseconds.",231,167,14,42,http://stload.se.ifmo.ru:8080/?token=518477874&user=-1355069478&config=2,1492,0,0
1776025876156,1489,config 2 request,200,OK,config 2 2-12,text,false,"The operation lasted too long: It took 1,489 milliseconds, but should not have lasted longer than 775 milliseconds.",231,167,14,42,http://stload.se.ifmo.ru:8080/?token=518477874&user=-1355069478&config=2,1489,0,0
1776025876348,1355,config 3 request,200,OK,config 3 3-14,text,false,"The operation lasted too long: It took 1,355 milliseconds, but should not have lasted longer than 775 milliseconds.",231,167,14,42,http://stload.se.ifmo.ru:8080/?token=518477874&user=-1355069478&config=3,1355,0,0
1776025876478,1225,config 3 request,200,OK,config 3 3-11,text,false,"The operation lasted too long: It took 1,225 milliseconds, but should not have lasted longer than 775 milliseconds.",231,167,14,42,http://stload.se.ifmo.ru:8080/?token=518477874&user=-1355069478&config=3,1225,0,0
1776025876543,1369,config 2 request,200,OK,config 2 2-14,text,false,"The operation lasted too long: It took 1,369 milliseconds, but should not have lasted longer than 775 milliseconds.",231,167,14,42,http://stload.se.ifmo.ru:8080/?token=518477874&user=-1355069478&config=2,1368,0,0
1776025876715,1505,config 2 request,200,OK,config 2 2-10,text,false,"The operation lasted too long: It took 1,505 milliseconds, but should not have lasted longer than 775 milliseconds.",231,167,14,42,http://stload.se.ifmo.ru:8080/?token=518477874&user=-1355069478&config=2,1505,0,0
1776025876592,1628,config 2 request,200,OK,config 2 2-5,text,false,"The operation lasted too long: It took 1,628 milliseconds, but should not have lasted longer than 775 milliseconds.",231,167,14,42,http://stload.se.ifmo.ru:8080/?token=518477874&user=-1355069478&config=2,1628,0,0
1776025876749,1471,config 2 request,200,OK,config 2 2-2,text,false,"The operation lasted too long: It took 1,471 milliseconds, but should not have lasted longer than 775 milliseconds.",231,167,14,42,http://stload.se.ifmo.ru:8080/?token=518477874&user=-1355069478&config=2,1471,0,0
1776025876806,1415,config 3 request,200,OK,config 3 3-13,text,false,"The operation lasted too long: It took 1,415 milliseconds, but should not have lasted longer than 775 milliseconds.",231,167,14,42,http://stload.se.ifmo.ru:8080/?token=518477874&user=-1355069478&config=3,1415,0,0
1776025876772,1485,config 2 request,200,OK,config 2 2-1,text,false,"The operation lasted too long: It took 1,485 milliseconds, but should not have lasted longer than 775 milliseconds.",231,167,14,42,http://stload.se.ifmo.ru:8080/?token=518477874&user=-1355069478&config=2,1485,0,0
1776025876808,1449,config 3 request,200,OK,config 3 3-7,text,false,"The operation lasted too long: It took 1,449 milliseconds, but should not have lasted longer than 775 milliseconds.",231,167,14,42,http://stload.se.ifmo.ru:8080/?token=518477874&user=-1355069478&config=3,1449,0,0
1776025876807,1451,config 3 request,200,OK,config 3 3-4,text,false,"The operation lasted too long: It took 1,451 milliseconds, but should not have lasted longer than 775 milliseconds.",231,167,14,42,http://stload.se.ifmo.ru:8080/?token=518477874&user=-1355069478&config=3,1451,0,0
1776025877026,1266,config 3 request,200,OK,config 3 3-1,text,false,"The operation lasted too long: It took 1,266 milliseconds, but should not have lasted longer than 775 milliseconds.",231,167,14,42,http://stload.se.ifmo.ru:8080/?token=518477874&user=-1355069478&config=3,1266,0,0
1776025876850,1443,config 3 request,200,OK,config 3 3-10,text,false,"The operation lasted too long: It took 1,443 milliseconds, but should not have lasted longer than 775 milliseconds.",231,167,14,42,http://stload.se.ifmo.ru:8080/?token=518477874&user=-1355069478&config=3,1443,0,0
1776025876797,1553,config 2 request,200,OK,config 2 2-4,text,false,"The operation lasted too long: It took 1,553 milliseconds, but should not have lasted longer than 775 milliseconds.",231,167,14,42,http://stload.se.ifmo.ru:8080/?token=518477874&user=-1355069478&config=2,1553,0,0
1776025877270,1169,config 3 request,200,OK,config 3 3-9,text,false,"The operation lasted too long: It took 1,169 milliseconds, but should not have lasted longer than 775 milliseconds.",231,167,14,42,http://stload.se.ifmo.ru:8080/?token=518477874&user=-1355069478&config=3,1169,0,0
1776025877450,1125,config 3 request,200,OK,config 3 3-3,text,false,"The operation lasted too long: It took 1,125 milliseconds, but should not have lasted longer than 775 milliseconds.",231,167,14,42,http://stload.se.ifmo.ru:8080/?token=518477874&user=-1355069478&config=3,1125,0,0
1776025877528,1218,config 3 request,200,OK,config 3 3-6,text,false,"The operation lasted too long: It took 1,218 milliseconds, but should not have lasted longer than 775 milliseconds.",231,167,14,42,http://stload.se.ifmo.ru:8080/?token=518477874&user=-1355069478&config=3,1218,0,0
1776025877416,1330,config 3 request,200,OK,config 3 3-12,text,false,"The operation lasted too long: It took 1,330 milliseconds, but should not have lasted longer than 775 milliseconds.",231,167,14,42,http://stload.se.ifmo.ru:8080/?token=518477874&user=-1355069478&config=3,1330,0,0
1776025877217,1529,config 2 request,200,OK,config 2 2-7,text,false,"The operation lasted too long: It took 1,529 milliseconds, but should not have lasted longer than 775 milliseconds.",231,167,14,42,http://stload.se.ifmo.ru:8080/?token=518477874&user=-1355069478&config=2,1529,0,0
1776025877333,1506,config 2 request,200,OK,config 2 2-13,text,false,"The operation lasted too long: It took 1,506 milliseconds, but should not have lasted longer than 775 milliseconds.",231,167,14,42,http://stload.se.ifmo.ru:8080/?token=518477874&user=-1355069478&config=2,1506,0,0
1776025877335,1504,config 2 request,200,OK,config 2 2-3,text,false,"The operation lasted too long: It took 1,504 milliseconds, but should not have lasted longer than 775 milliseconds.",231,167,14,42,http://stload.se.ifmo.ru:8080/?token=518477874&user=-1355069478&config=2,1504,0,0
1776025877333,1506,config 2 request,200,OK,config 2 2-9,text,false,"The operation lasted too long: It took 1,506 milliseconds, but should not have lasted longer than 775 milliseconds.",231,167,14,42,http://stload.se.ifmo.ru:8080/?token=518477874&user=-1355069478&config=2,1506,0,0
1776025877501,1382,config 2 request,200,OK,config 2 2-8,text,false,"The operation lasted too long: It took 1,382 milliseconds, but should not have lasted longer than 775 milliseconds.",231,167,14,42,http://stload.se.ifmo.ru:8080/?token=518477874&user=-1355069478&config=2,1381,0,0
1776025877498,1385,config 2 request,200,OK,config 2 2-11,text,false,"The operation lasted too long: It took 1,385 milliseconds, but should not have lasted longer than 775 milliseconds.",231,167,14,42,http://stload.se.ifmo.ru:8080/?token=518477874&user=-1355069478&config=2,1385,0,0
1776025877741,1475,config 3 request,200,OK,config 3 3-5,text,false,"The operation lasted too long: It took 1,475 milliseconds, but should not have lasted longer than 775 milliseconds.",231,167,14,42,http://stload.se.ifmo.ru:8080/?token=518477874&user=-1355069478&config=3,1475,0,0
1776025877654,1563,config 2 request,200,OK,config 2 2-6,text,false,"The operation lasted too long: It took 1,563 milliseconds, but should not have lasted longer than 775 milliseconds.",231,167,14,42,http://stload.se.ifmo.ru:8080/?token=518477874&user=-1355069478&config=2,1563,0,0
1776025877750,1468,config 3 request,200,OK,config 3 3-2,text,false,"The operation lasted too long: It took 1,468 milliseconds, but should not have lasted longer than 775 milliseconds.",231,167,14,42,http://stload.se.ifmo.ru:8080/?token=518477874&user=-1355069478&config=3,1468,0,0
1776025877848,1395,config 3 request,200,OK,config 3 3-14,text,false,"The operation lasted too long: It took 1,395 milliseconds, but should not have lasted longer than 775 milliseconds.",231,167,14,42,http://stload.se.ifmo.ru:8080/?token=518477874&user=-1355069478&config=3,1395,0,0
1776025877743,1500,config 3 request,200,OK,config 3 3-8,text,false,"The operation lasted too long: It took 1,500 milliseconds, but should not have lasted longer than 775 milliseconds.",231,167,14,42,http://stload.se.ifmo.ru:8080/?token=518477874&user=-1355069478&config=3,1500,0,0
1776025877975,1268,config 3 request,200,OK,config 3 3-11,text,false,"The operation lasted too long: It took 1,268 milliseconds, but should not have lasted longer than 775 milliseconds.",231,167,14,42,http://stload.se.ifmo.ru:8080/?token=518477874&user=-1355069478&config=3,1268,0,0
1776025877658,1678,config 2 request,200,OK,config 2 2-12,text,false,"The operation lasted too long: It took 1,678 milliseconds, but should not have lasted longer than 775 milliseconds.",231,167,14,42,http://stload.se.ifmo.ru:8080/?token=518477874&user=-1355069478&config=2,1678,0,0
1776025878048,1422,config 2 request,200,OK,config 2 2-14,text,false,"The operation lasted too long: It took 1,422 milliseconds, but should not have lasted longer than 775 milliseconds.",231,167,14,42,http://stload.se.ifmo.ru:8080/?token=518477874&user=-1355069478&config=2,1422,0,0
1776025878250,1294,config 2 request,200,OK,config 2 2-2,text,false,"The operation lasted too long: It took 1,294 milliseconds, but should not have lasted longer than 775 milliseconds.",231,167,14,42,http://stload.se.ifmo.ru:8080/?token=518477874&user=-1355069478&config=2,1294,0,0
1776025878305,1239,config 3 request,200,OK,config 3 3-7,text,false,"The operation lasted too long: It took 1,239 milliseconds, but should not have lasted longer than 775 milliseconds.",231,167,14,42,http://stload.se.ifmo.ru:8080/?token=518477874&user=-1355069478&config=3,1239,0,0
1776025878303,1303,config 3 request,200,OK,config 3 3-4,text,false,"The operation lasted too long: It took 1,303 milliseconds, but should not have lasted longer than 775 milliseconds.",231,167,14,42,http://stload.se.ifmo.ru:8080/?token=518477874&user=-1355069478&config=3,1303,0,0
1776025878221,1385,config 2 request,200,OK,config 2 2-5,text,false,"The operation lasted too long: It took 1,385 milliseconds, but should not have lasted longer than 775 milliseconds.",231,167,14,42,http://stload.se.ifmo.ru:8080/?token=518477874&user=-1355069478&config=2,1385,0,0
1776025878221,1482,config 2 request,200,OK,config 2 2-10,text,false,"The operation lasted too long: It took 1,482 milliseconds, but should not have lasted longer than 775 milliseconds.",231,167,14,42,http://stload.se.ifmo.ru:8080/?token=518477874&user=-1355069478&config=2,1482,0,0
1776025878271,1432,config 2 request,200,OK,config 2 2-1,text,false,"The operation lasted too long: It took 1,432 milliseconds, but should not have lasted longer than 775 milliseconds.",231,167,14,42,http://stload.se.ifmo.ru:8080/?token=518477874&user=-1355069478&config=2,1432,0,0
1776025878347,1357,config 3 request,200,OK,config 3 3-10,text,false,"The operation lasted too long: It took 1,357 milliseconds, but should not have lasted longer than 775 milliseconds.",231,167,14,42,http://stload.se.ifmo.ru:8080/?token=518477874&user=-1355069478&config=3,1357,0,0
1776025878305,1399,config 3 request,200,OK,config 3 3-13,text,false,"The operation lasted too long: It took 1,399 milliseconds, but should not have lasted longer than 775 milliseconds.",231,167,14,42,http://stload.se.ifmo.ru:8080/?token=518477874&user=-1355069478&config=3,1399,0,0
1776025878528,1246,config 3 request,200,OK,config 3 3-1,text,false,"The operation lasted too long: It took 1,246 milliseconds, but should not have lasted longer than 775 milliseconds.",231,167,14,42,http://stload.se.ifmo.ru:8080/?token=518477874&user=-1355069478&config=3,1246,0,0
1776025878351,1626,config 2 request,200,OK,config 2 2-4,text,false,"The operation lasted too long: It took 1,626 milliseconds, but should not have lasted longer than 775 milliseconds.",231,167,14,42,http://stload.se.ifmo.ru:8080/?token=518477874&user=-1355069478&config=2,1626,0,0
1776025878747,1536,config 2 request,200,OK,config 2 2-7,text,false,"The operation lasted too long: It took 1,536 milliseconds, but should not have lasted longer than 775 milliseconds.",231,167,14,42,http://stload.se.ifmo.ru:8080/?token=518477874&user=-1355069478&config=2,1536,0,0
1776025878771,1512,config 3 request,200,OK,config 3 3-9,text,false,"The operation lasted too long: It took 1,512 milliseconds, but should not have lasted longer than 775 milliseconds.",231,167,14,42,http://stload.se.ifmo.ru:8080/?token=518477874&user=-1355069478&config=3,1512,0,0
1776025878952,1365,config 3 request,200,OK,config 3 3-3,text,false,"The operation lasted too long: It took 1,365 milliseconds, but should not have lasted longer than 775 milliseconds.",231,167,14,42,http://stload.se.ifmo.ru:8080/?token=518477874&user=-1355069478&config=3,1365,0,0
1776025878839,1478,config 2 request,200,OK,config 2 2-13,text,false,"The operation lasted too long: It took 1,478 milliseconds, but should not have lasted longer than 775 milliseconds.",231,167,14,42,http://stload.se.ifmo.ru:8080/?token=518477874&user=-1355069478&config=2,1478,0,0
1776025878839,1478,config 2 request,200,OK,config 2 2-3,text,false,"The operation lasted too long: It took 1,478 milliseconds, but should not have lasted longer than 775 milliseconds.",231,167,14,42,http://stload.se.ifmo.ru:8080/?token=518477874&user=-1355069478&config=2,1478,0,0
1776025879027,1290,config 3 request,200,OK,config 3 3-6,text,false,"The operation lasted too long: It took 1,290 milliseconds, but should not have lasted longer than 775 milliseconds.",231,167,14,42,http://stload.se.ifmo.ru:8080/?token=518477874&user=-1355069478&config=3,1290,0,0
1776025878919,1398,config 3 request,200,OK,config 3 3-12,text,false,"The operation lasted too long: It took 1,398 milliseconds, but should not have lasted longer than 775 milliseconds.",231,167,14,42,http://stload.se.ifmo.ru:8080/?token=518477874&user=-1355069478&config=3,1398,0,0
1776025878839,1524,config 2 request,200,OK,config 2 2-9,text,false,"The operation lasted too long: It took 1,524 milliseconds, but should not have lasted longer than 775 milliseconds.",231,167,14,42,http://stload.se.ifmo.ru:8080/?token=518477874&user=-1355069478&config=2,1524,0,0
1776025879001,1418,config 2 request,200,OK,config 2 2-11,text,false,"The operation lasted too long: It took 1,418 milliseconds, but should not have lasted longer than 775 milliseconds.",231,167,14,42,http://stload.se.ifmo.ru:8080/?token=518477874&user=-1355069478&config=2,1418,0,0
1776025879000,1512,config 2 request,200,OK,config 2 2-8,text,false,"The operation lasted too long: It took 1,512 milliseconds, but should not have lasted longer than 775 milliseconds.",231,167,14,42,http://stload.se.ifmo.ru:8080/?token=518477874&user=-1355069478&config=2,1512,0,0
1776025879217,1430,config 2 request,200,OK,config 2 2-6,text,false,"The operation lasted too long: It took 1,430 milliseconds, but should not have lasted longer than 775 milliseconds.",231,167,14,42,http://stload.se.ifmo.ru:8080/?token=518477874&user=-1355069478&config=2,1430,0,0
1776025879254,1393,config 3 request,200,OK,config 3 3-2,text,false,"The operation lasted too long: It took 1,393 milliseconds, but should not have lasted longer than 775 milliseconds.",231,167,14,42,http://stload.se.ifmo.ru:8080/?token=518477874&user=-1355069478&config=3,1393,0,0
1776025879240,1407,config 3 request,200,OK,config 3 3-5,text,false,"The operation lasted too long: It took 1,407 milliseconds, but should not have lasted longer than 775 milliseconds.",231,167,14,42,http://stload.se.ifmo.ru:8080/?token=518477874&user=-1355069478&config=3,1407,0,0
1776025879244,1403,config 3 request,200,OK,config 3 3-8,text,false,"The operation lasted too long: It took 1,403 milliseconds, but should not have lasted longer than 775 milliseconds.",231,167,14,42,http://stload.se.ifmo.ru:8080/?token=518477874&user=-1355069478&config=3,1403,0,0
1776025879478,1321,config 3 request,200,OK,config 3 3-11,text,false,"The operation lasted too long: It took 1,321 milliseconds, but should not have lasted longer than 775 milliseconds.",231,167,14,42,http://stload.se.ifmo.ru:8080/?token=518477874&user=-1355069478&config=3,1321,0,0
1776025879337,1462,config 2 request,200,OK,config 2 2-12,text,false,"The operation lasted too long: It took 1,462 milliseconds, but should not have lasted longer than 775 milliseconds.",231,167,14,42,http://stload.se.ifmo.ru:8080/?token=518477874&user=-1355069478&config=2,1462,0,0
1776025879349,1451,config 3 request,200,OK,config 3 3-14,text,false,"The operation lasted too long: It took 1,451 milliseconds, but should not have lasted longer than 775 milliseconds.",231,167,14,42,http://stload.se.ifmo.ru:8080/?token=518477874&user=-1355069478&config=3,1451,0,0
1776025879724,1356,config 2 request,200,OK,config 2 2-10,text,false,"The operation lasted too long: It took 1,356 milliseconds, but should not have lasted longer than 775 milliseconds.",231,167,14,42,http://stload.se.ifmo.ru:8080/?token=518477874&user=-1355069478&config=2,1356,0,0
1776025879544,1536,config 2 request,200,OK,config 2 2-14,text,false,"The operation lasted too long: It took 1,536 milliseconds, but should not have lasted longer than 775 milliseconds.",231,167,14,42,http://stload.se.ifmo.ru:8080/?token=518477874&user=-1355069478&config=2,1536,0,0
1776025879808,1416,config 3 request,200,OK,config 3 3-7,text,false,"The operation lasted too long: It took 1,416 milliseconds, but should not have lasted longer than 775 milliseconds.",231,167,14,42,http://stload.se.ifmo.ru:8080/?token=518477874&user=-1355069478&config=3,1416,0,0
1776025879724,1501,config 2 request,200,OK,config 2 2-5,text,false,"The operation lasted too long: It took 1,501 milliseconds, but should not have lasted longer than 775 milliseconds.",231,167,14,42,http://stload.se.ifmo.ru:8080/?token=518477874&user=-1355069478&config=2,1501,0,0
1776025879804,1455,config 3 request,200,OK,config 3 3-13,text,false,"The operation lasted too long: It took 1,455 milliseconds, but should not have lasted longer than 775 milliseconds.",231,167,14,42,http://stload.se.ifmo.ru:8080/?token=518477874&user=-1355069478&config=3,1455,0,0
1776025879804,1455,config 3 request,200,OK,config 3 3-4,text,false,"The operation lasted too long: It took 1,455 milliseconds, but should not have lasted longer than 775 milliseconds.",231,167,14,42,http://stload.se.ifmo.ru:8080/?token=518477874&user=-1355069478&config=3,1455,0,0
1776025879750,1510,config 2 request,200,OK,config 2 2-2,text,false,"The operation lasted too long: It took 1,510 milliseconds, but should not have lasted longer than 775 milliseconds.",231,167,14,42,http://stload.se.ifmo.ru:8080/?token=518477874&user=-1355069478&config=2,1510,0,0
1776025879849,1411,config 3 request,200,OK,config 3 3-10,text,false,"The operation lasted too long: It took 1,411 milliseconds, but should not have lasted longer than 775 milliseconds.",231,167,14,42,http://stload.se.ifmo.ru:8080/?token=518477874&user=-1355069478&config=3,1411,0,0
1776025879774,1533,config 2 request,200,OK,config 2 2-1,text,false,"The operation lasted too long: It took 1,533 milliseconds, but should not have lasted longer than 775 milliseconds.",231,167,14,42,http://stload.se.ifmo.ru:8080/?token=518477874&user=-1355069478&config=2,1533,0,0
1776025880028,1279,config 3 request,200,OK,config 3 3-1,text,false,"The operation lasted too long: It took 1,279 milliseconds, but should not have lasted longer than 775 milliseconds.",231,167,14,42,http://stload.se.ifmo.ru:8080/?token=518477874&user=-1355069478&config=3,1279,0,0
1776025880283,1117,config 3 request,200,OK,config 3 3-9,text,false,"The operation lasted too long: It took 1,117 milliseconds, but should not have lasted longer than 775 milliseconds.",231,167,14,42,http://stload.se.ifmo.ru:8080/?token=518477874&user=-1355069478&config=3,1117,0,0
1776025880283,1316,config 2 request,200,OK,config 2 2-7,text,false,"The operation lasted too long: It took 1,316 milliseconds, but should not have lasted longer than 775 milliseconds.",231,167,14,42,http://stload.se.ifmo.ru:8080/?token=518477874&user=-1355069478&config=2,1316,0,0
1776025879978,1621,config 2 request,200,OK,config 2 2-4,text,false,"The operation lasted too long: It took 1,621 milliseconds, but should not have lasted longer than 775 milliseconds.",231,167,14,42,http://stload.se.ifmo.ru:8080/?token=518477874&user=-1355069478&config=2,1621,0,0
1776025880416,1310,config 3 request,200,OK,config 3 3-12,text,false,"The operation lasted too long: It took 1,310 milliseconds, but should not have lasted longer than 775 milliseconds.",231,167,14,42,http://stload.se.ifmo.ru:8080/?token=518477874&user=-1355069478&config=3,1310,0,0
1776025880450,1289,config 3 request,200,OK,config 3 3-3,text,false,"The operation lasted too long: It took 1,289 milliseconds, but should not have lasted longer than 775 milliseconds.",231,167,14,42,http://stload.se.ifmo.ru:8080/?token=518477874&user=-1355069478&config=3,1289,0,0
1776025880345,1394,config 2 request,200,OK,config 2 2-3,text,false,"The operation lasted too long: It took 1,394 milliseconds, but should not have lasted longer than 775 milliseconds.",231,167,14,42,http://stload.se.ifmo.ru:8080/?token=518477874&user=-1355069478&config=2,1394,0,0
1776025880345,1395,config 2 request,200,OK,config 2 2-13,text,false,"The operation lasted too long: It took 1,395 milliseconds, but should not have lasted longer than 775 milliseconds.",231,167,14,42,http://stload.se.ifmo.ru:8080/?token=518477874&user=-1355069478&config=2,1395,0,0
1776025880364,1376,config 2 request,200,OK,config 2 2-9,text,false,"The operation lasted too long: It took 1,376 milliseconds, but should not have lasted longer than 775 milliseconds.",231,167,14,42,http://stload.se.ifmo.ru:8080/?token=518477874&user=-1355069478&config=2,1376,0,0
1776025880532,1338,config 3 request,200,OK,config 3 3-6,text,false,"The operation lasted too long: It took 1,338 milliseconds, but should not have lasted longer than 775 milliseconds.",231,167,14,42,http://stload.se.ifmo.ru:8080/?token=518477874&user=-1355069478&config=3,1338,0,0
1776025880503,1463,config 2 request,200,OK,config 2 2-11,text,false,"The operation lasted too long: It took 1,463 milliseconds, but should not have lasted longer than 775 milliseconds.",231,167,14,42,http://stload.se.ifmo.ru:8080/?token=518477874&user=-1355069478&config=2,1463,0,0
1776025880513,1493,config 2 request,200,OK,config 2 2-8,text,false,"The operation lasted too long: It took 1,493 milliseconds, but should not have lasted longer than 775 milliseconds.",231,167,14,42,http://stload.se.ifmo.ru:8080/?token=518477874&user=-1355069478&config=2,1493,0,0
1776025880742,1264,config 3 request,200,OK,config 3 3-5,text,false,"The operation lasted too long: It took 1,264 milliseconds, but should not have lasted longer than 775 milliseconds.",231,167,14,42,http://stload.se.ifmo.ru:8080/?token=518477874&user=-1355069478&config=3,1264,0,0
1776025880751,1397,config 3 request,200,OK,config 3 3-2,text,false,"The operation lasted too long: It took 1,397 milliseconds, but should not have lasted longer than 775 milliseconds.",231,167,14,42,http://stload.se.ifmo.ru:8080/?token=518477874&user=-1355069478&config=3,1397,0,0
1776025880748,1499,config 3 request,200,OK,config 3 3-8,text,false,"The operation lasted too long: It took 1,499 milliseconds, but should not have lasted longer than 775 milliseconds.",231,167,14,42,http://stload.se.ifmo.ru:8080/?token=518477874&user=-1355069478&config=3,1499,0,0
1776025880974,1314,config 3 request,200,OK,config 3 3-11,text,false,"The operation lasted too long: It took 1,314 milliseconds, but should not have lasted longer than 775 milliseconds.",231,167,14,42,http://stload.se.ifmo.ru:8080/?token=518477874&user=-1355069478&config=3,1314,0,0
1776025880851,1437,config 3 request,200,OK,config 3 3-14,text,false,"The operation lasted too long: It took 1,437 milliseconds, but should not have lasted longer than 775 milliseconds.",231,167,14,42,http://stload.se.ifmo.ru:8080/?token=518477874&user=-1355069478&config=3,1437,0,0
1776025880837,1635,config 2 request,200,OK,config 2 2-12,text,false,"The operation lasted too long: It took 1,635 milliseconds, but should not have lasted longer than 775 milliseconds.",231,167,14,42,http://stload.se.ifmo.ru:8080/?token=518477874&user=-1355069478&config=2,1635,0,0
1776025880723,1749,config 2 request,200,OK,config 2 2-6,text,false,"The operation lasted too long: It took 1,749 milliseconds, but should not have lasted longer than 775 milliseconds.",231,167,14,42,http://stload.se.ifmo.ru:8080/?token=518477874&user=-1355069478&config=2,1749,0,0
1776025881079,1392,config 2 request,200,OK,config 2 2-14,text,false,"The operation lasted too long: It took 1,392 milliseconds, but should not have lasted longer than 775 milliseconds.",231,167,14,42,http://stload.se.ifmo.ru:8080/?token=518477874&user=-1355069478&config=2,1392,0,0
1776025881305,1346,config 3 request,200,OK,config 3 3-13,text,false,"The operation lasted too long: It took 1,346 milliseconds, but should not have lasted longer than 775 milliseconds.",231,167,14,42,http://stload.se.ifmo.ru:8080/?token=518477874&user=-1355069478&config=3,1346,0,0
1776025881224,1427,config 2 request,200,OK,config 2 2-5,text,false,"The operation lasted too long: It took 1,427 milliseconds, but should not have lasted longer than 775 milliseconds.",231,167,14,42,http://stload.se.ifmo.ru:8080/?token=518477874&user=-1355069478&config=2,1427,0,0
1776025881224,1426,config 2 request,200,OK,config 2 2-10,text,false,"The operation lasted too long: It took 1,426 milliseconds, but should not have lasted longer than 775 milliseconds.",231,167,14,42,http://stload.se.ifmo.ru:8080/?token=518477874&user=-1355069478&config=2,1426,0,0
1776025881306,1413,config 3 request,200,OK,config 3 3-7,text,false,"The operation lasted too long: It took 1,413 milliseconds, but should not have lasted longer than 775 milliseconds.",231,167,14,42,http://stload.se.ifmo.ru:8080/?token=518477874&user=-1355069478&config=3,1413,0,0
1776025881306,1413,config 3 request,200,OK,config 3 3-4,text,false,"The operation lasted too long: It took 1,413 milliseconds, but should not have lasted longer than 775 milliseconds.",231,167,14,42,http://stload.se.ifmo.ru:8080/?token=518477874&user=-1355069478&config=3,1413,0,0
1776025881524,1262,config 3 request,200,OK,config 3 3-1,text,false,"The operation lasted too long: It took 1,262 milliseconds, but should not have lasted longer than 775 milliseconds.",231,167,14,42,http://stload.se.ifmo.ru:8080/?token=518477874&user=-1355069478&config=3,1262,0,0
1776025881259,1527,config 2 request,200,OK,config 2 2-2,text,false,"The operation lasted too long: It took 1,527 milliseconds, but should not have lasted longer than 775 milliseconds.",231,167,14,42,http://stload.se.ifmo.ru:8080/?token=518477874&user=-1355069478&config=2,1527,0,0
1776025881348,1438,config 3 request,200,OK,config 3 3-10,text,false,"The operation lasted too long: It took 1,438 milliseconds, but should not have lasted longer than 775 milliseconds.",231,167,14,42,http://stload.se.ifmo.ru:8080/?token=518477874&user=-1355069478&config=3,1438,0,0
1776025881306,1480,config 2 request,200,OK,config 2 2-1,text,false,"The operation lasted too long: It took 1,480 milliseconds, but should not have lasted longer than 775 milliseconds.",231,167,14,42,http://stload.se.ifmo.ru:8080/?token=518477874&user=-1355069478&config=2,1480,0,0
1776025881787,1214,config 3 request,200,OK,config 3 3-9,text,false,"The operation lasted too long: It took 1,214 milliseconds, but should not have lasted longer than 775 milliseconds.",231,167,14,42,http://stload.se.ifmo.ru:8080/?token=518477874&user=-1355069478&config=3,1214,0,0
1776025881950,1228,config 3 request,200,OK,config 3 3-3,text,false,"The operation lasted too long: It took 1,228 milliseconds, but should not have lasted longer than 775 milliseconds.",231,167,14,42,http://stload.se.ifmo.ru:8080/?token=518477874&user=-1355069478&config=3,1228,0,0
1776025881918,1260,config 3 request,200,OK,config 3 3-12,text,false,"The operation lasted too long: It took 1,260 milliseconds, but should not have lasted longer than 775 milliseconds.",231,167,14,42,http://stload.se.ifmo.ru:8080/?token=518477874&user=-1355069478&config=3,1260,0,0
1776025881598,1580,config 2 request,200,OK,config 2 2-4,text,false,"The operation lasted too long: It took 1,580 milliseconds, but should not have lasted longer than 775 milliseconds.",231,167,14,42,http://stload.se.ifmo.ru:8080/?token=518477874&user=-1355069478&config=2,1580,0,0
1776025881787,1431,config 2 request,200,OK,config 2 2-7,text,false,"The operation lasted too long: It took 1,431 milliseconds, but should not have lasted longer than 775 milliseconds.",231,167,14,42,http://stload.se.ifmo.ru:8080/?token=518477874&user=-1355069478&config=2,1431,0,0
1776025881843,1375,config 2 request,200,OK,config 2 2-13,text,false,"The operation lasted too long: It took 1,375 milliseconds, but should not have lasted longer than 775 milliseconds.",231,167,14,42,http://stload.se.ifmo.ru:8080/?token=518477874&user=-1355069478&config=2,1375,0,0
1776025881841,1532,config 2 request,200,OK,config 2 2-3,text,false,"The operation lasted too long: It took 1,532 milliseconds, but should not have lasted longer than 775 milliseconds.",231,167,14,42,http://stload.se.ifmo.ru:8080/?token=518477874&user=-1355069478&config=2,1532,0,0
1776025882027,1346,config 3 request,200,OK,config 3 3-6,text,false,"The operation lasted too long: It took 1,346 milliseconds, but should not have lasted longer than 775 milliseconds.",231,167,14,42,http://stload.se.ifmo.ru:8080/?token=518477874&user=-1355069478&config=3,1346,0,0
1776025881867,1506,config 2 request,200,OK,config 2 2-9,text,false,"The operation lasted too long: It took 1,506 milliseconds, but should not have lasted longer than 775 milliseconds.",231,167,14,42,http://stload.se.ifmo.ru:8080/?token=518477874&user=-1355069478&config=2,1506,0,0
1776025881999,1471,config 2 request,200,OK,config 2 2-11,text,false,"The operation lasted too long: It took 1,471 milliseconds, but should not have lasted longer than 775 milliseconds.",231,167,14,42,http://stload.se.ifmo.ru:8080/?token=518477874&user=-1355069478&config=2,1471,0,0
1776025882013,1457,config 2 request,200,OK,config 2 2-8,text,false,"The operation lasted too long: It took 1,457 milliseconds, but should not have lasted longer than 775 milliseconds.",231,167,14,42,http://stload.se.ifmo.ru:8080/?token=518477874&user=-1355069478&config=2,1457,0,0
1776025882240,1277,config 3 request,200,OK,config 3 3-5,text,false,"The operation lasted too long: It took 1,277 milliseconds, but should not have lasted longer than 775 milliseconds.",231,167,14,42,http://stload.se.ifmo.ru:8080/?token=518477874&user=-1355069478&config=3,1277,0,0
1776025882246,1271,config 3 request,200,OK,config 3 3-8,text,false,"The operation lasted too long: It took 1,271 milliseconds, but should not have lasted longer than 775 milliseconds.",231,167,14,42,http://stload.se.ifmo.ru:8080/?token=518477874&user=-1355069478&config=3,1271,0,0
1776025882251,1317,config 3 request,200,OK,config 3 3-2,text,false,"The operation lasted too long: It took 1,317 milliseconds, but should not have lasted longer than 775 milliseconds.",231,167,14,42,http://stload.se.ifmo.ru:8080/?token=518477874&user=-1355069478&config=3,1317,0,0
1776025882350,1355,config 3 request,200,OK,config 3 3-14,text,false,"The operation lasted too long: It took 1,355 milliseconds, but should not have lasted longer than 775 milliseconds.",231,167,14,42,http://stload.se.ifmo.ru:8080/?token=518477874&user=-1355069478&config=3,1355,0,0
1776025882476,1237,config 3 request,200,OK,config 3 3-11,text,false,"The operation lasted too long: It took 1,237 milliseconds, but should not have lasted longer than 775 milliseconds.",231,167,14,42,http://stload.se.ifmo.ru:8080/?token=518477874&user=-1355069478&config=3,1237,0,0
1776025882471,1492,config 2 request,200,OK,config 2 2-12,text,false,"The operation lasted too long: It took 1,492 milliseconds, but should not have lasted longer than 775 milliseconds.",231,167,14,42,http://stload.se.ifmo.ru:8080/?token=518477874&user=-1355069478&config=2,1492,0,0
1776025882471,1492,config 2 request,200,OK,config 2 2-6,text,false,"The operation lasted too long: It took 1,492 milliseconds, but should not have lasted longer than 775 milliseconds.",231,167,14,42,http://stload.se.ifmo.ru:8080/?token=518477874&user=-1355069478&config=2,1492,0,0
1776025882582,1452,config 2 request,200,OK,config 2 2-14,text,false,"The operation lasted too long: It took 1,452 milliseconds, but should not have lasted longer than 775 milliseconds.",231,167,14,42,http://stload.se.ifmo.ru:8080/?token=518477874&user=-1355069478&config=2,1452,0,0
1776025882806,1262,config 3 request,200,OK,config 3 3-13,text,false,"The operation lasted too long: It took 1,262 milliseconds, but should not have lasted longer than 775 milliseconds.",231,167,14,42,http://stload.se.ifmo.ru:8080/?token=518477874&user=-1355069478&config=3,1262,0,0
1776025882802,1266,config 3 request,200,OK,config 3 3-7,text,false,"The operation lasted too long: It took 1,266 milliseconds, but should not have lasted longer than 775 milliseconds.",231,167,14,42,http://stload.se.ifmo.ru:8080/?token=518477874&user=-1355069478&config=3,1266,0,0
1776025882724,1345,config 2 request,200,OK,config 2 2-10,text,false,"The operation lasted too long: It took 1,345 milliseconds, but should not have lasted longer than 775 milliseconds.",231,167,14,42,http://stload.se.ifmo.ru:8080/?token=518477874&user=-1355069478&config=2,1345,0,0
1776025882724,1490,config 2 request,200,OK,config 2 2-5,text,false,"The operation lasted too long: It took 1,490 milliseconds, but should not have lasted longer than 775 milliseconds.",231,167,14,42,http://stload.se.ifmo.ru:8080/?token=518477874&user=-1355069478&config=2,1490,0,0
1776025882849,1365,config 3 request,200,OK,config 3 3-10,text,false,"The operation lasted too long: It took 1,365 milliseconds, but should not have lasted longer than 775 milliseconds.",231,167,14,42,http://stload.se.ifmo.ru:8080/?token=518477874&user=-1355069478&config=3,1365,0,0
1776025882787,1428,config 2 request,200,OK,config 2 2-2,text,false,"The operation lasted too long: It took 1,428 milliseconds, but should not have lasted longer than 775 milliseconds.",231,167,14,42,http://stload.se.ifmo.ru:8080/?token=518477874&user=-1355069478&config=2,1428,0,0
1776025882805,1409,config 3 request,200,OK,config 3 3-4,text,false,"The operation lasted too long: It took 1,409 milliseconds, but should not have lasted longer than 775 milliseconds.",231,167,14,42,http://stload.se.ifmo.ru:8080/?token=518477874&user=-1355069478&config=3,1409,0,0
1776025882808,1535,config 2 request,200,OK,config 2 2-1,text,false,"The operation lasted too long: It took 1,535 milliseconds, but should not have lasted longer than 775 milliseconds.",231,167,14,42,http://stload.se.ifmo.ru:8080/?token=518477874&user=-1355069478&config=2,1535,0,0
1776025883027,1316,config 3 request,200,OK,config 3 3-1,text,false,"The operation lasted too long: It took 1,316 milliseconds, but should not have lasted longer than 775 milliseconds.",231,167,14,42,http://stload.se.ifmo.ru:8080/?token=518477874&user=-1355069478&config=3,1316,0,0
1776025883179,1509,config 2 request,200,OK,config 2 2-4,text,false,"The operation lasted too long: It took 1,509 milliseconds, but should not have lasted longer than 775 milliseconds.",231,167,14,42,http://stload.se.ifmo.ru:8080/?token=518477874&user=-1355069478&config=2,1509,0,0
1776025883418,1270,config 3 request,200,OK,config 3 3-12,text,false,"The operation lasted too long: It took 1,270 milliseconds, but should not have lasted longer than 775 milliseconds.",231,167,14,42,http://stload.se.ifmo.ru:8080/?token=518477874&user=-1355069478&config=3,1270,0,0
1776025883283,1405,config 3 request,200,OK,config 3 3-9,text,false,"The operation lasted too long: It took 1,405 milliseconds, but should not have lasted longer than 775 milliseconds.",231,167,14,42,http://stload.se.ifmo.ru:8080/?token=518477874&user=-1355069478&config=3,1405,0,0
1776025883283,1405,config 2 request,200,OK,config 2 2-7,text,false,"The operation lasted too long: It took 1,405 milliseconds, but should not have lasted longer than 775 milliseconds.",231,167,14,42,http://stload.se.ifmo.ru:8080/?token=518477874&user=-1355069478&config=2,1405,0,0
1776025883341,1438,config 2 request,200,OK,config 2 2-13,text,false,"The operation lasted too long: It took 1,438 milliseconds, but should not have lasted longer than 775 milliseconds.",231,167,14,42,http://stload.se.ifmo.ru:8080/?token=518477874&user=-1355069478&config=2,1438,0,0
1776025883449,1331,config 3 request,200,OK,config 3 3-3,text,false,"The operation lasted too long: It took 1,331 milliseconds, but should not have lasted longer than 775 milliseconds.",231,167,14,42,http://stload.se.ifmo.ru:8080/?token=518477874&user=-1355069478&config=3,1331,0,0
1776025883373,1407,config 2 request,200,OK,config 2 2-3,text,false,"The operation lasted too long: It took 1,407 milliseconds, but should not have lasted longer than 775 milliseconds.",231,167,14,42,http://stload.se.ifmo.ru:8080/?token=518477874&user=-1355069478&config=2,1407,0,0
1776025883373,1446,config 2 request,200,OK,config 2 2-9,text,false,"The operation lasted too long: It took 1,446 milliseconds, but should not have lasted longer than 775 milliseconds.",231,167,14,42,http://stload.se.ifmo.ru:8080/?token=518477874&user=-1355069478&config=2,1446,0,0
1776025883528,1393,config 3 request,200,OK,config 3 3-6,text,false,"The operation lasted too long: It took 1,393 milliseconds, but should not have lasted longer than 775 milliseconds.",231,167,14,42,http://stload.se.ifmo.ru:8080/?token=518477874&user=-1355069478&config=3,1393,0,0
1776025883515,1536,config 2 request,200,OK,config 2 2-8,text,false,"The operation lasted too long: It took 1,536 milliseconds, but should not have lasted longer than 775 milliseconds.",231,167,14,42,http://stload.se.ifmo.ru:8080/?token=518477874&user=-1355069478&config=2,1536,0,0
1776025883740,1311,config 3 request,200,OK,config 3 3-5,text,false,"The operation lasted too long: It took 1,311 milliseconds, but should not have lasted longer than 775 milliseconds.",231,167,14,42,http://stload.se.ifmo.ru:8080/?token=518477874&user=-1355069478&config=3,1311,0,0
1776025883498,1597,config 2 request,200,OK,config 2 2-11,text,false,"The operation lasted too long: It took 1,597 milliseconds, but should not have lasted longer than 775 milliseconds.",231,167,14,42,http://stload.se.ifmo.ru:8080/?token=518477874&user=-1355069478&config=2,1597,0,0
1776025883749,1346,config 3 request,200,OK,config 3 3-8,text,false,"The operation lasted too long: It took 1,346 milliseconds, but should not have lasted longer than 775 milliseconds.",231,167,14,42,http://stload.se.ifmo.ru:8080/?token=518477874&user=-1355069478&config=3,1346,0,0
1776025883847,1248,config 3 request,200,OK,config 3 3-14,text,false,"The operation lasted too long: It took 1,248 milliseconds, but should not have lasted longer than 775 milliseconds.",231,167,14,42,http://stload.se.ifmo.ru:8080/?token=518477874&user=-1355069478&config=3,1248,0,0
1776025883754,1342,config 3 request,200,OK,config 3 3-2,text,false,"The operation lasted too long: It took 1,342 milliseconds, but should not have lasted longer than 775 milliseconds.",231,167,14,42,http://stload.se.ifmo.ru:8080/?token=518477874&user=-1355069478&config=3,1342,0,0
1776025883973,1157,config 3 request,200,OK,config 3 3-11,text,false,"The operation lasted too long: It took 1,157 milliseconds, but should not have lasted longer than 775 milliseconds.",231,167,14,42,http://stload.se.ifmo.ru:8080/?token=518477874&user=-1355069478&config=3,1157,0,0
1776025883973,1342,config 2 request,200,OK,config 2 2-6,text,false,"The operation lasted too long: It took 1,342 milliseconds, but should not have lasted longer than 775 milliseconds.",231,167,14,42,http://stload.se.ifmo.ru:8080/?token=518477874&user=-1355069478&config=2,1342,0,0
1776025884082,1464,config 2 request,200,OK,config 2 2-14,text,false,"The operation lasted too long: It took 1,464 milliseconds, but should not have lasted longer than 775 milliseconds.",231,167,14,42,http://stload.se.ifmo.ru:8080/?token=518477874&user=-1355069478&config=2,1464,0,0
1776025883974,1572,config 2 request,200,OK,config 2 2-12,text,false,"The operation lasted too long: It took 1,572 milliseconds, but should not have lasted longer than 775 milliseconds.",231,167,14,42,http://stload.se.ifmo.ru:8080/?token=518477874&user=-1355069478&config=2,1572,0,0
1776025884225,1429,config 2 request,200,OK,config 2 2-10,text,false,"The operation lasted too long: It took 1,429 milliseconds, but should not have lasted longer than 775 milliseconds.",231,167,14,42,http://stload.se.ifmo.ru:8080/?token=518477874&user=-1355069478&config=2,1429,0,0
1776025884306,1348,config 3 request,200,OK,config 3 3-4,text,false,"The operation lasted too long: It took 1,348 milliseconds, but should not have lasted longer than 775 milliseconds.",231,167,14,42,http://stload.se.ifmo.ru:8080/?token=518477874&user=-1355069478&config=3,1348,0,0
1776025884302,1352,config 3 request,200,OK,config 3 3-7,text,false,"The operation lasted too long: It took 1,352 milliseconds, but should not have lasted longer than 775 milliseconds.",231,167,14,42,http://stload.se.ifmo.ru:8080/?token=518477874&user=-1355069478&config=3,1352,0,0
1776025884225,1429,config 2 request,200,OK,config 2 2-5,text,false,"The operation lasted too long: It took 1,429 milliseconds, but should not have lasted longer than 775 milliseconds.",231,167,14,42,http://stload.se.ifmo.ru:8080/?token=518477874&user=-1355069478&config=2,1429,0,0
1776025884306,1376,config 3 request,200,OK,config 3 3-13,text,false,"The operation lasted too long: It took 1,376 milliseconds, but should not have lasted longer than 775 milliseconds.",231,167,14,42,http://stload.se.ifmo.ru:8080/?token=518477874&user=-1355069478&config=3,1376,0,0
1776025884344,1435,config 3 request,200,OK,config 3 3-10,text,false,"The operation lasted too long: It took 1,435 milliseconds, but should not have lasted longer than 775 milliseconds.",231,167,14,42,http://stload.se.ifmo.ru:8080/?token=518477874&user=-1355069478&config=3,1435,0,0
1776025884291,1488,config 2 request,200,OK,config 2 2-2,text,false,"The operation lasted too long: It took 1,488 milliseconds, but should not have lasted longer than 775 milliseconds.",231,167,14,42,http://stload.se.ifmo.ru:8080/?token=518477874&user=-1355069478&config=2,1488,0,0
1776025884525,1290,config 3 request,200,OK,config 3 3-1,text,false,"The operation lasted too long: It took 1,290 milliseconds, but should not have lasted longer than 775 milliseconds.",231,167,14,42,http://stload.se.ifmo.ru:8080/?token=518477874&user=-1355069478&config=3,1290,0,0
1776025884784,1128,config 3 request,200,OK,config 3 3-9,text,false,"The operation lasted too long: It took 1,128 milliseconds, but should not have lasted longer than 775 milliseconds.",231,167,14,42,http://stload.se.ifmo.ru:8080/?token=518477874&user=-1355069478&config=3,1128,0,0
1776025884344,1660,config 2 request,200,OK,config 2 2-1,text,false,"The operation lasted too long: It took 1,660 milliseconds, but should not have lasted longer than 775 milliseconds.",231,167,14,42,http://stload.se.ifmo.ru:8080/?token=518477874&user=-1355069478&config=2,1660,0,0
1776025884688,1316,config 2 request,200,OK,config 2 2-4,text,false,"The operation lasted too long: It took 1,316 milliseconds, but should not have lasted longer than 775 milliseconds.",231,167,14,42,http://stload.se.ifmo.ru:8080/?token=518477874&user=-1355069478&config=2,1316,0,0
1776025884952,1277,config 3 request,200,OK,config 3 3-3,text,false,"The operation lasted too long: It took 1,277 milliseconds, but should not have lasted longer than 775 milliseconds.",231,167,14,42,http://stload.se.ifmo.ru:8080/?token=518477874&user=-1355069478&config=3,1277,0,0
1776025884785,1444,config 2 request,200,OK,config 2 2-7,text,false,"The operation lasted too long: It took 1,444 milliseconds, but should not have lasted longer than 775 milliseconds.",231,167,14,42,http://stload.se.ifmo.ru:8080/?token=518477874&user=-1355069478&config=2,1444,0,0
1776025884918,1311,config 3 request,200,OK,config 3 3-12,text,false,"The operation lasted too long: It took 1,311 milliseconds, but should not have lasted longer than 775 milliseconds.",231,167,14,42,http://stload.se.ifmo.ru:8080/?token=518477874&user=-1355069478&config=3,1311,0,0
1776025884841,1424,config 2 request,200,OK,config 2 2-13,text,false,"The operation lasted too long: It took 1,424 milliseconds, but should not have lasted longer than 775 milliseconds.",231,167,14,42,http://stload.se.ifmo.ru:8080/?token=518477874&user=-1355069478&config=2,1424,0,0
1776025884873,1392,config 2 request,200,OK,config 2 2-3,text,false,"The operation lasted too long: It took 1,392 milliseconds, but should not have lasted longer than 775 milliseconds.",231,167,14,42,http://stload.se.ifmo.ru:8080/?token=518477874&user=-1355069478&config=2,1392,0,0
1776025884873,1506,config 2 request,200,OK,config 2 2-9,text,false,"The operation lasted too long: It took 1,506 milliseconds, but should not have lasted longer than 775 milliseconds.",231,167,14,42,http://stload.se.ifmo.ru:8080/?token=518477874&user=-1355069478&config=2,1506,0,0
1776025885031,1348,config 3 request,200,OK,config 3 3-6,text,false,"The operation lasted too long: It took 1,348 milliseconds, but should not have lasted longer than 775 milliseconds.",231,167,14,42,http://stload.se.ifmo.ru:8080/?token=518477874&user=-1355069478&config=3,1348,0,0
1776025885051,1465,config 2 request,200,OK,config 2 2-8,text,false,"The operation lasted too long: It took 1,465 milliseconds, but should not have lasted longer than 775 milliseconds.",231,167,14,42,http://stload.se.ifmo.ru:8080/?token=518477874&user=-1355069478&config=2,1465,0,0
1776025885240,1375,config 3 request,200,OK,config 3 3-5,text,false,"The operation lasted too long: It took 1,375 milliseconds, but should not have lasted longer than 775 milliseconds.",231,167,14,42,http://stload.se.ifmo.ru:8080/?token=518477874&user=-1355069478&config=3,1375,0,0
1776025885253,1370,config 3 request,200,OK,config 3 3-2,text,false,"The operation lasted too long: It took 1,370 milliseconds, but should not have lasted longer than 775 milliseconds.",231,167,14,42,http://stload.se.ifmo.ru:8080/?token=518477874&user=-1355069478&config=3,1370,0,0
1776025885350,1273,config 3 request,200,OK,config 3 3-14,text,false,"The operation lasted too long: It took 1,273 milliseconds, but should not have lasted longer than 775 milliseconds.",231,167,14,42,http://stload.se.ifmo.ru:8080/?token=518477874&user=-1355069478&config=3,1273,0,0
1776025885248,1375,config 3 request,200,OK,config 3 3-8,text,false,"The operation lasted too long: It took 1,375 milliseconds, but should not have lasted longer than 775 milliseconds.",231,167,14,42,http://stload.se.ifmo.ru:8080/?token=518477874&user=-1355069478&config=3,1375,0,0
1776025885472,1176,config 3 request,200,OK,config 3 3-11,text,false,"The operation lasted too long: It took 1,176 milliseconds, but should not have lasted longer than 775 milliseconds.",231,167,14,42,http://stload.se.ifmo.ru:8080/?token=518477874&user=-1355069478&config=3,1176,0,0
1776025885096,1604,config 2 request,200,OK,config 2 2-11,text,false,"The operation lasted too long: It took 1,604 milliseconds, but should not have lasted longer than 775 milliseconds.",231,167,14,42,http://stload.se.ifmo.ru:8080/?token=518477874&user=-1355069478&config=2,1604,0,0
1776025885472,1363,config 2 request,200,OK,config 2 2-6,text,false,"The operation lasted too long: It took 1,363 milliseconds, but should not have lasted longer than 775 milliseconds.",231,167,14,42,http://stload.se.ifmo.ru:8080/?token=518477874&user=-1355069478&config=2,1363,0,0
1776025885546,1518,config 2 request,200,OK,config 2 2-12,text,false,"The operation lasted too long: It took 1,518 milliseconds, but should not have lasted longer than 775 milliseconds.",231,167,14,42,http://stload.se.ifmo.ru:8080/?token=518477874&user=-1355069478&config=2,1518,0,0
1776025885584,1480,config 2 request,200,OK,config 2 2-14,text,false,"The operation lasted too long: It took 1,480 milliseconds, but should not have lasted longer than 775 milliseconds.",231,167,14,42,http://stload.se.ifmo.ru:8080/?token=518477874&user=-1355069478&config=2,1479,0,0
1776025885803,1261,config 3 request,200,OK,config 3 3-13,text,false,"The operation lasted too long: It took 1,261 milliseconds, but should not have lasted longer than 775 milliseconds.",231,167,14,42,http://stload.se.ifmo.ru:8080/?token=518477874&user=-1355069478&config=3,1261,0,0
1776025885806,1302,config 3 request,200,OK,config 3 3-7,text,false,"The operation lasted too long: It took 1,302 milliseconds, but should not have lasted longer than 775 milliseconds.",231,167,14,42,http://stload.se.ifmo.ru:8080/?token=518477874&user=-1355069478&config=3,1302,0,0
1776025885806,1445,config 3 request,200,OK,config 3 3-4,text,false,"The operation lasted too long: It took 1,445 milliseconds, but should not have lasted longer than 775 milliseconds.",231,167,14,42,http://stload.se.ifmo.ru:8080/?token=518477874&user=-1355069478&config=3,1445,0,0
1776025885724,1528,config 2 request,200,OK,config 2 2-10,text,false,"The operation lasted too long: It took 1,528 milliseconds, but should not have lasted longer than 775 milliseconds.",231,167,14,42,http://stload.se.ifmo.ru:8080/?token=518477874&user=-1355069478&config=2,1528,0,0
1776025885725,1527,config 2 request,200,OK,config 2 2-5,text,false,"The operation lasted too long: It took 1,527 milliseconds, but should not have lasted longer than 775 milliseconds.",231,167,14,42,http://stload.se.ifmo.ru:8080/?token=518477874&user=-1355069478&config=2,1527,0,0
1776025885847,1498,config 3 request,200,OK,config 3 3-10,text,false,"The operation lasted too long: It took 1,498 milliseconds, but should not have lasted longer than 775 milliseconds.",231,167,14,42,http://stload.se.ifmo.ru:8080/?token=518477874&user=-1355069478&config=3,1498,0,0
1776025886028,1358,config 3 request,200,OK,config 3 3-1,text,false,"The operation lasted too long: It took 1,358 milliseconds, but should not have lasted longer than 775 milliseconds.",231,167,14,42,http://stload.se.ifmo.ru:8080/?token=518477874&user=-1355069478&config=3,1358,0,0
1776025885789,1597,config 2 request,200,OK,config 2 2-2,text,false,"The operation lasted too long: It took 1,597 milliseconds, but should not have lasted longer than 775 milliseconds.",231,167,14,42,http://stload.se.ifmo.ru:8080/?token=518477874&user=-1355069478&config=2,1597,0,0
1776025886004,1537,config 2 request,200,OK,config 2 2-1,text,false,"The operation lasted too long: It took 1,537 milliseconds, but should not have lasted longer than 775 milliseconds.",231,167,14,42,http://stload.se.ifmo.ru:8080/?token=518477874&user=-1355069478&config=2,1537,0,0
1776025886287,1295,config 3 request,200,OK,config 3 3-9,text,false,"The operation lasted too long: It took 1,295 milliseconds, but should not have lasted longer than 775 milliseconds.",231,167,14,42,http://stload.se.ifmo.ru:8080/?token=518477874&user=-1355069478&config=3,1295,0,0
1776025886192,1390,config 2 request,200,OK,config 2 2-4,text,false,"The operation lasted too long: It took 1,390 milliseconds, but should not have lasted longer than 775 milliseconds.",231,167,14,42,http://stload.se.ifmo.ru:8080/?token=518477874&user=-1355069478&config=2,1390,0,0
1776025886416,1300,config 3 request,200,OK,config 3 3-12,text,false,"The operation lasted too long: It took 1,300 milliseconds, but should not have lasted longer than 775 milliseconds.",231,167,14,42,http://stload.se.ifmo.ru:8080/?token=518477874&user=-1355069478&config=3,1300,0,0
1776025886451,1265,config 3 request,200,OK,config 3 3-3,text,false,"The operation lasted too long: It took 1,265 milliseconds, but should not have lasted longer than 775 milliseconds.",231,167,14,42,http://stload.se.ifmo.ru:8080/?token=518477874&user=-1355069478&config=3,1265,0,0
1776025886528,1188,config 3 request,200,OK,config 3 3-6,text,false,"The operation lasted too long: It took 1,188 milliseconds, but should not have lasted longer than 775 milliseconds.",231,167,14,42,http://stload.se.ifmo.ru:8080/?token=518477874&user=-1355069478&config=3,1188,0,0
1776025886287,1429,config 2 request,200,OK,config 2 2-7,text,false,"The operation lasted too long: It took 1,429 milliseconds, but should not have lasted longer than 775 milliseconds.",231,167,14,42,http://stload.se.ifmo.ru:8080/?token=518477874&user=-1355069478&config=2,1429,0,0
1776025886343,1409,config 2 request,200,OK,config 2 2-13,text,false,"The operation lasted too long: It took 1,409 milliseconds, but should not have lasted longer than 775 milliseconds.",231,167,14,42,http://stload.se.ifmo.ru:8080/?token=518477874&user=-1355069478&config=2,1409,0,0
1776025886379,1466,config 2 request,200,OK,config 2 2-9,text,false,"The operation lasted too long: It took 1,466 milliseconds, but should not have lasted longer than 775 milliseconds.",231,167,14,42,http://stload.se.ifmo.ru:8080/?token=518477874&user=-1355069478&config=2,1466,0,0
1776025886378,1467,config 2 request,200,OK,config 2 2-3,text,false,"The operation lasted too long: It took 1,467 milliseconds, but should not have lasted longer than 775 milliseconds.",231,167,14,42,http://stload.se.ifmo.ru:8080/?token=518477874&user=-1355069478&config=2,1467,0,0
1776025886555,1468,config 2 request,200,OK,config 2 2-8,text,false,"The operation lasted too long: It took 1,468 milliseconds, but should not have lasted longer than 775 milliseconds.",231,167,14,42,http://stload.se.ifmo.ru:8080/?token=518477874&user=-1355069478&config=2,1468,0,0
1776025886741,1452,config 3 request,200,OK,config 3 3-5,text,false,"The operation lasted too long: It took 1,452 milliseconds, but should not have lasted longer than 775 milliseconds.",231,167,14,42,http://stload.se.ifmo.ru:8080/?token=518477874&user=-1355069478&config=3,1452,0,0
1776025886753,1440,config 3 request,200,OK,config 3 3-2,text,false,"The operation lasted too long: It took 1,440 milliseconds, but should not have lasted longer than 775 milliseconds.",231,167,14,42,http://stload.se.ifmo.ru:8080/?token=518477874&user=-1355069478&config=3,1440,0,0
1776025886750,1443,config 3 request,200,OK,config 3 3-8,text,false,"The operation lasted too long: It took 1,443 milliseconds, but should not have lasted longer than 775 milliseconds.",231,167,14,42,http://stload.se.ifmo.ru:8080/?token=518477874&user=-1355069478&config=3,1443,0,0
1776025886974,1253,config 3 request,200,OK,config 3 3-11,text,false,"The operation lasted too long: It took 1,253 milliseconds, but should not have lasted longer than 775 milliseconds.",231,167,14,42,http://stload.se.ifmo.ru:8080/?token=518477874&user=-1355069478&config=3,1253,0,0
1776025886847,1380,config 3 request,200,OK,config 3 3-14,text,false,"The operation lasted too long: It took 1,380 milliseconds, but should not have lasted longer than 775 milliseconds.",231,167,14,42,http://stload.se.ifmo.ru:8080/?token=518477874&user=-1355069478&config=3,1380,0,0
1776025886701,1697,config 2 request,200,OK,config 2 2-11,text,false,"The operation lasted too long: It took 1,697 milliseconds, but should not have lasted longer than 775 milliseconds.",231,167,14,42,http://stload.se.ifmo.ru:8080/?token=518477874&user=-1355069478&config=2,1697,0,0
1776025886974,1424,config 2 request,200,OK,config 2 2-6,text,false,"The operation lasted too long: It took 1,424 milliseconds, but should not have lasted longer than 775 milliseconds.",231,167,14,42,http://stload.se.ifmo.ru:8080/?token=518477874&user=-1355069478&config=2,1424,0,0
1776025887307,1131,config 3 request,200,OK,config 3 3-13,text,false,"The operation lasted too long: It took 1,131 milliseconds, but should not have lasted longer than 775 milliseconds.",231,167,14,42,http://stload.se.ifmo.ru:8080/?token=518477874&user=-1355069478&config=3,1131,0,0
1776025887082,1442,config 2 request,200,OK,config 2 2-14,text,false,"The operation lasted too long: It took 1,442 milliseconds, but should not have lasted longer than 775 milliseconds.",231,167,14,42,http://stload.se.ifmo.ru:8080/?token=518477874&user=-1355069478&config=2,1442,0,0
1776025887064,1460,config 2 request,200,OK,config 2 2-12,text,false,"The operation lasted too long: It took 1,460 milliseconds, but should not have lasted longer than 775 milliseconds.",231,167,14,42,http://stload.se.ifmo.ru:8080/?token=518477874&user=-1355069478&config=2,1460,0,0
1776025887303,1221,config 3 request,200,OK,config 3 3-4,text,false,"The operation lasted too long: It took 1,221 milliseconds, but should not have lasted longer than 775 milliseconds.",231,167,14,42,http://stload.se.ifmo.ru:8080/?token=518477874&user=-1355069478&config=3,1221,0,0
1776025887307,1237,config 3 request,200,OK,config 3 3-7,text,false,"The operation lasted too long: It took 1,237 milliseconds, but should not have lasted longer than 775 milliseconds.",231,167,14,42,http://stload.se.ifmo.ru:8080/?token=518477874&user=-1355069478&config=3,1237,0,0
1776025887345,1261,config 3 request,200,OK,config 3 3-10,text,false,"The operation lasted too long: It took 1,261 milliseconds, but should not have lasted longer than 775 milliseconds.",231,167,14,42,http://stload.se.ifmo.ru:8080/?token=518477874&user=-1355069478&config=3,1261,0,0
1776025887252,1354,config 2 request,200,OK,config 2 2-10,text,false,"The operation lasted too long: It took 1,354 milliseconds, but should not have lasted longer than 775 milliseconds.",231,167,14,42,http://stload.se.ifmo.ru:8080/?token=518477874&user=-1355069478&config=2,1354,0,0
1776025887525,1175,config 3 request,200,OK,config 3 3-1,text,false,"The operation lasted too long: It took 1,175 milliseconds, but should not have lasted longer than 775 milliseconds.",231,167,14,42,http://stload.se.ifmo.ru:8080/?token=518477874&user=-1355069478&config=3,1175,0,0
1776025887253,1611,config 2 request,200,OK,config 2 2-5,text,false,"The operation lasted too long: It took 1,611 milliseconds, but should not have lasted longer than 775 milliseconds.",231,167,14,42,http://stload.se.ifmo.ru:8080/?token=518477874&user=-1355069478&config=2,1611,0,0
1776025887387,1515,config 2 request,200,OK,config 2 2-2,text,false,"The operation lasted too long: It took 1,515 milliseconds, but should not have lasted longer than 775 milliseconds.",231,167,14,42,http://stload.se.ifmo.ru:8080/?token=518477874&user=-1355069478&config=2,1515,0,0
1776025887542,1454,config 2 request,200,OK,config 2 2-1,text,false,"The operation lasted too long: It took 1,454 milliseconds, but should not have lasted longer than 775 milliseconds.",231,167,14,42,http://stload.se.ifmo.ru:8080/?token=518477874&user=-1355069478&config=2,1454,0,0
1776025887788,1208,config 3 request,200,OK,config 3 3-9,text,false,"The operation lasted too long: It took 1,208 milliseconds, but should not have lasted longer than 775 milliseconds.",231,167,14,42,http://stload.se.ifmo.ru:8080/?token=518477874&user=-1355069478&config=3,1208,0,0
1776025887689,1512,config 2 request,200,OK,config 2 2-4,text,false,"The operation lasted too long: It took 1,512 milliseconds, but should not have lasted longer than 775 milliseconds.",231,167,14,42,http://stload.se.ifmo.ru:8080/?token=518477874&user=-1355069478&config=2,1512,0,0
1776025887918,1284,config 3 request,200,OK,config 3 3-12,text,false,"The operation lasted too long: It took 1,284 milliseconds, but should not have lasted longer than 775 milliseconds.",231,167,14,42,http://stload.se.ifmo.ru:8080/?token=518477874&user=-1355069478&config=3,1284,0,0
1776025887788,1415,config 2 request,200,OK,config 2 2-7,text,false,"The operation lasted too long: It took 1,415 milliseconds, but should not have lasted longer than 775 milliseconds.",231,167,14,42,http://stload.se.ifmo.ru:8080/?token=518477874&user=-1355069478&config=2,1415,0,0
1776025887840,1452,config 2 request,200,OK,config 2 2-13,text,false,"The operation lasted too long: It took 1,452 milliseconds, but should not have lasted longer than 775 milliseconds.",231,167,14,42,http://stload.se.ifmo.ru:8080/?token=518477874&user=-1355069478&config=2,1452,0,0
1776025887948,1344,config 3 request,200,OK,config 3 3-3,text,false,"The operation lasted too long: It took 1,344 milliseconds, but should not have lasted longer than 775 milliseconds.",231,167,14,42,http://stload.se.ifmo.ru:8080/?token=518477874&user=-1355069478&config=3,1344,0,0
1776025887876,1417,config 2 request,200,OK,config 2 2-3,text,false,"The operation lasted too long: It took 1,417 milliseconds, but should not have lasted longer than 775 milliseconds.",231,167,14,42,http://stload.se.ifmo.ru:8080/?token=518477874&user=-1355069478&config=2,1417,0,0
1776025887883,1410,config 2 request,200,OK,config 2 2-9,text,false,"The operation lasted too long: It took 1,410 milliseconds, but should not have lasted longer than 775 milliseconds.",231,167,14,42,http://stload.se.ifmo.ru:8080/?token=518477874&user=-1355069478&config=2,1410,0,0
1776025888248,1223,config 3 request,200,OK,config 3 3-8,text,false,"The operation lasted too long: It took 1,223 milliseconds, but should not have lasted longer than 775 milliseconds.",231,167,14,42,http://stload.se.ifmo.ru:8080/?token=518477874&user=-1355069478&config=3,1223,0,0
1776025888053,1418,config 2 request,200,OK,config 2 2-8,text,false,"The operation lasted too long: It took 1,418 milliseconds, but should not have lasted longer than 775 milliseconds.",231,167,14,42,http://stload.se.ifmo.ru:8080/?token=518477874&user=-1355069478&config=2,1418,0,0
1776025888031,1440,config 3 request,200,OK,config 3 3-6,text,false,"The operation lasted too long: It took 1,440 milliseconds, but should not have lasted longer than 775 milliseconds.",231,167,14,42,http://stload.se.ifmo.ru:8080/?token=518477874&user=-1355069478&config=3,1440,0,0
1776025888240,1271,config 3 request,200,OK,config 3 3-5,text,false,"The operation lasted too long: It took 1,271 milliseconds, but should not have lasted longer than 775 milliseconds.",231,167,14,42,http://stload.se.ifmo.ru:8080/?token=518477874&user=-1355069478&config=3,1271,0,0
1776025888250,1261,config 3 request,200,OK,config 3 3-2,text,false,"The operation lasted too long: It took 1,261 milliseconds, but should not have lasted longer than 775 milliseconds.",231,167,14,42,http://stload.se.ifmo.ru:8080/?token=518477874&user=-1355069478&config=3,1261,0,0
1776025888474,1131,config 3 request,200,OK,config 3 3-11,text,false,"The operation lasted too long: It took 1,131 milliseconds, but should not have lasted longer than 775 milliseconds.",231,167,14,42,http://stload.se.ifmo.ru:8080/?token=518477874&user=-1355069478&config=3,1131,0,0
1776025888347,1258,config 3 request,200,OK,config 3 3-14,text,false,"The operation lasted too long: It took 1,258 milliseconds, but should not have lasted longer than 775 milliseconds.",231,167,14,42,http://stload.se.ifmo.ru:8080/?token=518477874&user=-1355069478&config=3,1258,0,0
1776025888475,1362,config 2 request,200,OK,config 2 2-6,text,false,"The operation lasted too long: It took 1,362 milliseconds, but should not have lasted longer than 775 milliseconds.",231,167,14,42,http://stload.se.ifmo.ru:8080/?token=518477874&user=-1355069478&config=2,1362,0,0
1776025888398,1439,config 2 request,200,OK,config 2 2-11,text,false,"The operation lasted too long: It took 1,439 milliseconds, but should not have lasted longer than 775 milliseconds.",231,167,14,42,http://stload.se.ifmo.ru:8080/?token=518477874&user=-1355069478&config=2,1439,0,0
1776025888567,1448,config 2 request,200,OK,config 2 2-12,text,false,"The operation lasted too long: It took 1,448 milliseconds, but should not have lasted longer than 775 milliseconds.",231,167,14,42,http://stload.se.ifmo.ru:8080/?token=518477874&user=-1355069478&config=2,1448,0,0
1776025888806,1360,config 3 request,200,OK,config 3 3-7,text,false,"The operation lasted too long: It took 1,360 milliseconds, but should not have lasted longer than 775 milliseconds.",231,167,14,42,http://stload.se.ifmo.ru:8080/?token=518477874&user=-1355069478&config=3,1360,0,0
1776025888804,1362,config 3 request,200,OK,config 3 3-13,text,false,"The operation lasted too long: It took 1,362 milliseconds, but should not have lasted longer than 775 milliseconds.",231,167,14,42,http://stload.se.ifmo.ru:8080/?token=518477874&user=-1355069478&config=3,1362,0,0
1776025888584,1582,config 2 request,200,OK,config 2 2-14,text,false,"The operation lasted too long: It took 1,582 milliseconds, but should not have lasted longer than 775 milliseconds.",231,167,14,42,http://stload.se.ifmo.ru:8080/?token=518477874&user=-1355069478&config=2,1582,0,0
1776025888752,1449,config 2 request,200,OK,config 2 2-10,text,false,"The operation lasted too long: It took 1,449 milliseconds, but should not have lasted longer than 775 milliseconds.",231,167,14,42,http://stload.se.ifmo.ru:8080/?token=518477874&user=-1355069478&config=2,1449,0,0
1776025889027,1214,config 3 request,200,OK,config 3 3-1,text,false,"The operation lasted too long: It took 1,214 milliseconds, but should not have lasted longer than 775 milliseconds.",231,167,14,42,http://stload.se.ifmo.ru:8080/?token=518477874&user=-1355069478&config=3,1214,0,0
1776025888849,1392,config 3 request,200,OK,config 3 3-10,text,false,"The operation lasted too long: It took 1,392 milliseconds, but should not have lasted longer than 775 milliseconds.",231,167,14,42,http://stload.se.ifmo.ru:8080/?token=518477874&user=-1355069478&config=3,1392,0,0
1776025888802,1439,config 3 request,200,OK,config 3 3-4,text,false,"The operation lasted too long: It took 1,439 milliseconds, but should not have lasted longer than 775 milliseconds.",231,167,14,42,http://stload.se.ifmo.ru:8080/?token=518477874&user=-1355069478&config=3,1439,0,0
1776025889285,1101,config 3 request,200,OK,config 3 3-9,text,false,"The operation lasted too long: It took 1,101 milliseconds, but should not have lasted longer than 775 milliseconds.",231,167,14,42,http://stload.se.ifmo.ru:8080/?token=518477874&user=-1355069478&config=3,1101,0,0
1776025888903,1525,config 2 request,200,OK,config 2 2-2,text,false,"The operation lasted too long: It took 1,525 milliseconds, but should not have lasted longer than 775 milliseconds.",231,167,14,42,http://stload.se.ifmo.ru:8080/?token=518477874&user=-1355069478&config=2,1524,0,0
1776025888865,1563,config 2 request,200,OK,config 2 2-5,text,false,"The operation lasted too long: It took 1,563 milliseconds, but should not have lasted longer than 775 milliseconds.",231,167,14,42,http://stload.se.ifmo.ru:8080/?token=518477874&user=-1355069478&config=2,1562,0,0
1776025889044,1423,config 2 request,200,OK,config 2 2-1,text,false,"The operation lasted too long: It took 1,423 milliseconds, but should not have lasted longer than 775 milliseconds.",231,167,14,42,http://stload.se.ifmo.ru:8080/?token=518477874&user=-1355069478&config=2,1423,0,0
1776025889202,1441,config 2 request,200,OK,config 2 2-4,text,false,"The operation lasted too long: It took 1,441 milliseconds, but should not have lasted longer than 775 milliseconds.",231,167,14,42,http://stload.se.ifmo.ru:8080/?token=518477874&user=-1355069478&config=2,1441,0,0
1776025889417,1226,config 3 request,200,OK,config 3 3-12,text,false,"The operation lasted too long: It took 1,226 milliseconds, but should not have lasted longer than 775 milliseconds.",231,167,14,42,http://stload.se.ifmo.ru:8080/?token=518477874&user=-1355069478&config=3,1226,0,0
1776025889344,1439,config 2 request,200,OK,config 2 2-13,text,false,"The operation lasted too long: It took 1,439 milliseconds, but should not have lasted longer than 775 milliseconds.",231,167,14,42,http://stload.se.ifmo.ru:8080/?token=518477874&user=-1355069478&config=2,1439,0,0
1776025889286,1497,config 2 request,200,OK,config 2 2-7,text,false,"The operation lasted too long: It took 1,497 milliseconds, but should not have lasted longer than 775 milliseconds.",231,167,14,42,http://stload.se.ifmo.ru:8080/?token=518477874&user=-1355069478&config=2,1497,0,0
1776025889375,1408,config 2 request,200,OK,config 2 2-3,text,false,"The operation lasted too long: It took 1,408 milliseconds, but should not have lasted longer than 775 milliseconds.",231,167,14,42,http://stload.se.ifmo.ru:8080/?token=518477874&user=-1355069478&config=2,1408,0,0
1776025889452,1331,config 3 request,200,OK,config 3 3-3,text,false,"The operation lasted too long: It took 1,331 milliseconds, but should not have lasted longer than 775 milliseconds.",231,167,14,42,http://stload.se.ifmo.ru:8080/?token=518477874&user=-1355069478&config=3,1331,0,0
1776025889531,1287,config 3 request,200,OK,config 3 3-6,text,false,"The operation lasted too long: It took 1,287 milliseconds, but should not have lasted longer than 775 milliseconds.",231,167,14,42,http://stload.se.ifmo.ru:8080/?token=518477874&user=-1355069478&config=3,1287,0,0
1776025889384,1618,config 2 request,200,OK,config 2 2-9,text,false,"The operation lasted too long: It took 1,618 milliseconds, but should not have lasted longer than 775 milliseconds.",231,167,14,42,http://stload.se.ifmo.ru:8080/?token=518477874&user=-1355069478&config=2,1618,0,0
1776025889751,1251,config 3 request,200,OK,config 3 3-8,text,false,"The operation lasted too long: It took 1,251 milliseconds, but should not have lasted longer than 775 milliseconds.",231,167,14,42,http://stload.se.ifmo.ru:8080/?token=518477874&user=-1355069478&config=3,1251,0,0
1776025889738,1264,config 3 request,200,OK,config 3 3-5,text,false,"The operation lasted too long: It took 1,264 milliseconds, but should not have lasted longer than 775 milliseconds.",231,167,14,42,http://stload.se.ifmo.ru:8080/?token=518477874&user=-1355069478&config=3,1264,0,0
1776025889751,1251,config 3 request,200,OK,config 3 3-2,text,false,"The operation lasted too long: It took 1,251 milliseconds, but should not have lasted longer than 775 milliseconds.",231,167,14,42,http://stload.se.ifmo.ru:8080/?token=518477874&user=-1355069478&config=3,1251,0,0
1776025889849,1183,config 3 request,200,OK,config 3 3-14,text,false,"The operation lasted too long: It took 1,183 milliseconds, but should not have lasted longer than 775 milliseconds.",231,167,14,42,http://stload.se.ifmo.ru:8080/?token=518477874&user=-1355069478&config=3,1183,0,0
1776025889554,1537,config 2 request,200,OK,config 2 2-8,text,false,"The operation lasted too long: It took 1,537 milliseconds, but should not have lasted longer than 775 milliseconds.",231,167,14,42,http://stload.se.ifmo.ru:8080/?token=518477874&user=-1355069478&config=2,1537,0,0
1776025889973,1192,config 3 request,200,OK,config 3 3-11,text,false,"The operation lasted too long: It took 1,192 milliseconds, but should not have lasted longer than 775 milliseconds.",231,167,14,42,http://stload.se.ifmo.ru:8080/?token=518477874&user=-1355069478&config=3,1192,0,0
1776025889977,1417,config 2 request,200,OK,config 2 2-6,text,false,"The operation lasted too long: It took 1,417 milliseconds, but should not have lasted longer than 775 milliseconds.",231,167,14,42,http://stload.se.ifmo.ru:8080/?token=518477874&user=-1355069478&config=2,1417,0,0
1776025889900,1494,config 2 request,200,OK,config 2 2-11,text,false,"The operation lasted too long: It took 1,494 milliseconds, but should not have lasted longer than 775 milliseconds.",231,167,14,42,http://stload.se.ifmo.ru:8080/?token=518477874&user=-1355069478&config=2,1494,0,0
1776025890065,1513,config 2 request,200,OK,config 2 2-12,text,false,"The operation lasted too long: It took 1,513 milliseconds, but should not have lasted longer than 775 milliseconds.",231,167,14,42,http://stload.se.ifmo.ru:8080/?token=518477874&user=-1355069478&config=2,1513,0,0
1776025890307,1271,config 3 request,200,OK,config 3 3-7,text,false,"The operation lasted too long: It took 1,271 milliseconds, but should not have lasted longer than 775 milliseconds.",231,167,14,42,http://stload.se.ifmo.ru:8080/?token=518477874&user=-1355069478&config=3,1271,0,0
1776025890307,1271,config 3 request,200,OK,config 3 3-4,text,false,"The operation lasted too long: It took 1,271 milliseconds, but should not have lasted longer than 775 milliseconds.",231,167,14,42,http://stload.se.ifmo.ru:8080/?token=518477874&user=-1355069478&config=3,1271,0,0
1776025890307,1271,config 3 request,200,OK,config 3 3-13,text,false,"The operation lasted too long: It took 1,271 milliseconds, but should not have lasted longer than 775 milliseconds.",231,167,14,42,http://stload.se.ifmo.ru:8080/?token=518477874&user=-1355069478&config=3,1271,0,0
1776025890167,1516,config 2 request,200,OK,config 2 2-14,text,false,"The operation lasted too long: It took 1,516 milliseconds, but should not have lasted longer than 775 milliseconds.",231,167,14,42,http://stload.se.ifmo.ru:8080/?token=518477874&user=-1355069478&config=2,1516,0,0
1776025890349,1334,config 3 request,200,OK,config 3 3-10,text,false,"The operation lasted too long: It took 1,334 milliseconds, but should not have lasted longer than 775 milliseconds.",231,167,14,42,http://stload.se.ifmo.ru:8080/?token=518477874&user=-1355069478&config=3,1334,0,0
1776025890257,1427,config 2 request,200,OK,config 2 2-10,text,false,"The operation lasted too long: It took 1,427 milliseconds, but should not have lasted longer than 775 milliseconds.",231,167,14,42,http://stload.se.ifmo.ru:8080/?token=518477874&user=-1355069478&config=2,1427,0,0
1776025890528,1329,config 3 request,200,OK,config 3 3-1,text,false,"The operation lasted too long: It took 1,329 milliseconds, but should not have lasted longer than 775 milliseconds.",231,167,14,42,http://stload.se.ifmo.ru:8080/?token=518477874&user=-1355069478&config=3,1329,0,0
1776025890428,1429,config 2 request,200,OK,config 2 2-2,text,false,"The operation lasted too long: It took 1,429 milliseconds, but should not have lasted longer than 775 milliseconds.",231,167,14,42,http://stload.se.ifmo.ru:8080/?token=518477874&user=-1355069478&config=2,1429,0,0
1776025890784,1166,config 3 request,200,OK,config 3 3-9,text,false,"The operation lasted too long: It took 1,166 milliseconds, but should not have lasted longer than 775 milliseconds.",231,167,14,42,http://stload.se.ifmo.ru:8080/?token=518477874&user=-1355069478&config=3,1166,0,0
1776025890428,1522,config 2 request,200,OK,config 2 2-5,text,false,"The operation lasted too long: It took 1,522 milliseconds, but should not have lasted longer than 775 milliseconds.",231,167,14,42,http://stload.se.ifmo.ru:8080/?token=518477874&user=-1355069478&config=2,1522,0,0
1776025890547,1539,config 2 request,200,OK,config 2 2-1,text,false,"The operation lasted too long: It took 1,539 milliseconds, but should not have lasted longer than 775 milliseconds.",231,167,14,42,http://stload.se.ifmo.ru:8080/?token=518477874&user=-1355069478&config=2,1539,0,0
1776025890918,1168,config 3 request,200,OK,config 3 3-12,text,false,"The operation lasted too long: It took 1,168 milliseconds, but should not have lasted longer than 775 milliseconds.",231,167,14,42,http://stload.se.ifmo.ru:8080/?token=518477874&user=-1355069478&config=3,1168,0,0
1776025890951,1135,config 3 request,200,OK,config 3 3-3,text,false,"The operation lasted too long: It took 1,135 milliseconds, but should not have lasted longer than 775 milliseconds.",231,167,14,42,http://stload.se.ifmo.ru:8080/?token=518477874&user=-1355069478&config=3,1135,0,0
1776025890707,1467,config 2 request,200,OK,config 2 2-4,text,false,"The operation lasted too long: It took 1,467 milliseconds, but should not have lasted longer than 775 milliseconds.",231,167,14,42,http://stload.se.ifmo.ru:8080/?token=518477874&user=-1355069478&config=2,1467,0,0
1776025890783,1391,config 2 request,200,OK,config 2 2-7,text,false,"The operation lasted too long: It took 1,391 milliseconds, but should not have lasted longer than 775 milliseconds.",231,167,14,42,http://stload.se.ifmo.ru:8080/?token=518477874&user=-1355069478&config=2,1391,0,0
1776025890844,1371,config 2 request,200,OK,config 2 2-13,text,false,"The operation lasted too long: It took 1,371 milliseconds, but should not have lasted longer than 775 milliseconds.",231,167,14,42,http://stload.se.ifmo.ru:8080/?token=518477874&user=-1355069478&config=2,1371,0,0
1776025891031,1184,config 3 request,200,OK,config 3 3-6,text,false,"The operation lasted too long: It took 1,184 milliseconds, but should not have lasted longer than 775 milliseconds.",231,167,14,42,http://stload.se.ifmo.ru:8080/?token=518477874&user=-1355069478&config=3,1184,0,0
1776025890874,1385,config 2 request,200,OK,config 2 2-3,text,false,"The operation lasted too long: It took 1,385 milliseconds, but should not have lasted longer than 775 milliseconds.",231,167,14,42,http://stload.se.ifmo.ru:8080/?token=518477874&user=-1355069478&config=2,1385,0,0
1776025891002,1399,config 2 request,200,OK,config 2 2-9,text,false,"The operation lasted too long: It took 1,399 milliseconds, but should not have lasted longer than 775 milliseconds.",231,167,14,42,http://stload.se.ifmo.ru:8080/?token=518477874&user=-1355069478&config=2,1399,0,0
1776025891238,1386,config 3 request,200,OK,config 3 3-5,text,false,"The operation lasted too long: It took 1,386 milliseconds, but should not have lasted longer than 775 milliseconds.",231,167,14,42,http://stload.se.ifmo.ru:8080/?token=518477874&user=-1355069478&config=3,1386,0,0
1776025891351,1273,config 3 request,200,OK,config 3 3-14,text,false,"The operation lasted too long: It took 1,273 milliseconds, but should not have lasted longer than 775 milliseconds.",231,167,14,42,http://stload.se.ifmo.ru:8080/?token=518477874&user=-1355069478&config=3,1273,0,0
1776025891252,1372,config 3 request,200,OK,config 3 3-2,text,false,"The operation lasted too long: It took 1,372 milliseconds, but should not have lasted longer than 775 milliseconds.",231,167,14,42,http://stload.se.ifmo.ru:8080/?token=518477874&user=-1355069478&config=3,1372,0,0
1776025891251,1373,config 3 request,200,OK,config 3 3-8,text,false,"The operation lasted too long: It took 1,373 milliseconds, but should not have lasted longer than 775 milliseconds.",231,167,14,42,http://stload.se.ifmo.ru:8080/?token=518477874&user=-1355069478&config=3,1373,0,0
1776025891091,1548,config 2 request,200,OK,config 2 2-8,text,false,"The operation lasted too long: It took 1,548 milliseconds, but should not have lasted longer than 775 milliseconds.",231,167,14,42,http://stload.se.ifmo.ru:8080/?token=518477874&user=-1355069478&config=2,1548,0,0
1776025891475,1256,config 3 request,200,OK,config 3 3-11,text,false,"The operation lasted too long: It took 1,256 milliseconds, but should not have lasted longer than 775 milliseconds.",231,167,14,42,http://stload.se.ifmo.ru:8080/?token=518477874&user=-1355069478&config=3,1256,0,0
1776025891399,1575,config 2 request,200,OK,config 2 2-11,text,false,"The operation lasted too long: It took 1,575 milliseconds, but should not have lasted longer than 775 milliseconds.",231,167,14,42,http://stload.se.ifmo.ru:8080/?token=518477874&user=-1355069478&config=2,1575,0,0
1776025891806,1261,config 3 request,200,OK,config 3 3-4,text,false,"The operation lasted too long: It took 1,261 milliseconds, but should not have lasted longer than 775 milliseconds.",231,167,14,42,http://stload.se.ifmo.ru:8080/?token=518477874&user=-1355069478&config=3,1261,0,0
1776025891806,1274,config 3 request,200,OK,config 3 3-7,text,false,"The operation lasted too long: It took 1,274 milliseconds, but should not have lasted longer than 775 milliseconds.",231,167,14,42,http://stload.se.ifmo.ru:8080/?token=518477874&user=-1355069478&config=3,1274,0,0
1776025891473,1607,config 2 request,200,OK,config 2 2-6,text,false,"The operation lasted too long: It took 1,607 milliseconds, but should not have lasted longer than 775 milliseconds.",231,167,14,42,http://stload.se.ifmo.ru:8080/?token=518477874&user=-1355069478&config=2,1607,0,0
1776025891807,1273,config 3 request,200,OK,config 3 3-13,text,false,"The operation lasted too long: It took 1,273 milliseconds, but should not have lasted longer than 775 milliseconds.",231,167,14,42,http://stload.se.ifmo.ru:8080/?token=518477874&user=-1355069478&config=3,1273,0,0
1776025891684,1425,config 2 request,200,OK,config 2 2-14,text,false,"The operation lasted too long: It took 1,425 milliseconds, but should not have lasted longer than 775 milliseconds.",231,167,14,42,http://stload.se.ifmo.ru:8080/?token=518477874&user=-1355069478&config=2,1425,0,0
1776025891578,1531,config 2 request,200,OK,config 2 2-12,text,false,"The operation lasted too long: It took 1,531 milliseconds, but should not have lasted longer than 775 milliseconds.",231,167,14,42,http://stload.se.ifmo.ru:8080/?token=518477874&user=-1355069478&config=2,1531,0,0
1776025891849,1260,config 3 request,200,OK,config 3 3-10,text,false,"The operation lasted too long: It took 1,260 milliseconds, but should not have lasted longer than 775 milliseconds.",231,167,14,42,http://stload.se.ifmo.ru:8080/?token=518477874&user=-1355069478&config=3,1260,0,0
1776025891756,1399,config 2 request,200,OK,config 2 2-10,text,false,"The operation lasted too long: It took 1,399 milliseconds, but should not have lasted longer than 775 milliseconds.",231,167,14,42,http://stload.se.ifmo.ru:8080/?token=518477874&user=-1355069478&config=2,1399,0,0
1776025892028,1146,config 3 request,200,OK,config 3 3-1,text,false,"The operation lasted too long: It took 1,146 milliseconds, but should not have lasted longer than 775 milliseconds.",231,167,14,42,http://stload.se.ifmo.ru:8080/?token=518477874&user=-1355069478&config=3,1146,0,0
1776025891933,1376,config 2 request,200,OK,config 2 2-2,text,false,"The operation lasted too long: It took 1,376 milliseconds, but should not have lasted longer than 775 milliseconds.",231,167,14,42,http://stload.se.ifmo.ru:8080/?token=518477874&user=-1355069478&config=2,1376,0,0
1776025891950,1587,config 2 request,200,OK,config 2 2-5,text,false,"The operation lasted too long: It took 1,587 milliseconds, but should not have lasted longer than 775 milliseconds.",231,167,14,42,http://stload.se.ifmo.ru:8080/?token=518477874&user=-1355069478&config=2,1587,0,0
1776025892086,1451,config 2 request,200,OK,config 2 2-1,text,false,"The operation lasted too long: It took 1,451 milliseconds, but should not have lasted longer than 775 milliseconds.",231,167,14,42,http://stload.se.ifmo.ru:8080/?token=518477874&user=-1355069478&config=2,1451,0,0
1776025892284,1420,config 3 request,200,OK,config 3 3-9,text,false,"The operation lasted too long: It took 1,420 milliseconds, but should not have lasted longer than 775 milliseconds.",231,167,14,42,http://stload.se.ifmo.ru:8080/?token=518477874&user=-1355069478&config=3,1420,0,0
1776025892207,1498,config 2 request,200,OK,config 2 2-4,text,false,"The operation lasted too long: It took 1,498 milliseconds, but should not have lasted longer than 775 milliseconds.",231,167,14,42,http://stload.se.ifmo.ru:8080/?token=518477874&user=-1355069478&config=2,1498,0,0
1776025892416,1289,config 3 request,200,OK,config 3 3-12,text,false,"The operation lasted too long: It took 1,289 milliseconds, but should not have lasted longer than 775 milliseconds.",231,167,14,42,http://stload.se.ifmo.ru:8080/?token=518477874&user=-1355069478&config=3,1289,0,0
1776025892288,1434,config 2 request,200,OK,config 2 2-7,text,false,"The operation lasted too long: It took 1,434 milliseconds, but should not have lasted longer than 775 milliseconds.",231,167,14,42,http://stload.se.ifmo.ru:8080/?token=518477874&user=-1355069478&config=2,1434,0,0
1776025892453,1269,config 3 request,200,OK,config 3 3-3,text,false,"The operation lasted too long: It took 1,269 milliseconds, but should not have lasted longer than 775 milliseconds.",231,167,14,42,http://stload.se.ifmo.ru:8080/?token=518477874&user=-1355069478&config=3,1269,0,0
1776025892340,1424,config 2 request,200,OK,config 2 2-13,text,false,"The operation lasted too long: It took 1,424 milliseconds, but should not have lasted longer than 775 milliseconds.",231,167,14,42,http://stload.se.ifmo.ru:8080/?token=518477874&user=-1355069478&config=2,1424,0,0
1776025892526,1290,config 3 request,200,OK,config 3 3-6,text,false,"The operation lasted too long: It took 1,290 milliseconds, but should not have lasted longer than 775 milliseconds.",231,167,14,42,http://stload.se.ifmo.ru:8080/?token=518477874&user=-1355069478&config=3,1290,0,0
1776025892374,1442,config 2 request,200,OK,config 2 2-3,text,false,"The operation lasted too long: It took 1,442 milliseconds, but should not have lasted longer than 775 milliseconds.",231,167,14,42,http://stload.se.ifmo.ru:8080/?token=518477874&user=-1355069478&config=2,1442,0,0
1776025892507,1444,config 2 request,200,OK,config 2 2-9,text,false,"The operation lasted too long: It took 1,444 milliseconds, but should not have lasted longer than 775 milliseconds.",231,167,14,42,http://stload.se.ifmo.ru:8080/?token=518477874&user=-1355069478&config=2,1444,0,0
1776025892748,1295,config 3 request,200,OK,config 3 3-8,text,false,"The operation lasted too long: It took 1,295 milliseconds, but should not have lasted longer than 775 milliseconds.",231,167,14,42,http://stload.se.ifmo.ru:8080/?token=518477874&user=-1355069478&config=3,1295,0,0
1776025892752,1291,config 3 request,200,OK,config 3 3-2,text,false,"The operation lasted too long: It took 1,291 milliseconds, but should not have lasted longer than 775 milliseconds.",231,167,14,42,http://stload.se.ifmo.ru:8080/?token=518477874&user=-1355069478&config=3,1291,0,0
1776025892742,1301,config 3 request,200,OK,config 3 3-5,text,false,"The operation lasted too long: It took 1,301 milliseconds, but should not have lasted longer than 775 milliseconds.",231,167,14,42,http://stload.se.ifmo.ru:8080/?token=518477874&user=-1355069478&config=3,1301,0,0
1776025892848,1287,config 3 request,200,OK,config 3 3-14,text,false,"The operation lasted too long: It took 1,287 milliseconds, but should not have lasted longer than 775 milliseconds.",231,167,14,42,http://stload.se.ifmo.ru:8080/?token=518477874&user=-1355069478&config=3,1287,0,0
1776025892639,1536,config 2 request,200,OK,config 2 2-8,text,false,"The operation lasted too long: It took 1,536 milliseconds, but should not have lasted longer than 775 milliseconds.",231,167,14,42,http://stload.se.ifmo.ru:8080/?token=518477874&user=-1355069478&config=2,1536,0,0
1776025892975,1378,config 3 request,200,OK,config 3 3-11,text,false,"The operation lasted too long: It took 1,378 milliseconds, but should not have lasted longer than 775 milliseconds.",231,167,14,42,http://stload.se.ifmo.ru:8080/?token=518477874&user=-1355069478&config=3,1378,0,0
1776025892975,1400,config 2 request,200,OK,config 2 2-11,text,false,"The operation lasted too long: It took 1,400 milliseconds, but should not have lasted longer than 775 milliseconds.",231,167,14,42,http://stload.se.ifmo.ru:8080/?token=518477874&user=-1355069478&config=2,1400,0,0
1776025893308,1273,config 3 request,200,OK,config 3 3-13,text,false,"The operation lasted too long: It took 1,273 milliseconds, but should not have lasted longer than 775 milliseconds.",231,167,14,42,http://stload.se.ifmo.ru:8080/?token=518477874&user=-1355069478&config=3,1273,0,0
1776025893080,1501,config 2 request,200,OK,config 2 2-6,text,false,"The operation lasted too long: It took 1,501 milliseconds, but should not have lasted longer than 775 milliseconds.",231,167,14,42,http://stload.se.ifmo.ru:8080/?token=518477874&user=-1355069478&config=2,1501,0,0
1776025893110,1555,config 2 request,200,OK,config 2 2-12,text,false,"The operation lasted too long: It took 1,555 milliseconds, but should not have lasted longer than 775 milliseconds.",231,167,14,42,http://stload.se.ifmo.ru:8080/?token=518477874&user=-1355069478&config=2,1555,0,0
1776025893308,1357,config 3 request,200,OK,config 3 3-7,text,false,"The operation lasted too long: It took 1,357 milliseconds, but should not have lasted longer than 775 milliseconds.",231,167,14,42,http://stload.se.ifmo.ru:8080/?token=518477874&user=-1355069478&config=3,1357,0,0
1776025893301,1399,config 3 request,200,OK,config 3 3-4,text,false,"The operation lasted too long: It took 1,399 milliseconds, but should not have lasted longer than 775 milliseconds.",231,167,14,42,http://stload.se.ifmo.ru:8080/?token=518477874&user=-1355069478&config=3,1399,0,0
1776025893345,1355,config 3 request,200,OK,config 3 3-10,text,false,"The operation lasted too long: It took 1,355 milliseconds, but should not have lasted longer than 775 milliseconds.",231,167,14,42,http://stload.se.ifmo.ru:8080/?token=518477874&user=-1355069478&config=3,1355,0,0
1776025893252,1449,config 2 request,200,OK,config 2 2-10,text,false,"The operation lasted too long: It took 1,449 milliseconds, but should not have lasted longer than 775 milliseconds.",231,167,14,42,http://stload.se.ifmo.ru:8080/?token=518477874&user=-1355069478&config=2,1449,0,0
1776025893187,1514,config 2 request,200,OK,config 2 2-14,text,false,"The operation lasted too long: It took 1,514 milliseconds, but should not have lasted longer than 775 milliseconds.",231,167,14,42,http://stload.se.ifmo.ru:8080/?token=518477874&user=-1355069478&config=2,1514,0,0
1776025893525,1212,config 3 request,200,OK,config 3 3-1,text,false,"The operation lasted too long: It took 1,212 milliseconds, but should not have lasted longer than 775 milliseconds.",231,167,14,42,http://stload.se.ifmo.ru:8080/?token=518477874&user=-1355069478&config=3,1212,0,0
1776025893785,1179,config 3 request,200,OK,config 3 3-9,text,false,"The operation lasted too long: It took 1,179 milliseconds, but should not have lasted longer than 775 milliseconds.",231,167,14,42,http://stload.se.ifmo.ru:8080/?token=518477874&user=-1355069478&config=3,1179,0,0
1776025893429,1535,config 2 request,200,OK,config 2 2-2,text,false,"The operation lasted too long: It took 1,535 milliseconds, but should not have lasted longer than 775 milliseconds.",231,167,14,42,http://stload.se.ifmo.ru:8080/?token=518477874&user=-1355069478&config=2,1535,0,0
1776025893537,1670,config 2 request,200,OK,config 2 2-5,text,false,"The operation lasted too long: It took 1,670 milliseconds, but should not have lasted longer than 775 milliseconds.",231,167,14,42,http://stload.se.ifmo.ru:8080/?token=518477874&user=-1355069478&config=2,1670,0,0
1776025893705,1502,config 2 request,200,OK,config 2 2-4,text,false,"The operation lasted too long: It took 1,502 milliseconds, but should not have lasted longer than 775 milliseconds.",231,167,14,42,http://stload.se.ifmo.ru:8080/?token=518477874&user=-1355069478&config=2,1502,0,0
1776025893589,1618,config 2 request,200,OK,config 2 2-1,text,false,"The operation lasted too long: It took 1,618 milliseconds, but should not have lasted longer than 775 milliseconds.",231,167,14,42,http://stload.se.ifmo.ru:8080/?token=518477874&user=-1355069478&config=2,1618,0,0
1776025893952,1290,config 3 request,200,OK,config 3 3-3,text,false,"The operation lasted too long: It took 1,290 milliseconds, but should not have lasted longer than 775 milliseconds.",231,167,14,42,http://stload.se.ifmo.ru:8080/?token=518477874&user=-1355069478&config=3,1290,0,0
1776025893919,1323,config 3 request,200,OK,config 3 3-12,text,false,"The operation lasted too long: It took 1,323 milliseconds, but should not have lasted longer than 775 milliseconds.",231,167,14,42,http://stload.se.ifmo.ru:8080/?token=518477874&user=-1355069478&config=3,1323,0,0
1776025893785,1457,config 2 request,200,OK,config 2 2-7,text,false,"The operation lasted too long: It took 1,457 milliseconds, but should not have lasted longer than 775 milliseconds.",231,167,14,42,http://stload.se.ifmo.ru:8080/?token=518477874&user=-1355069478&config=2,1457,0,0
1776025893840,1469,config 2 request,200,OK,config 2 2-13,text,false,"The operation lasted too long: It took 1,469 milliseconds, but should not have lasted longer than 775 milliseconds.",231,167,14,42,http://stload.se.ifmo.ru:8080/?token=518477874&user=-1355069478&config=2,1469,0,0
1776025893873,1462,config 2 request,200,OK,config 2 2-3,text,false,"The operation lasted too long: It took 1,462 milliseconds, but should not have lasted longer than 775 milliseconds.",231,167,14,42,http://stload.se.ifmo.ru:8080/?token=518477874&user=-1355069478&config=2,1462,0,0
1776025894250,1283,config 3 request,200,OK,config 3 3-2,text,false,"The operation lasted too long: It took 1,283 milliseconds, but should not have lasted longer than 775 milliseconds.",231,167,14,42,http://stload.se.ifmo.ru:8080/?token=518477874&user=-1355069478&config=3,1283,0,0
1776025894240,1293,config 3 request,200,OK,config 3 3-5,text,false,"The operation lasted too long: It took 1,293 milliseconds, but should not have lasted longer than 775 milliseconds.",231,167,14,42,http://stload.se.ifmo.ru:8080/?token=518477874&user=-1355069478&config=3,1293,0,0
1776025894029,1504,config 3 request,200,OK,config 3 3-6,text,false,"The operation lasted too long: It took 1,504 milliseconds, but should not have lasted longer than 775 milliseconds.",231,167,14,42,http://stload.se.ifmo.ru:8080/?token=518477874&user=-1355069478&config=3,1503,0,0
1776025894248,1285,config 3 request,200,OK,config 3 3-8,text,false,"The operation lasted too long: It took 1,285 milliseconds, but should not have lasted longer than 775 milliseconds.",231,167,14,42,http://stload.se.ifmo.ru:8080/?token=518477874&user=-1355069478&config=3,1285,0,0
1776025894007,1592,config 2 request,200,OK,config 2 2-9,text,false,"The operation lasted too long: It took 1,592 milliseconds, but should not have lasted longer than 775 milliseconds.",231,167,14,42,http://stload.se.ifmo.ru:8080/?token=518477874&user=-1355069478&config=2,1592,0,0
1776025894350,1345,config 3 request,200,OK,config 3 3-14,text,false,"The operation lasted too long: It took 1,345 milliseconds, but should not have lasted longer than 775 milliseconds.",231,167,14,42,http://stload.se.ifmo.ru:8080/?token=518477874&user=-1355069478&config=3,1345,0,0
1776025894474,1221,config 3 request,200,OK,config 3 3-11,text,false,"The operation lasted too long: It took 1,221 milliseconds, but should not have lasted longer than 775 milliseconds.",231,167,14,42,http://stload.se.ifmo.ru:8080/?token=518477874&user=-1355069478&config=3,1221,0,0
1776025894178,1610,config 2 request,200,OK,config 2 2-8,text,false,"The operation lasted too long: It took 1,610 milliseconds, but should not have lasted longer than 775 milliseconds.",231,167,14,42,http://stload.se.ifmo.ru:8080/?token=518477874&user=-1355069478&config=2,1610,0,0
1776025894480,1403,config 2 request,200,OK,config 2 2-11,text,false,"The operation lasted too long: It took 1,403 milliseconds, but should not have lasted longer than 775 milliseconds.",231,167,14,42,http://stload.se.ifmo.ru:8080/?token=518477874&user=-1355069478&config=2,1403,0,0
1776025894665,1469,config 2 request,200,OK,config 2 2-12,text,false,"The operation lasted too long: It took 1,469 milliseconds, but should not have lasted longer than 775 milliseconds.",231,167,14,42,http://stload.se.ifmo.ru:8080/?token=518477874&user=-1355069478&config=2,1469,0,0
1776025894807,1327,config 3 request,200,OK,config 3 3-13,text,false,"The operation lasted too long: It took 1,327 milliseconds, but should not have lasted longer than 775 milliseconds.",231,167,14,42,http://stload.se.ifmo.ru:8080/?token=518477874&user=-1355069478&config=3,1327,0,0
1776025894581,1553,config 2 request,200,OK,config 2 2-6,text,false,"The operation lasted too long: It took 1,553 milliseconds, but should not have lasted longer than 775 milliseconds.",231,167,14,42,http://stload.se.ifmo.ru:8080/?token=518477874&user=-1355069478&config=2,1553,0,0
1776025894701,1434,config 2 request,200,OK,config 2 2-14,text,false,"The operation lasted too long: It took 1,434 milliseconds, but should not have lasted longer than 775 milliseconds.",231,167,14,42,http://stload.se.ifmo.ru:8080/?token=518477874&user=-1355069478&config=2,1434,0,0
1776025894756,1409,config 2 request,200,OK,config 2 2-10,text,false,"The operation lasted too long: It took 1,409 milliseconds, but should not have lasted longer than 775 milliseconds.",231,167,14,42,http://stload.se.ifmo.ru:8080/?token=518477874&user=-1355069478&config=2,1409,0,0
1776025894806,1424,config 3 request,200,OK,config 3 3-7,text,false,"The operation lasted too long: It took 1,424 milliseconds, but should not have lasted longer than 775 milliseconds.",231,167,14,42,http://stload.se.ifmo.ru:8080/?token=518477874&user=-1355069478&config=3,1424,0,0
1776025894802,1497,config 3 request,200,OK,config 3 3-4,text,false,"The operation lasted too long: It took 1,497 milliseconds, but should not have lasted longer than 775 milliseconds.",231,167,14,42,http://stload.se.ifmo.ru:8080/?token=518477874&user=-1355069478&config=3,1497,0,0
1776025894850,1449,config 3 request,200,OK,config 3 3-10,text,false,"The operation lasted too long: It took 1,449 milliseconds, but should not have lasted longer than 775 milliseconds.",231,167,14,42,http://stload.se.ifmo.ru:8080/?token=518477874&user=-1355069478&config=3,1449,0,0
1776025895028,1283,config 3 request,200,OK,config 3 3-1,text,false,"The operation lasted too long: It took 1,283 milliseconds, but should not have lasted longer than 775 milliseconds.",231,167,14,42,http://stload.se.ifmo.ru:8080/?token=518477874&user=-1355069478&config=3,1282,0,0
1776025894964,1639,config 2 request,200,OK,config 2 2-2,text,false,"The operation lasted too long: It took 1,639 milliseconds, but should not have lasted longer than 775 milliseconds.",231,167,14,42,http://stload.se.ifmo.ru:8080/?token=518477874&user=-1355069478&config=2,1639,0,0
1776025895283,1320,config 3 request,200,OK,config 3 3-9,text,false,"The operation lasted too long: It took 1,320 milliseconds, but should not have lasted longer than 775 milliseconds.",231,167,14,42,http://stload.se.ifmo.ru:8080/?token=518477874&user=-1355069478&config=3,1320,0,0
1776025895208,1396,config 2 request,200,OK,config 2 2-1,text,false,"The operation lasted too long: It took 1,396 milliseconds, but should not have lasted longer than 775 milliseconds.",231,167,14,42,http://stload.se.ifmo.ru:8080/?token=518477874&user=-1355069478&config=2,1396,0,0
1776025895418,1285,config 3 request,200,OK,config 3 3-12,text,false,"The operation lasted too long: It took 1,285 milliseconds, but should not have lasted longer than 775 milliseconds.",231,167,14,42,http://stload.se.ifmo.ru:8080/?token=518477874&user=-1355069478&config=3,1284,0,0
1776025895450,1281,config 3 request,200,OK,config 3 3-3,text,false,"The operation lasted too long: It took 1,281 milliseconds, but should not have lasted longer than 775 milliseconds.",231,167,14,42,http://stload.se.ifmo.ru:8080/?token=518477874&user=-1355069478&config=3,1281,0,0
1776025895208,1523,config 2 request,200,OK,config 2 2-4,text,false,"The operation lasted too long: It took 1,523 milliseconds, but should not have lasted longer than 775 milliseconds.",231,167,14,42,http://stload.se.ifmo.ru:8080/?token=518477874&user=-1355069478&config=2,1523,0,0
1776025895208,1524,config 2 request,200,OK,config 2 2-5,text,false,"The operation lasted too long: It took 1,524 milliseconds, but should not have lasted longer than 775 milliseconds.",231,167,14,42,http://stload.se.ifmo.ru:8080/?token=518477874&user=-1355069478&config=2,1524,0,0
1776025895288,1444,config 2 request,200,OK,config 2 2-7,text,false,"The operation lasted too long: It took 1,444 milliseconds, but should not have lasted longer than 775 milliseconds.",231,167,14,42,http://stload.se.ifmo.ru:8080/?token=518477874&user=-1355069478&config=2,1444,0,0
1776025895533,1199,config 3 request,200,OK,config 3 3-6,text,false,"The operation lasted too long: It took 1,199 milliseconds, but should not have lasted longer than 775 milliseconds.",231,167,14,42,http://stload.se.ifmo.ru:8080/?token=518477874&user=-1355069478&config=3,1198,0,0
1776025895340,1435,config 2 request,200,OK,config 2 2-13,text,false,"The operation lasted too long: It took 1,435 milliseconds, but should not have lasted longer than 775 milliseconds.",231,167,14,42,http://stload.se.ifmo.ru:8080/?token=518477874&user=-1355069478&config=2,1435,0,0
1776025895374,1401,config 2 request,200,OK,config 2 2-3,text,false,"The operation lasted too long: It took 1,401 milliseconds, but should not have lasted longer than 775 milliseconds.",231,167,14,42,http://stload.se.ifmo.ru:8080/?token=518477874&user=-1355069478&config=2,1401,0,0
1776025895741,1174,config 3 request,200,OK,config 3 3-5,text,false,"The operation lasted too long: It took 1,174 milliseconds, but should not have lasted longer than 775 milliseconds.",231,167,14,42,http://stload.se.ifmo.ru:8080/?token=518477874&user=-1355069478&config=3,1174,0,0
1776025895600,1454,config 2 request,200,OK,config 2 2-9,text,false,"The operation lasted too long: It took 1,454 milliseconds, but should not have lasted longer than 775 milliseconds.",231,167,14,42,http://stload.se.ifmo.ru:8080/?token=518477874&user=-1355069478&config=2,1454,0,0
1776025895748,1306,config 3 request,200,OK,config 3 3-8,text,false,"The operation lasted too long: It took 1,306 milliseconds, but should not have lasted longer than 775 milliseconds.",231,167,14,42,http://stload.se.ifmo.ru:8080/?token=518477874&user=-1355069478&config=3,1306,0,0
1776025895850,1376,config 3 request,200,OK,config 3 3-14,text,false,"The operation lasted too long: It took 1,376 milliseconds, but should not have lasted longer than 775 milliseconds.",231,167,14,42,http://stload.se.ifmo.ru:8080/?token=518477874&user=-1355069478&config=3,1376,0,0
1776025895976,1250,config 3 request,200,OK,config 3 3-11,text,false,"The operation lasted too long: It took 1,250 milliseconds, but should not have lasted longer than 775 milliseconds.",231,167,14,42,http://stload.se.ifmo.ru:8080/?token=518477874&user=-1355069478&config=3,1250,0,0
1776025895752,1474,config 3 request,200,OK,config 3 3-2,text,false,"The operation lasted too long: It took 1,474 milliseconds, but should not have lasted longer than 775 milliseconds.",231,167,14,42,http://stload.se.ifmo.ru:8080/?token=518477874&user=-1355069478&config=3,1474,0,0
1776025896302,1140,config 3 request,200,OK,config 3 3-7,text,false,"The operation lasted too long: It took 1,140 milliseconds, but should not have lasted longer than 775 milliseconds.",231,167,14,42,http://stload.se.ifmo.ru:8080/?token=518477874&user=-1355069478&config=3,1140,0,0
1776025895788,1652,config 2 request,200,OK,config 2 2-8,text,false,"The operation lasted too long: It took 1,652 milliseconds, but should not have lasted longer than 775 milliseconds.",231,167,14,42,http://stload.se.ifmo.ru:8080/?token=518477874&user=-1355069478&config=2,1652,0,0
1776025895978,1594,config 2 request,200,OK,config 2 2-11,text,false,"The operation lasted too long: It took 1,594 milliseconds, but should not have lasted longer than 775 milliseconds.",231,167,14,42,http://stload.se.ifmo.ru:8080/?token=518477874&user=-1355069478&config=2,1594,0,0
1776025896302,1284,config 3 request,200,OK,config 3 3-4,text,false,"The operation lasted too long: It took 1,284 milliseconds, but should not have lasted longer than 775 milliseconds.",231,167,14,42,http://stload.se.ifmo.ru:8080/?token=518477874&user=-1355069478&config=3,1284,0,0
1776025896137,1449,config 2 request,200,OK,config 2 2-6,text,false,"The operation lasted too long: It took 1,449 milliseconds, but should not have lasted longer than 775 milliseconds.",231,167,14,42,http://stload.se.ifmo.ru:8080/?token=518477874&user=-1355069478&config=2,1449,0,0
1776025896201,1386,config 2 request,200,OK,config 2 2-14,text,false,"The operation lasted too long: It took 1,386 milliseconds, but should not have lasted longer than 775 milliseconds.",231,167,14,42,http://stload.se.ifmo.ru:8080/?token=518477874&user=-1355069478&config=2,1386,0,0
1776025896171,1416,config 2 request,200,OK,config 2 2-12,text,false,"The operation lasted too long: It took 1,416 milliseconds, but should not have lasted longer than 775 milliseconds.",231,167,14,42,http://stload.se.ifmo.ru:8080/?token=518477874&user=-1355069478&config=2,1416,0,0
1776025896307,1319,config 3 request,200,OK,config 3 3-13,text,false,"The operation lasted too long: It took 1,319 milliseconds, but should not have lasted longer than 775 milliseconds.",231,167,14,42,http://stload.se.ifmo.ru:8080/?token=518477874&user=-1355069478&config=3,1319,0,0
1776025896350,1276,config 3 request,200,OK,config 3 3-10,text,false,"The operation lasted too long: It took 1,276 milliseconds, but should not have lasted longer than 775 milliseconds.",231,167,14,42,http://stload.se.ifmo.ru:8080/?token=518477874&user=-1355069478&config=3,1276,0,0
1776025896256,1371,config 2 request,200,OK,config 2 2-10,text,false,"The operation lasted too long: It took 1,371 milliseconds, but should not have lasted longer than 775 milliseconds.",231,167,14,42,http://stload.se.ifmo.ru:8080/?token=518477874&user=-1355069478&config=2,1371,0,0
1776025896524,1203,config 3 request,200,OK,config 3 3-1,text,false,"The operation lasted too long: It took 1,203 milliseconds, but should not have lasted longer than 775 milliseconds.",231,167,14,42,http://stload.se.ifmo.ru:8080/?token=518477874&user=-1355069478&config=3,1203,0,0
1776025896606,1316,config 2 request,200,OK,config 2 2-2,text,false,"The operation lasted too long: It took 1,316 milliseconds, but should not have lasted longer than 775 milliseconds.",231,167,14,42,http://stload.se.ifmo.ru:8080/?token=518477874&user=-1355069478&config=2,1316,0,0
1776025896786,1380,config 3 request,200,OK,config 3 3-9,text,false,"The operation lasted too long: It took 1,380 milliseconds, but should not have lasted longer than 775 milliseconds.",231,167,14,42,http://stload.se.ifmo.ru:8080/?token=518477874&user=-1355069478&config=3,1380,0,0
1776025896708,1458,config 2 request,200,OK,config 2 2-1,text,false,"The operation lasted too long: It took 1,458 milliseconds, but should not have lasted longer than 775 milliseconds.",231,167,14,42,http://stload.se.ifmo.ru:8080/?token=518477874&user=-1355069478&config=2,1458,0,0
1776025896734,1496,config 2 request,200,OK,config 2 2-4,text,false,"The operation lasted too long: It took 1,496 milliseconds, but should not have lasted longer than 775 milliseconds.",231,167,14,42,http://stload.se.ifmo.ru:8080/?token=518477874&user=-1355069478&config=2,1496,0,0
1776025896917,1313,config 3 request,200,OK,config 3 3-12,text,false,"The operation lasted too long: It took 1,313 milliseconds, but should not have lasted longer than 775 milliseconds.",231,167,14,42,http://stload.se.ifmo.ru:8080/?token=518477874&user=-1355069478&config=3,1313,0,0
1776025896734,1570,config 2 request,200,OK,config 2 2-5,text,false,"The operation lasted too long: It took 1,570 milliseconds, but should not have lasted longer than 775 milliseconds.",231,167,14,42,http://stload.se.ifmo.ru:8080/?token=518477874&user=-1355069478&config=2,1570,0,0
1776025896951,1354,config 3 request,200,OK,config 3 3-3,text,false,"The operation lasted too long: It took 1,354 milliseconds, but should not have lasted longer than 775 milliseconds.",231,167,14,42,http://stload.se.ifmo.ru:8080/?token=518477874&user=-1355069478&config=3,1354,0,0
1776025897038,1267,config 3 request,200,OK,config 3 3-6,text,false,"The operation lasted too long: It took 1,267 milliseconds, but should not have lasted longer than 775 milliseconds.",231,167,14,42,http://stload.se.ifmo.ru:8080/?token=518477874&user=-1355069478&config=3,1267,0,0
1776025896786,1519,config 2 request,200,OK,config 2 2-7,text,false,"The operation lasted too long: It took 1,519 milliseconds, but should not have lasted longer than 775 milliseconds.",231,167,14,42,http://stload.se.ifmo.ru:8080/?token=518477874&user=-1355069478&config=2,1519,0,0
1776025896842,1525,config 2 request,200,OK,config 2 2-13,text,false,"The operation lasted too long: It took 1,525 milliseconds, but should not have lasted longer than 775 milliseconds.",231,167,14,42,http://stload.se.ifmo.ru:8080/?token=518477874&user=-1355069478&config=2,1525,0,0
1776025896877,1526,config 2 request,200,OK,config 2 2-3,text,false,"The operation lasted too long: It took 1,526 milliseconds, but should not have lasted longer than 775 milliseconds.",231,167,14,42,http://stload.se.ifmo.ru:8080/?token=518477874&user=-1355069478&config=2,1526,0,0
1776025897240,1262,config 3 request,200,OK,config 3 3-5,text,false,"The operation lasted too long: It took 1,262 milliseconds, but should not have lasted longer than 775 milliseconds.",231,167,14,42,http://stload.se.ifmo.ru:8080/?token=518477874&user=-1355069478&config=3,1262,0,0
1776025897249,1344,config 3 request,200,OK,config 3 3-8,text,false,"The operation lasted too long: It took 1,344 milliseconds, but should not have lasted longer than 775 milliseconds.",231,167,14,42,http://stload.se.ifmo.ru:8080/?token=518477874&user=-1355069478&config=3,1344,0,0
1776025897348,1245,config 3 request,200,OK,config 3 3-14,text,false,"The operation lasted too long: It took 1,245 milliseconds, but should not have lasted longer than 775 milliseconds.",231,167,14,42,http://stload.se.ifmo.ru:8080/?token=518477874&user=-1355069478&config=3,1245,0,0
1776025897250,1343,config 3 request,200,OK,config 3 3-2,text,false,"The operation lasted too long: It took 1,343 milliseconds, but should not have lasted longer than 775 milliseconds.",231,167,14,42,http://stload.se.ifmo.ru:8080/?token=518477874&user=-1355069478&config=3,1343,0,0
1776025897105,1532,config 2 request,200,OK,config 2 2-9,text,false,"The operation lasted too long: It took 1,532 milliseconds, but should not have lasted longer than 775 milliseconds.",231,167,14,42,http://stload.se.ifmo.ru:8080/?token=518477874&user=-1355069478&config=2,1532,0,0
1776025897472,1516,config 3 request,200,OK,config 3 3-11,text,false,"The operation lasted too long: It took 1,516 milliseconds, but should not have lasted longer than 775 milliseconds.",231,167,14,42,http://stload.se.ifmo.ru:8080/?token=518477874&user=-1355069478&config=3,1516,0,0
1776025897445,1543,config 2 request,200,OK,config 2 2-8,text,false,"The operation lasted too long: It took 1,543 milliseconds, but should not have lasted longer than 775 milliseconds.",231,167,14,42,http://stload.se.ifmo.ru:8080/?token=518477874&user=-1355069478&config=2,1543,0,0
1776025897574,1414,config 2 request,200,OK,config 2 2-11,text,false,"The operation lasted too long: It took 1,414 milliseconds, but should not have lasted longer than 775 milliseconds.",231,167,14,42,http://stload.se.ifmo.ru:8080/?token=518477874&user=-1355069478&config=2,1414,0,0
1776025897636,1352,config 2 request,200,OK,config 2 2-6,text,false,"The operation lasted too long: It took 1,352 milliseconds, but should not have lasted longer than 775 milliseconds.",231,167,14,42,http://stload.se.ifmo.ru:8080/?token=518477874&user=-1355069478&config=2,1352,0,0
1776025897804,1365,config 3 request,200,OK,config 3 3-4,text,false,"The operation lasted too long: It took 1,365 milliseconds, but should not have lasted longer than 775 milliseconds.",231,167,14,42,http://stload.se.ifmo.ru:8080/?token=518477874&user=-1355069478&config=3,1365,0,0
1776025897667,1502,config 2 request,200,OK,config 2 2-12,text,false,"The operation lasted too long: It took 1,502 milliseconds, but should not have lasted longer than 775 milliseconds.",231,167,14,42,http://stload.se.ifmo.ru:8080/?token=518477874&user=-1355069478&config=2,1502,0,0
1776025897804,1366,config 3 request,200,OK,config 3 3-13,text,false,"The operation lasted too long: It took 1,366 milliseconds, but should not have lasted longer than 775 milliseconds.",231,167,14,42,http://stload.se.ifmo.ru:8080/?token=518477874&user=-1355069478&config=3,1366,0,0
1776025897805,1365,config 3 request,200,OK,config 3 3-7,text,false,"The operation lasted too long: It took 1,365 milliseconds, but should not have lasted longer than 775 milliseconds.",231,167,14,42,http://stload.se.ifmo.ru:8080/?token=518477874&user=-1355069478&config=3,1365,0,0
1776025897843,1378,config 3 request,200,OK,config 3 3-10,text,false,"The operation lasted too long: It took 1,378 milliseconds, but should not have lasted longer than 775 milliseconds.",231,167,14,42,http://stload.se.ifmo.ru:8080/?token=518477874&user=-1355069478&config=3,1378,0,0
1776025898022,1199,config 3 request,200,OK,config 3 3-1,text,false,"The operation lasted too long: It took 1,199 milliseconds, but should not have lasted longer than 775 milliseconds.",231,167,14,42,http://stload.se.ifmo.ru:8080/?token=518477874&user=-1355069478&config=3,1199,0,0
1776025897704,1565,config 2 request,200,OK,config 2 2-14,text,false,"The operation lasted too long: It took 1,565 milliseconds, but should not have lasted longer than 775 milliseconds.",231,167,14,42,http://stload.se.ifmo.ru:8080/?token=518477874&user=-1355069478&config=2,1565,0,0
1776025897752,1567,config 2 request,200,OK,config 2 2-10,text,false,"The operation lasted too long: It took 1,567 milliseconds, but should not have lasted longer than 775 milliseconds.",231,167,14,42,http://stload.se.ifmo.ru:8080/?token=518477874&user=-1355069478&config=2,1567,0,0
1776025898108,1354,config 2 request,200,OK,config 2 2-2,text,false,"The operation lasted too long: It took 1,354 milliseconds, but should not have lasted longer than 775 milliseconds.",231,167,14,42,http://stload.se.ifmo.ru:8080/?token=518477874&user=-1355069478&config=2,1354,0,0
1776025898286,1176,config 3 request,200,OK,config 3 3-9,text,false,"The operation lasted too long: It took 1,176 milliseconds, but should not have lasted longer than 775 milliseconds.",231,167,14,42,http://stload.se.ifmo.ru:8080/?token=518477874&user=-1355069478&config=3,1176,0,0
1776025898209,1471,config 2 request,200,OK,config 2 2-1,text,false,"The operation lasted too long: It took 1,471 milliseconds, but should not have lasted longer than 775 milliseconds.",231,167,14,42,http://stload.se.ifmo.ru:8080/?token=518477874&user=-1355069478&config=2,1471,0,0
1776025898305,1375,config 2 request,200,OK,config 2 2-5,text,false,"The operation lasted too long: It took 1,375 milliseconds, but should not have lasted longer than 775 milliseconds.",231,167,14,42,http://stload.se.ifmo.ru:8080/?token=518477874&user=-1355069478&config=2,1375,0,0
1776025898233,1447,config 2 request,200,OK,config 2 2-4,text,false,"The operation lasted too long: It took 1,447 milliseconds, but should not have lasted longer than 775 milliseconds.",231,167,14,42,http://stload.se.ifmo.ru:8080/?token=518477874&user=-1355069478&config=2,1447,0,0
1776025898306,1374,config 2 request,200,OK,config 2 2-7,text,false,"The operation lasted too long: It took 1,374 milliseconds, but should not have lasted longer than 775 milliseconds.",231,167,14,42,http://stload.se.ifmo.ru:8080/?token=518477874&user=-1355069478&config=2,1374,0,0
1776025898368,1516,config 2 request,200,OK,config 2 2-13,text,false,"The operation lasted too long: It took 1,516 milliseconds, but should not have lasted longer than 775 milliseconds.",231,167,14,42,http://stload.se.ifmo.ru:8080/?token=518477874&user=-1355069478&config=2,1516,0,0
1776025898449,1481,config 3 request,200,OK,config 3 3-3,text,false,"The operation lasted too long: It took 1,481 milliseconds, but should not have lasted longer than 775 milliseconds.",231,167,14,42,http://stload.se.ifmo.ru:8080/?token=518477874&user=-1355069478&config=3,1481,0,0
1776025898537,1440,config 3 request,200,OK,config 3 3-6,text,false,"The operation lasted too long: It took 1,440 milliseconds, but should not have lasted longer than 775 milliseconds.",231,167,14,42,http://stload.se.ifmo.ru:8080/?token=518477874&user=-1355069478&config=3,1440,0,0
1776025898412,1565,config 3 request,200,OK,config 3 3-12,text,false,"The operation lasted too long: It took 1,565 milliseconds, but should not have lasted longer than 775 milliseconds.",231,167,14,42,http://stload.se.ifmo.ru:8080/?token=518477874&user=-1355069478&config=3,1565,0,0
1776025898403,1671,config 2 request,200,OK,config 2 2-3,text,false,"The operation lasted too long: It took 1,671 milliseconds, but should not have lasted longer than 775 milliseconds.",231,167,14,42,http://stload.se.ifmo.ru:8080/?token=518477874&user=-1355069478&config=2,1671,0,0
1776025898738,1337,config 3 request,200,OK,config 3 3-5,text,false,"The operation lasted too long: It took 1,337 milliseconds, but should not have lasted longer than 775 milliseconds.",231,167,14,42,http://stload.se.ifmo.ru:8080/?token=518477874&user=-1355069478&config=3,1337,0,0
1776025898750,1421,config 3 request,200,OK,config 3 3-2,text,false,"The operation lasted too long: It took 1,421 milliseconds, but should not have lasted longer than 775 milliseconds.",231,167,14,42,http://stload.se.ifmo.ru:8080/?token=518477874&user=-1355069478&config=3,1421,0,0
1776025898845,1342,config 3 request,200,OK,config 3 3-14,text,false,"The operation lasted too long: It took 1,342 milliseconds, but should not have lasted longer than 775 milliseconds.",231,167,14,42,http://stload.se.ifmo.ru:8080/?token=518477874&user=-1355069478&config=3,1342,0,0
1776025898745,1442,config 3 request,200,OK,config 3 3-8,text,false,"The operation lasted too long: It took 1,442 milliseconds, but should not have lasted longer than 775 milliseconds.",231,167,14,42,http://stload.se.ifmo.ru:8080/?token=518477874&user=-1355069478&config=3,1442,0,0
1776025898989,1401,config 3 request,200,OK,config 3 3-11,text,false,"The operation lasted too long: It took 1,401 milliseconds, but should not have lasted longer than 775 milliseconds.",231,167,14,42,http://stload.se.ifmo.ru:8080/?token=518477874&user=-1355069478&config=3,1401,0,0
1776025898638,1752,config 2 request,200,OK,config 2 2-9,text,false,"The operation lasted too long: It took 1,752 milliseconds, but should not have lasted longer than 775 milliseconds.",231,167,14,42,http://stload.se.ifmo.ru:8080/?token=518477874&user=-1355069478&config=2,1752,0,0
1776025898988,1432,config 2 request,200,OK,config 2 2-8,text,false,"The operation lasted too long: It took 1,432 milliseconds, but should not have lasted longer than 775 milliseconds.",231,167,14,42,http://stload.se.ifmo.ru:8080/?token=518477874&user=-1355069478&config=2,1432,0,0
1776025899076,1558,config 2 request,200,OK,config 2 2-11,text,false,"The operation lasted too long: It took 1,558 milliseconds, but should not have lasted longer than 775 milliseconds.",231,167,14,42,http://stload.se.ifmo.ru:8080/?token=518477874&user=-1355069478&config=2,1558,0,0
1776025899138,1496,config 2 request,200,OK,config 2 2-6,text,false,"The operation lasted too long: It took 1,496 milliseconds, but should not have lasted longer than 775 milliseconds.",231,167,14,42,http://stload.se.ifmo.ru:8080/?token=518477874&user=-1355069478&config=2,1496,0,0
1776025899300,1335,config 3 request,200,OK,config 3 3-7,text,false,"The operation lasted too long: It took 1,335 milliseconds, but should not have lasted longer than 775 milliseconds.",231,167,14,42,http://stload.se.ifmo.ru:8080/?token=518477874&user=-1355069478&config=3,1335,0,0
1776025899170,1466,config 2 request,200,OK,config 2 2-12,text,false,"The operation lasted too long: It took 1,466 milliseconds, but should not have lasted longer than 775 milliseconds.",231,167,14,42,http://stload.se.ifmo.ru:8080/?token=518477874&user=-1355069478&config=2,1466,0,0
1776025899302,1419,config 3 request,200,OK,config 3 3-4,text,false,"The operation lasted too long: It took 1,419 milliseconds, but should not have lasted longer than 775 milliseconds.",231,167,14,42,http://stload.se.ifmo.ru:8080/?token=518477874&user=-1355069478&config=3,1419,0,0
1776025899302,1564,config 3 request,200,OK,config 3 3-13,text,false,"The operation lasted too long: It took 1,564 milliseconds, but should not have lasted longer than 775 milliseconds.",231,167,14,42,http://stload.se.ifmo.ru:8080/?token=518477874&user=-1355069478&config=3,1564,0,0
1776025899269,1597,config 2 request,200,OK,config 2 2-14,text,false,"The operation lasted too long: It took 1,597 milliseconds, but should not have lasted longer than 775 milliseconds.",231,167,14,42,http://stload.se.ifmo.ru:8080/?token=518477874&user=-1355069478&config=2,1597,0,0
1776025899343,1524,config 3 request,200,OK,config 3 3-10,text,false,"The operation lasted too long: It took 1,524 milliseconds, but should not have lasted longer than 775 milliseconds.",231,167,14,42,http://stload.se.ifmo.ru:8080/?token=518477874&user=-1355069478&config=3,1524,0,0
1776025899320,1587,config 2 request,200,OK,config 2 2-10,text,false,"The operation lasted too long: It took 1,587 milliseconds, but should not have lasted longer than 775 milliseconds.",231,167,14,42,http://stload.se.ifmo.ru:8080/?token=518477874&user=-1355069478&config=2,1587,0,0
1776025899523,1384,config 3 request,200,OK,config 3 3-1,text,false,"The operation lasted too long: It took 1,384 milliseconds, but should not have lasted longer than 775 milliseconds.",231,167,14,42,http://stload.se.ifmo.ru:8080/?token=518477874&user=-1355069478&config=3,1384,0,0
1776025899781,1271,config 3 request,200,OK,config 3 3-9,text,false,"The operation lasted too long: It took 1,271 milliseconds, but should not have lasted longer than 775 milliseconds.",231,167,14,42,http://stload.se.ifmo.ru:8080/?token=518477874&user=-1355069478&config=3,1271,0,0
1776025899735,1437,config 2 request,200,OK,config 2 2-4,text,false,"The operation lasted too long: It took 1,437 milliseconds, but should not have lasted longer than 775 milliseconds.",231,167,14,42,http://stload.se.ifmo.ru:8080/?token=518477874&user=-1355069478&config=2,1437,0,0
1776025899604,1568,config 2 request,200,OK,config 2 2-2,text,false,"The operation lasted too long: It took 1,568 milliseconds, but should not have lasted longer than 775 milliseconds.",231,167,14,42,http://stload.se.ifmo.ru:8080/?token=518477874&user=-1355069478&config=2,1568,0,0
1776025899942,1230,config 3 request,200,OK,config 3 3-3,text,false,"The operation lasted too long: It took 1,230 milliseconds, but should not have lasted longer than 775 milliseconds.",231,167,14,42,http://stload.se.ifmo.ru:8080/?token=518477874&user=-1355069478&config=3,1230,0,0
1776025899708,1464,config 2 request,200,OK,config 2 2-1,text,false,"The operation lasted too long: It took 1,464 milliseconds, but should not have lasted longer than 775 milliseconds.",231,167,14,42,http://stload.se.ifmo.ru:8080/?token=518477874&user=-1355069478&config=2,1464,0,0
1776025899806,1367,config 2 request,200,OK,config 2 2-5,text,false,"The operation lasted too long: It took 1,367 milliseconds, but should not have lasted longer than 775 milliseconds.",231,167,14,42,http://stload.se.ifmo.ru:8080/?token=518477874&user=-1355069478&config=2,1367,0,0
1776025899977,1196,config 3 request,200,OK,config 3 3-12,text,false,"The operation lasted too long: It took 1,196 milliseconds, but should not have lasted longer than 775 milliseconds.",231,167,14,42,http://stload.se.ifmo.ru:8080/?token=518477874&user=-1355069478&config=3,1196,0,0
1776025899808,1406,config 2 request,200,OK,config 2 2-7,text,false,"The operation lasted too long: It took 1,406 milliseconds, but should not have lasted longer than 775 milliseconds.",231,167,14,42,http://stload.se.ifmo.ru:8080/?token=518477874&user=-1355069478&config=2,1406,0,0
1776025900034,1180,config 3 request,200,OK,config 3 3-6,text,false,"The operation lasted too long: It took 1,180 milliseconds, but should not have lasted longer than 775 milliseconds.",231,167,14,42,http://stload.se.ifmo.ru:8080/?token=518477874&user=-1355069478&config=3,1180,0,0
1776025899885,1486,config 2 request,200,OK,config 2 2-13,text,false,"The operation lasted too long: It took 1,486 milliseconds, but should not have lasted longer than 775 milliseconds.",231,167,14,42,http://stload.se.ifmo.ru:8080/?token=518477874&user=-1355069478&config=2,1486,0,0
1776025900237,1274,config 3 request,200,OK,config 3 3-5,text,false,"The operation lasted too long: It took 1,274 milliseconds, but should not have lasted longer than 775 milliseconds.",231,167,14,42,http://stload.se.ifmo.ru:8080/?token=518477874&user=-1355069478&config=3,1274,0,0
1776025900075,1436,config 2 request,200,OK,config 2 2-3,text,false,"The operation lasted too long: It took 1,436 milliseconds, but should not have lasted longer than 775 milliseconds.",231,167,14,42,http://stload.se.ifmo.ru:8080/?token=518477874&user=-1355069478&config=2,1436,0,0
1776025900247,1402,config 3 request,200,OK,config 3 3-2,text,false,"The operation lasted too long: It took 1,402 milliseconds, but should not have lasted longer than 775 milliseconds.",231,167,14,42,http://stload.se.ifmo.ru:8080/?token=518477874&user=-1355069478&config=3,1402,0,0
1776025900245,1404,config 3 request,200,OK,config 3 3-8,text,false,"The operation lasted too long: It took 1,404 milliseconds, but should not have lasted longer than 775 milliseconds.",231,167,14,42,http://stload.se.ifmo.ru:8080/?token=518477874&user=-1355069478&config=3,1404,0,0
1776025900346,1304,config 3 request,200,OK,config 3 3-14,text,false,"The operation lasted too long: It took 1,304 milliseconds, but should not have lasted longer than 775 milliseconds.",231,167,14,42,http://stload.se.ifmo.ru:8080/?token=518477874&user=-1355069478&config=3,1304,0,0
1776025900390,1542,config 2 request,200,OK,config 2 2-9,text,false,"The operation lasted too long: It took 1,542 milliseconds, but should not have lasted longer than 775 milliseconds.",231,167,14,42,http://stload.se.ifmo.ru:8080/?token=518477874&user=-1355069478&config=2,1542,0,0
1776025900489,1443,config 3 request,200,OK,config 3 3-11,text,false,"The operation lasted too long: It took 1,443 milliseconds, but should not have lasted longer than 775 milliseconds.",231,167,14,42,http://stload.se.ifmo.ru:8080/?token=518477874&user=-1355069478&config=3,1443,0,0
1776025900488,1512,config 2 request,200,OK,config 2 2-8,text,false,"The operation lasted too long: It took 1,512 milliseconds, but should not have lasted longer than 775 milliseconds.",231,167,14,42,http://stload.se.ifmo.ru:8080/?token=518477874&user=-1355069478&config=2,1512,0,0
1776025900798,1207,config 3 request,200,OK,config 3 3-7,text,false,"The operation lasted too long: It took 1,207 milliseconds, but should not have lasted longer than 775 milliseconds.",231,167,14,42,http://stload.se.ifmo.ru:8080/?token=518477874&user=-1355069478&config=3,1207,0,0
1776025900635,1466,config 2 request,200,OK,config 2 2-11,text,false,"The operation lasted too long: It took 1,466 milliseconds, but should not have lasted longer than 775 milliseconds.",231,167,14,42,http://stload.se.ifmo.ru:8080/?token=518477874&user=-1355069478&config=2,1466,0,0
1776025900866,1235,config 3 request,200,OK,config 3 3-13,text,false,"The operation lasted too long: It took 1,235 milliseconds, but should not have lasted longer than 775 milliseconds.",231,167,14,42,http://stload.se.ifmo.ru:8080/?token=518477874&user=-1355069478&config=3,1235,0,0
1776025900800,1301,config 3 request,200,OK,config 3 3-4,text,false,"The operation lasted too long: It took 1,301 milliseconds, but should not have lasted longer than 775 milliseconds.",231,167,14,42,http://stload.se.ifmo.ru:8080/?token=518477874&user=-1355069478&config=3,1301,0,0
1776025900867,1284,config 3 request,200,OK,config 3 3-10,text,false,"The operation lasted too long: It took 1,284 milliseconds, but should not have lasted longer than 775 milliseconds.",231,167,14,42,http://stload.se.ifmo.ru:8080/?token=518477874&user=-1355069478&config=3,1284,0,0
1776025900635,1516,config 2 request,200,OK,config 2 2-6,text,false,"The operation lasted too long: It took 1,516 milliseconds, but should not have lasted longer than 775 milliseconds.",231,167,14,42,http://stload.se.ifmo.ru:8080/?token=518477874&user=-1355069478&config=2,1516,0,0
1776025900673,1478,config 2 request,200,OK,config 2 2-12,text,false,"The operation lasted too long: It took 1,478 milliseconds, but should not have lasted longer than 775 milliseconds.",231,167,14,42,http://stload.se.ifmo.ru:8080/?token=518477874&user=-1355069478&config=2,1478,0,0
1776025901020,1164,config 3 request,200,OK,config 3 3-1,text,false,"The operation lasted too long: It took 1,164 milliseconds, but should not have lasted longer than 775 milliseconds.",231,167,14,42,http://stload.se.ifmo.ru:8080/?token=518477874&user=-1355069478&config=3,1164,0,0
1776025900907,1483,config 2 request,200,OK,config 2 2-10,text,false,"The operation lasted too long: It took 1,483 milliseconds, but should not have lasted longer than 775 milliseconds.",231,167,14,42,http://stload.se.ifmo.ru:8080/?token=518477874&user=-1355069478&config=2,1483,0,0
1776025900866,1524,config 2 request,200,OK,config 2 2-14,text,false,"The operation lasted too long: It took 1,524 milliseconds, but should not have lasted longer than 775 milliseconds.",231,167,14,42,http://stload.se.ifmo.ru:8080/?token=518477874&user=-1355069478&config=2,1524,0,0
1776025901284,1297,config 3 request,200,OK,config 3 3-9,text,false,"The operation lasted too long: It took 1,297 milliseconds, but should not have lasted longer than 775 milliseconds.",231,167,14,42,http://stload.se.ifmo.ru:8080/?token=518477874&user=-1355069478&config=3,1297,0,0
1776025901179,1402,config 2 request,200,OK,config 2 2-2,text,false,"The operation lasted too long: It took 1,402 milliseconds, but should not have lasted longer than 775 milliseconds.",231,167,14,42,http://stload.se.ifmo.ru:8080/?token=518477874&user=-1355069478&config=2,1402,0,0
1776025901210,1571,config 2 request,200,OK,config 2 2-1,text,false,"The operation lasted too long: It took 1,571 milliseconds, but should not have lasted longer than 775 milliseconds.",231,167,14,42,http://stload.se.ifmo.ru:8080/?token=518477874&user=-1355069478&config=2,1571,0,0
1776025901237,1557,config 2 request,200,OK,config 2 2-4,text,false,"The operation lasted too long: It took 1,557 milliseconds, but should not have lasted longer than 775 milliseconds.",231,167,14,42,http://stload.se.ifmo.ru:8080/?token=518477874&user=-1355069478&config=2,1557,0,0
1776025901448,1346,config 3 request,200,OK,config 3 3-3,text,false,"The operation lasted too long: It took 1,346 milliseconds, but should not have lasted longer than 775 milliseconds.",231,167,14,42,http://stload.se.ifmo.ru:8080/?token=518477874&user=-1355069478&config=3,1346,0,0
1776025901486,1309,config 3 request,200,OK,config 3 3-12,text,false,"The operation lasted too long: It took 1,309 milliseconds, but should not have lasted longer than 775 milliseconds.",231,167,14,42,http://stload.se.ifmo.ru:8080/?token=518477874&user=-1355069478&config=3,1309,0,0
1776025901536,1278,config 3 request,200,OK,config 3 3-6,text,false,"The operation lasted too long: It took 1,278 milliseconds, but should not have lasted longer than 775 milliseconds.",231,167,14,42,http://stload.se.ifmo.ru:8080/?token=518477874&user=-1355069478&config=3,1278,0,0
1776025901309,1505,config 2 request,200,OK,config 2 2-7,text,false,"The operation lasted too long: It took 1,505 milliseconds, but should not have lasted longer than 775 milliseconds.",231,167,14,42,http://stload.se.ifmo.ru:8080/?token=518477874&user=-1355069478&config=2,1505,0,0
1776025901309,1505,config 2 request,200,OK,config 2 2-5,text,false,"The operation lasted too long: It took 1,505 milliseconds, but should not have lasted longer than 775 milliseconds.",231,167,14,42,http://stload.se.ifmo.ru:8080/?token=518477874&user=-1355069478&config=2,1505,0,0
1776025901392,1461,config 2 request,200,OK,config 2 2-13,text,false,"The operation lasted too long: It took 1,461 milliseconds, but should not have lasted longer than 775 milliseconds.",231,167,14,42,http://stload.se.ifmo.ru:8080/?token=518477874&user=-1355069478&config=2,1461,0,0
1776025901742,1170,config 3 request,200,OK,config 3 3-5,text,false,"The operation lasted too long: It took 1,170 milliseconds, but should not have lasted longer than 775 milliseconds.",231,167,14,42,http://stload.se.ifmo.ru:8080/?token=518477874&user=-1355069478&config=3,1170,0,0
1776025901749,1240,config 3 request,200,OK,config 3 3-2,text,false,"The operation lasted too long: It took 1,240 milliseconds, but should not have lasted longer than 775 milliseconds.",231,167,14,42,http://stload.se.ifmo.ru:8080/?token=518477874&user=-1355069478&config=3,1240,0,0
1776025901850,1139,config 3 request,200,OK,config 3 3-14,text,false,"The operation lasted too long: It took 1,139 milliseconds, but should not have lasted longer than 775 milliseconds.",231,167,14,42,http://stload.se.ifmo.ru:8080/?token=518477874&user=-1355069478&config=3,1139,0,0
1776025901748,1241,config 3 request,200,OK,config 3 3-8,text,false,"The operation lasted too long: It took 1,241 milliseconds, but should not have lasted longer than 775 milliseconds.",231,167,14,42,http://stload.se.ifmo.ru:8080/?token=518477874&user=-1355069478&config=3,1241,0,0
1776025901582,1412,config 2 request,200,OK,config 2 2-3,text,false,"The operation lasted too long: It took 1,412 milliseconds, but should not have lasted longer than 775 milliseconds.",231,167,14,42,http://stload.se.ifmo.ru:8080/?token=518477874&user=-1355069478&config=2,1412,0,0
1776025901993,1146,config 3 request,200,OK,config 3 3-11,text,false,"The operation lasted too long: It took 1,146 milliseconds, but should not have lasted longer than 775 milliseconds.",231,167,14,42,http://stload.se.ifmo.ru:8080/?token=518477874&user=-1355069478&config=3,1146,0,0
1776025901939,1448,config 2 request,200,OK,config 2 2-9,text,false,"The operation lasted too long: It took 1,448 milliseconds, but should not have lasted longer than 775 milliseconds.",231,167,14,42,http://stload.se.ifmo.ru:8080/?token=518477874&user=-1355069478&config=2,1448,0,0
1776025902007,1381,config 2 request,200,OK,config 2 2-8,text,false,"The operation lasted too long: It took 1,381 milliseconds, but should not have lasted longer than 775 milliseconds.",231,167,14,42,http://stload.se.ifmo.ru:8080/?token=518477874&user=-1355069478&config=2,1381,0,0
1776025902158,1411,config 2 request,200,OK,config 2 2-6,text,false,"The operation lasted too long: It took 1,411 milliseconds, but should not have lasted longer than 775 milliseconds.",231,167,14,42,http://stload.se.ifmo.ru:8080/?token=518477874&user=-1355069478&config=2,1411,0,0
1776025902143,1426,config 2 request,200,OK,config 2 2-11,text,false,"The operation lasted too long: It took 1,426 milliseconds, but should not have lasted longer than 775 milliseconds.",231,167,14,42,http://stload.se.ifmo.ru:8080/?token=518477874&user=-1355069478&config=2,1426,0,0
1776025902307,1411,config 3 request,200,OK,config 3 3-7,text,false,"The operation lasted too long: It took 1,411 milliseconds, but should not have lasted longer than 775 milliseconds.",231,167,14,42,http://stload.se.ifmo.ru:8080/?token=518477874&user=-1355069478&config=3,1411,0,0
1776025902307,1440,config 3 request,200,OK,config 3 3-4,text,false,"The operation lasted too long: It took 1,440 milliseconds, but should not have lasted longer than 775 milliseconds.",231,167,14,42,http://stload.se.ifmo.ru:8080/?token=518477874&user=-1355069478&config=3,1440,0,0
1776025902375,1372,config 3 request,200,OK,config 3 3-10,text,false,"The operation lasted too long: It took 1,372 milliseconds, but should not have lasted longer than 775 milliseconds.",231,167,14,42,http://stload.se.ifmo.ru:8080/?token=518477874&user=-1355069478&config=3,1372,0,0
1776025902374,1373,config 3 request,200,OK,config 3 3-13,text,false,"The operation lasted too long: It took 1,373 milliseconds, but should not have lasted longer than 775 milliseconds.",231,167,14,42,http://stload.se.ifmo.ru:8080/?token=518477874&user=-1355069478&config=3,1373,0,0
1776025902174,1613,config 2 request,200,OK,config 2 2-12,text,false,"The operation lasted too long: It took 1,613 milliseconds, but should not have lasted longer than 775 milliseconds.",231,167,14,42,http://stload.se.ifmo.ru:8080/?token=518477874&user=-1355069478&config=2,1613,0,0
1776025902527,1291,config 3 request,200,OK,config 3 3-1,text,false,"The operation lasted too long: It took 1,291 milliseconds, but should not have lasted longer than 775 milliseconds.",231,167,14,42,http://stload.se.ifmo.ru:8080/?token=518477874&user=-1355069478&config=3,1291,0,139
1776025902785,1131,config 3 request,200,OK,config 3 3-9,text,false,"The operation lasted too long: It took 1,131 milliseconds, but should not have lasted longer than 775 milliseconds.",231,167,14,42,http://stload.se.ifmo.ru:8080/?token=518477874&user=-1355069478&config=3,1131,0,0
1776025902415,1568,config 2 request,200,OK,config 2 2-10,text,false,"The operation lasted too long: It took 1,568 milliseconds, but should not have lasted longer than 775 milliseconds.",231,167,14,42,http://stload.se.ifmo.ru:8080/?token=518477874&user=-1355069478&config=2,1568,0,0
1776025902397,1716,config 2 request,200,OK,config 2 2-14,text,false,"The operation lasted too long: It took 1,716 milliseconds, but should not have lasted longer than 775 milliseconds.",231,167,14,42,http://stload.se.ifmo.ru:8080/?token=518477874&user=-1355069478&config=2,1716,0,0
1776025902795,1318,config 2 request,200,OK,config 2 2-4,text,false,"The operation lasted too long: It took 1,318 milliseconds, but should not have lasted longer than 775 milliseconds.",231,167,14,42,http://stload.se.ifmo.ru:8080/?token=518477874&user=-1355069478&config=2,1318,0,0
1776025902682,1431,config 2 request,200,OK,config 2 2-2,text,false,"The operation lasted too long: It took 1,431 milliseconds, but should not have lasted longer than 775 milliseconds.",231,167,14,42,http://stload.se.ifmo.ru:8080/?token=518477874&user=-1355069478&config=2,1431,0,0
1776025902890,1311,config 2 request,200,OK,config 2 2-13,text,false,"The operation lasted too long: It took 1,311 milliseconds, but should not have lasted longer than 775 milliseconds.",231,167,14,42,http://stload.se.ifmo.ru:8080/?token=518477874&user=-1355069478&config=2,1311,0,0
1776025902814,1387,config 2 request,200,OK,config 2 2-7,text,false,"The operation lasted too long: It took 1,387 milliseconds, but should not have lasted longer than 775 milliseconds.",231,167,14,42,http://stload.se.ifmo.ru:8080/?token=518477874&user=-1355069478&config=2,1387,0,0
1776025902815,1387,config 2 request,200,OK,config 2 2-5,text,false,"The operation lasted too long: It took 1,387 milliseconds, but should not have lasted longer than 775 milliseconds.",231,167,14,42,http://stload.se.ifmo.ru:8080/?token=518477874&user=-1355069478&config=2,1387,0,0
1776025902981,1409,config 3 request,200,OK,config 3 3-12,text,false,"The operation lasted too long: It took 1,409 milliseconds, but should not have lasted longer than 775 milliseconds.",231,167,14,42,http://stload.se.ifmo.ru:8080/?token=518477874&user=-1355069478&config=3,1409,0,0
1776025903037,1353,config 3 request,200,OK,config 3 3-6,text,false,"The operation lasted too long: It took 1,353 milliseconds, but should not have lasted longer than 775 milliseconds.",231,167,14,42,http://stload.se.ifmo.ru:8080/?token=518477874&user=-1355069478&config=3,1353,0,0
1776025903237,1293,config 3 request,200,OK,config 3 3-5,text,false,"The operation lasted too long: It took 1,293 milliseconds, but should not have lasted longer than 775 milliseconds.",231,167,14,42,http://stload.se.ifmo.ru:8080/?token=518477874&user=-1355069478&config=3,1293,0,0
1776025902782,1748,config 2 request,200,OK,config 2 2-1,text,false,"The operation lasted too long: It took 1,748 milliseconds, but should not have lasted longer than 775 milliseconds.",231,167,14,42,http://stload.se.ifmo.ru:8080/?token=518477874&user=-1355069478&config=2,1748,0,129
1776025903248,1350,config 3 request,200,OK,config 3 3-8,text,false,"The operation lasted too long: It took 1,350 milliseconds, but should not have lasted longer than 775 milliseconds.",231,167,14,42,http://stload.se.ifmo.ru:8080/?token=518477874&user=-1355069478&config=3,1350,0,0
1776025902949,1649,config 3 request,200,OK,config 3 3-3,text,false,"The operation lasted too long: It took 1,649 milliseconds, but should not have lasted longer than 775 milliseconds.",231,167,14,42,http://stload.se.ifmo.ru:8080/?token=518477874&user=-1355069478&config=3,1649,0,138
1776025903350,1280,config 3 request,200,OK,config 3 3-14,text,false,"The operation lasted too long: It took 1,280 milliseconds, but should not have lasted longer than 775 milliseconds.",231,167,14,42,http://stload.se.ifmo.ru:8080/?token=518477874&user=-1355069478&config=3,1280,0,0
1776025903083,1547,config 2 request,200,OK,config 2 2-3,text,false,"The operation lasted too long: It took 1,547 milliseconds, but should not have lasted longer than 775 milliseconds.",231,167,14,42,http://stload.se.ifmo.ru:8080/?token=518477874&user=-1355069478&config=2,1547,0,0
1776025903251,1458,config 3 request,200,OK,config 3 3-2,text,false,"The operation lasted too long: It took 1,458 milliseconds, but should not have lasted longer than 775 milliseconds.",231,167,14,42,http://stload.se.ifmo.ru:8080/?token=518477874&user=-1355069478&config=3,1458,0,183
1776025903495,1215,config 3 request,200,OK,config 3 3-11,text,false,"The operation lasted too long: It took 1,215 milliseconds, but should not have lasted longer than 775 milliseconds.",231,167,14,42,http://stload.se.ifmo.ru:8080/?token=518477874&user=-1355069478&config=3,1215,0,0
1776025903441,1417,config 2 request,200,OK,config 2 2-9,text,false,"The operation lasted too long: It took 1,417 milliseconds, but should not have lasted longer than 775 milliseconds.",231,167,14,42,http://stload.se.ifmo.ru:8080/?token=518477874&user=-1355069478&config=2,1417,0,0
1776025903805,1241,config 3 request,200,OK,config 3 3-7,text,false,"The operation lasted too long: It took 1,241 milliseconds, but should not have lasted longer than 775 milliseconds.",231,167,14,42,http://stload.se.ifmo.ru:8080/?token=518477874&user=-1355069478&config=3,1241,0,0
1776025903644,1402,config 2 request,200,OK,config 2 2-11,text,false,"The operation lasted too long: It took 1,402 milliseconds, but should not have lasted longer than 775 milliseconds.",231,167,14,42,http://stload.se.ifmo.ru:8080/?token=518477874&user=-1355069478&config=2,1402,0,0
1776025903510,1536,config 2 request,200,OK,config 2 2-8,text,false,"The operation lasted too long: It took 1,536 milliseconds, but should not have lasted longer than 775 milliseconds.",231,167,14,42,http://stload.se.ifmo.ru:8080/?token=518477874&user=-1355069478&config=2,1536,0,0
1776025903875,1266,config 3 request,200,OK,config 3 3-13,text,false,"The operation lasted too long: It took 1,266 milliseconds, but should not have lasted longer than 775 milliseconds.",231,167,14,42,http://stload.se.ifmo.ru:8080/?token=518477874&user=-1355069478&config=3,1266,0,0
1776025903874,1267,config 3 request,200,OK,config 3 3-10,text,false,"The operation lasted too long: It took 1,267 milliseconds, but should not have lasted longer than 775 milliseconds.",231,167,14,42,http://stload.se.ifmo.ru:8080/?token=518477874&user=-1355069478&config=3,1267,0,0
1776025903658,1483,config 2 request,200,OK,config 2 2-6,text,false,"The operation lasted too long: It took 1,483 milliseconds, but should not have lasted longer than 775 milliseconds.",231,167,14,42,http://stload.se.ifmo.ru:8080/?token=518477874&user=-1355069478&config=2,1483,0,0
1776025903787,1434,config 2 request,200,OK,config 2 2-12,text,false,"The operation lasted too long: It took 1,434 milliseconds, but should not have lasted longer than 775 milliseconds.",231,167,14,42,http://stload.se.ifmo.ru:8080/?token=518477874&user=-1355069478&config=2,1434,0,0
1776025903803,1418,config 3 request,200,OK,config 3 3-4,text,false,"The operation lasted too long: It took 1,418 milliseconds, but should not have lasted longer than 775 milliseconds.",231,167,14,42,http://stload.se.ifmo.ru:8080/?token=518477874&user=-1355069478&config=3,1418,0,140
1776025904022,1345,config 3 request,200,OK,config 3 3-1,text,false,"The operation lasted too long: It took 1,345 milliseconds, but should not have lasted longer than 775 milliseconds.",231,167,14,42,http://stload.se.ifmo.ru:8080/?token=518477874&user=-1355069478&config=3,1344,0,0
1776025903984,1463,config 2 request,200,OK,config 2 2-10,text,false,"The operation lasted too long: It took 1,463 milliseconds, but should not have lasted longer than 775 milliseconds.",231,167,14,42,http://stload.se.ifmo.ru:8080/?token=518477874&user=-1355069478&config=2,1463,0,0
1776025904286,1306,config 3 request,200,OK,config 3 3-9,text,false,"The operation lasted too long: It took 1,306 milliseconds, but should not have lasted longer than 775 milliseconds.",231,167,14,42,http://stload.se.ifmo.ru:8080/?token=518477874&user=-1355069478&config=3,1306,0,0
1776025904113,1479,config 2 request,200,OK,config 2 2-14,text,false,"The operation lasted too long: It took 1,479 milliseconds, but should not have lasted longer than 775 milliseconds.",231,167,14,42,http://stload.se.ifmo.ru:8080/?token=518477874&user=-1355069478&config=2,1479,0,0
1776025904536,1191,config 3 request,200,OK,config 3 3-6,text,false,"The operation lasted too long: It took 1,191 milliseconds, but should not have lasted longer than 775 milliseconds.",231,167,14,42,http://stload.se.ifmo.ru:8080/?token=518477874&user=-1355069478&config=3,1191,0,0
1776025904483,1244,config 3 request,200,OK,config 3 3-12,text,false,"The operation lasted too long: It took 1,244 milliseconds, but should not have lasted longer than 775 milliseconds.",231,167,14,42,http://stload.se.ifmo.ru:8080/?token=518477874&user=-1355069478&config=3,1244,0,0
1776025904318,1467,config 2 request,200,OK,config 2 2-5,text,false,"The operation lasted too long: It took 1,467 milliseconds, but should not have lasted longer than 775 milliseconds.",231,167,14,42,http://stload.se.ifmo.ru:8080/?token=518477874&user=-1355069478&config=2,1467,0,0
1776025904318,1467,config 2 request,200,OK,config 2 2-7,text,false,"The operation lasted too long: It took 1,467 milliseconds, but should not have lasted longer than 775 milliseconds.",231,167,14,42,http://stload.se.ifmo.ru:8080/?token=518477874&user=-1355069478&config=2,1467,0,0
1776025904393,1468,config 2 request,200,OK,config 2 2-13,text,false,"The operation lasted too long: It took 1,468 milliseconds, but should not have lasted longer than 775 milliseconds.",231,167,14,42,http://stload.se.ifmo.ru:8080/?token=518477874&user=-1355069478&config=2,1468,0,0
1776025904296,1617,config 2 request,200,OK,config 2 2-4,text,false,"The operation lasted too long: It took 1,617 milliseconds, but should not have lasted longer than 775 milliseconds.",231,167,14,42,http://stload.se.ifmo.ru:8080/?token=518477874&user=-1355069478&config=2,1617,0,187
1776025904182,1730,config 2 request,200,OK,config 2 2-2,text,false,"The operation lasted too long: It took 1,730 milliseconds, but should not have lasted longer than 775 milliseconds.",231,167,14,42,http://stload.se.ifmo.ru:8080/?token=518477874&user=-1355069478&config=2,1730,0,163
1776025904530,1383,config 2 request,200,OK,config 2 2-1,text,false,"The operation lasted too long: It took 1,383 milliseconds, but should not have lasted longer than 775 milliseconds.",231,167,14,42,http://stload.se.ifmo.ru:8080/?token=518477874&user=-1355069478&config=2,1383,0,0
1776025904598,1397,config 3 request,200,OK,config 3 3-3,text,false,"The operation lasted too long: It took 1,397 milliseconds, but should not have lasted longer than 775 milliseconds.",231,167,14,42,http://stload.se.ifmo.ru:8080/?token=518477874&user=-1355069478&config=3,1397,0,0
1776025904746,1249,config 3 request,200,OK,config 3 3-8,text,false,"The operation lasted too long: It took 1,249 milliseconds, but should not have lasted longer than 775 milliseconds.",231,167,14,42,http://stload.se.ifmo.ru:8080/?token=518477874&user=-1355069478&config=3,1249,0,0
1776025904746,1249,config 3 request,200,OK,config 3 3-2,text,false,"The operation lasted too long: It took 1,249 milliseconds, but should not have lasted longer than 775 milliseconds.",231,167,14,42,http://stload.se.ifmo.ru:8080/?token=518477874&user=-1355069478&config=3,1249,0,0
1776025904847,1281,config 3 request,200,OK,config 3 3-14,text,false,"The operation lasted too long: It took 1,281 milliseconds, but should not have lasted longer than 775 milliseconds.",231,167,14,42,http://stload.se.ifmo.ru:8080/?token=518477874&user=-1355069478&config=3,1281,0,0
1776025904992,1217,config 3 request,200,OK,config 3 3-11,text,false,"The operation lasted too long: It took 1,217 milliseconds, but should not have lasted longer than 775 milliseconds.",231,167,14,42,http://stload.se.ifmo.ru:8080/?token=518477874&user=-1355069478&config=3,1217,0,0
1776025904940,1455,config 2 request,200,OK,config 2 2-9,text,false,"The operation lasted too long: It took 1,455 milliseconds, but should not have lasted longer than 775 milliseconds.",231,167,14,42,http://stload.se.ifmo.ru:8080/?token=518477874&user=-1355069478&config=2,1455,0,0
1776025904737,1658,config 3 request,200,OK,config 3 3-5,text,false,"The operation lasted too long: It took 1,658 milliseconds, but should not have lasted longer than 775 milliseconds.",231,167,14,42,http://stload.se.ifmo.ru:8080/?token=518477874&user=-1355069478&config=3,1658,0,215
1776025904630,1766,config 2 request,200,OK,config 2 2-3,text,false,"The operation lasted too long: It took 1,766 milliseconds, but should not have lasted longer than 775 milliseconds.",231,167,14,42,http://stload.se.ifmo.ru:8080/?token=518477874&user=-1355069478&config=2,1766,0,228
1776025905301,1229,config 3 request,200,OK,config 3 3-4,text,false,"The operation lasted too long: It took 1,229 milliseconds, but should not have lasted longer than 775 milliseconds.",231,167,14,42,http://stload.se.ifmo.ru:8080/?token=518477874&user=-1355069478&config=3,1229,0,0
1776025905301,1230,config 3 request,200,OK,config 3 3-7,text,false,"The operation lasted too long: It took 1,230 milliseconds, but should not have lasted longer than 775 milliseconds.",231,167,14,42,http://stload.se.ifmo.ru:8080/?token=518477874&user=-1355069478&config=3,1229,0,0
1776025905143,1441,config 2 request,200,OK,config 2 2-11,text,false,"The operation lasted too long: It took 1,441 milliseconds, but should not have lasted longer than 775 milliseconds.",231,167,14,42,http://stload.se.ifmo.ru:8080/?token=518477874&user=-1355069478&config=2,1441,0,0
1776025905047,1537,config 2 request,200,OK,config 2 2-8,text,false,"The operation lasted too long: It took 1,537 milliseconds, but should not have lasted longer than 775 milliseconds.",231,167,14,42,http://stload.se.ifmo.ru:8080/?token=518477874&user=-1355069478&config=2,1537,0,0
1776025905374,1211,config 3 request,200,OK,config 3 3-13,text,false,"The operation lasted too long: It took 1,211 milliseconds, but should not have lasted longer than 775 milliseconds.",231,167,14,42,http://stload.se.ifmo.ru:8080/?token=518477874&user=-1355069478&config=3,1211,0,0
1776025905374,1251,config 3 request,200,OK,config 3 3-10,text,false,"The operation lasted too long: It took 1,251 milliseconds, but should not have lasted longer than 775 milliseconds.",231,167,14,42,http://stload.se.ifmo.ru:8080/?token=518477874&user=-1355069478&config=3,1251,0,0
1776025905157,1468,config 2 request,200,OK,config 2 2-6,text,false,"The operation lasted too long: It took 1,468 milliseconds, but should not have lasted longer than 775 milliseconds.",231,167,14,42,http://stload.se.ifmo.ru:8080/?token=518477874&user=-1355069478&config=2,1468,0,0
1776025905288,1432,config 2 request,200,OK,config 2 2-12,text,false,"The operation lasted too long: It took 1,432 milliseconds, but should not have lasted longer than 775 milliseconds.",231,167,14,42,http://stload.se.ifmo.ru:8080/?token=518477874&user=-1355069478&config=2,1432,0,0
1776025905524,1244,config 3 request,200,OK,config 3 3-1,text,false,"The operation lasted too long: It took 1,244 milliseconds, but should not have lasted longer than 775 milliseconds.",231,167,14,42,http://stload.se.ifmo.ru:8080/?token=518477874&user=-1355069478&config=3,1244,0,0
1776025905483,1417,config 2 request,200,OK,config 2 2-10,text,false,"The operation lasted too long: It took 1,417 milliseconds, but should not have lasted longer than 775 milliseconds.",231,167,14,42,http://stload.se.ifmo.ru:8080/?token=518477874&user=-1355069478&config=2,1417,0,0
1776025905614,1415,config 2 request,200,OK,config 2 2-14,text,false,"The operation lasted too long: It took 1,415 milliseconds, but should not have lasted longer than 775 milliseconds.",231,167,14,42,http://stload.se.ifmo.ru:8080/?token=518477874&user=-1355069478&config=2,1415,0,0
1776025905784,1245,config 3 request,200,OK,config 3 3-9,text,false,"The operation lasted too long: It took 1,245 milliseconds, but should not have lasted longer than 775 milliseconds.",231,167,14,42,http://stload.se.ifmo.ru:8080/?token=518477874&user=-1355069478&config=3,1245,0,0
1776025905981,1308,config 3 request,200,OK,config 3 3-12,text,false,"The operation lasted too long: It took 1,308 milliseconds, but should not have lasted longer than 775 milliseconds.",231,167,14,42,http://stload.se.ifmo.ru:8080/?token=518477874&user=-1355069478&config=3,1308,0,0
1776025905817,1472,config 2 request,200,OK,config 2 2-7,text,false,"The operation lasted too long: It took 1,472 milliseconds, but should not have lasted longer than 775 milliseconds.",231,167,14,42,http://stload.se.ifmo.ru:8080/?token=518477874&user=-1355069478&config=2,1472,0,0
1776025905891,1398,config 2 request,200,OK,config 2 2-13,text,false,"The operation lasted too long: It took 1,398 milliseconds, but should not have lasted longer than 775 milliseconds.",231,167,14,42,http://stload.se.ifmo.ru:8080/?token=518477874&user=-1355069478&config=2,1398,0,0
1776025905913,1444,config 2 request,200,OK,config 2 2-2,text,false,"The operation lasted too long: It took 1,444 milliseconds, but should not have lasted longer than 775 milliseconds.",231,167,14,42,http://stload.se.ifmo.ru:8080/?token=518477874&user=-1355069478&config=2,1444,0,0
1776025905913,1444,config 2 request,200,OK,config 2 2-4,text,false,"The operation lasted too long: It took 1,444 milliseconds, but should not have lasted longer than 775 milliseconds.",231,167,14,42,http://stload.se.ifmo.ru:8080/?token=518477874&user=-1355069478&config=2,1444,0,0
1776025906105,1315,config 3 request,200,OK,config 3 3-3,text,false,"The operation lasted too long: It took 1,315 milliseconds, but should not have lasted longer than 775 milliseconds.",231,167,14,42,http://stload.se.ifmo.ru:8080/?token=518477874&user=-1355069478&config=3,1315,0,0
1776025906031,1385,config 3 request,200,OK,config 3 3-6,text,false,"The operation lasted too long: It took 1,385 milliseconds, but should not have lasted longer than 775 milliseconds.",231,167,14,42,http://stload.se.ifmo.ru:8080/?token=518477874&user=-1355069478&config=3,1385,0,137
1776025905817,1634,config 2 request,200,OK,config 2 2-5,text,false,"The operation lasted too long: It took 1,634 milliseconds, but should not have lasted longer than 775 milliseconds.",231,167,14,42,http://stload.se.ifmo.ru:8080/?token=518477874&user=-1355069478&config=2,1634,0,178
1776025906346,1142,config 3 request,200,OK,config 3 3-14,text,false,"The operation lasted too long: It took 1,142 milliseconds, but should not have lasted longer than 775 milliseconds.",231,167,14,42,http://stload.se.ifmo.ru:8080/?token=518477874&user=-1355069478&config=3,1142,0,0
1776025906246,1242,config 3 request,200,OK,config 3 3-8,text,false,"The operation lasted too long: It took 1,242 milliseconds, but should not have lasted longer than 775 milliseconds.",231,167,14,42,http://stload.se.ifmo.ru:8080/?token=518477874&user=-1355069478&config=3,1242,0,0
1776025906253,1275,config 3 request,200,OK,config 3 3-2,text,false,"The operation lasted too long: It took 1,275 milliseconds, but should not have lasted longer than 775 milliseconds.",231,167,14,42,http://stload.se.ifmo.ru:8080/?token=518477874&user=-1355069478&config=3,1275,0,0
1776025906033,1491,config 2 request,200,OK,config 2 2-1,text,false,"The operation lasted too long: It took 1,491 milliseconds, but should not have lasted longer than 775 milliseconds.",231,167,14,42,http://stload.se.ifmo.ru:8080/?token=518477874&user=-1355069478&config=2,1491,0,0
1776025906400,1180,config 3 request,200,OK,config 3 3-5,text,false,"The operation lasted too long: It took 1,180 milliseconds, but should not have lasted longer than 775 milliseconds.",231,167,14,42,http://stload.se.ifmo.ru:8080/?token=518477874&user=-1355069478&config=3,1180,0,0
1776025906495,1218,config 3 request,200,OK,config 3 3-11,text,false,"The operation lasted too long: It took 1,218 milliseconds, but should not have lasted longer than 775 milliseconds.",231,167,14,42,http://stload.se.ifmo.ru:8080/?token=518477874&user=-1355069478&config=3,1218,0,0
1776025906400,1556,config 2 request,200,OK,config 2 2-3,text,false,"The operation lasted too long: It took 1,556 milliseconds, but should not have lasted longer than 775 milliseconds.",231,167,14,42,http://stload.se.ifmo.ru:8080/?token=518477874&user=-1355069478&config=2,1556,0,0
1776025906589,1367,config 2 request,200,OK,config 2 2-8,text,false,"The operation lasted too long: It took 1,367 milliseconds, but should not have lasted longer than 775 milliseconds.",231,167,14,42,http://stload.se.ifmo.ru:8080/?token=518477874&user=-1355069478&config=2,1367,0,0
1776025906442,1514,config 2 request,200,OK,config 2 2-9,text,false,"The operation lasted too long: It took 1,514 milliseconds, but should not have lasted longer than 775 milliseconds.",231,167,14,42,http://stload.se.ifmo.ru:8080/?token=518477874&user=-1355069478&config=2,1514,0,0
1776025906803,1286,config 3 request,200,OK,config 3 3-4,text,false,"The operation lasted too long: It took 1,286 milliseconds, but should not have lasted longer than 775 milliseconds.",231,167,14,42,http://stload.se.ifmo.ru:8080/?token=518477874&user=-1355069478&config=3,1286,0,0
1776025906646,1443,config 2 request,200,OK,config 2 2-11,text,false,"The operation lasted too long: It took 1,443 milliseconds, but should not have lasted longer than 775 milliseconds.",231,167,14,42,http://stload.se.ifmo.ru:8080/?token=518477874&user=-1355069478&config=2,1443,0,0
1776025906662,1427,config 2 request,200,OK,config 2 2-6,text,false,"The operation lasted too long: It took 1,427 milliseconds, but should not have lasted longer than 775 milliseconds.",231,167,14,42,http://stload.se.ifmo.ru:8080/?token=518477874&user=-1355069478&config=2,1427,0,0
1776025906803,1392,config 3 request,200,OK,config 3 3-7,text,false,"The operation lasted too long: It took 1,392 milliseconds, but should not have lasted longer than 775 milliseconds.",231,167,14,42,http://stload.se.ifmo.ru:8080/?token=518477874&user=-1355069478&config=3,1392,0,0
1776025906875,1348,config 3 request,200,OK,config 3 3-13,text,false,"The operation lasted too long: It took 1,348 milliseconds, but should not have lasted longer than 775 milliseconds.",231,167,14,42,http://stload.se.ifmo.ru:8080/?token=518477874&user=-1355069478&config=3,1348,0,0
1776025906874,1442,config 3 request,200,OK,config 3 3-10,text,false,"The operation lasted too long: It took 1,442 milliseconds, but should not have lasted longer than 775 milliseconds.",231,167,14,42,http://stload.se.ifmo.ru:8080/?token=518477874&user=-1355069478&config=3,1442,0,0
1776025907026,1290,config 3 request,200,OK,config 3 3-1,text,false,"The operation lasted too long: It took 1,290 milliseconds, but should not have lasted longer than 775 milliseconds.",231,167,14,42,http://stload.se.ifmo.ru:8080/?token=518477874&user=-1355069478&config=3,1290,0,0
1776025906793,1713,config 2 request,200,OK,config 2 2-12,text,false,"The operation lasted too long: It took 1,713 milliseconds, but should not have lasted longer than 775 milliseconds.",231,167,14,42,http://stload.se.ifmo.ru:8080/?token=518477874&user=-1355069478&config=2,1713,0,0
1776025907283,1223,config 3 request,200,OK,config 3 3-9,text,false,"The operation lasted too long: It took 1,223 milliseconds, but should not have lasted longer than 775 milliseconds.",231,167,14,42,http://stload.se.ifmo.ru:8080/?token=518477874&user=-1355069478&config=3,1223,0,0
1776025906987,1519,config 2 request,200,OK,config 2 2-10,text,false,"The operation lasted too long: It took 1,519 milliseconds, but should not have lasted longer than 775 milliseconds.",231,167,14,42,http://stload.se.ifmo.ru:8080/?token=518477874&user=-1355069478&config=2,1519,0,0
1776025907318,1332,config 2 request,200,OK,config 2 2-7,text,false,"The operation lasted too long: It took 1,332 milliseconds, but should not have lasted longer than 775 milliseconds.",231,167,14,42,http://stload.se.ifmo.ru:8080/?token=518477874&user=-1355069478&config=2,1332,0,0
1776025907119,1531,config 2 request,200,OK,config 2 2-14,text,false,"The operation lasted too long: It took 1,531 milliseconds, but should not have lasted longer than 775 milliseconds.",231,167,14,42,http://stload.se.ifmo.ru:8080/?token=518477874&user=-1355069478&config=2,1531,0,0
1776025907486,1164,config 3 request,200,OK,config 3 3-12,text,false,"The operation lasted too long: It took 1,164 milliseconds, but should not have lasted longer than 775 milliseconds.",231,167,14,42,http://stload.se.ifmo.ru:8080/?token=518477874&user=-1355069478&config=3,1164,0,0
1776025907393,1352,config 2 request,200,OK,config 2 2-13,text,false,"The operation lasted too long: It took 1,352 milliseconds, but should not have lasted longer than 775 milliseconds.",231,167,14,42,http://stload.se.ifmo.ru:8080/?token=518477874&user=-1355069478&config=2,1352,0,0
1776025907421,1324,config 2 request,200,OK,config 2 2-2,text,false,"The operation lasted too long: It took 1,324 milliseconds, but should not have lasted longer than 775 milliseconds.",231,167,14,42,http://stload.se.ifmo.ru:8080/?token=518477874&user=-1355069478&config=2,1324,0,0
1776025907421,1378,config 2 request,200,OK,config 2 2-4,text,false,"The operation lasted too long: It took 1,378 milliseconds, but should not have lasted longer than 775 milliseconds.",231,167,14,42,http://stload.se.ifmo.ru:8080/?token=518477874&user=-1355069478&config=2,1378,0,0
1776025907455,1391,config 2 request,200,OK,config 2 2-5,text,false,"The operation lasted too long: It took 1,391 milliseconds, but should not have lasted longer than 775 milliseconds.",231,167,14,42,http://stload.se.ifmo.ru:8080/?token=518477874&user=-1355069478&config=2,1391,0,0
1776025907534,1312,config 3 request,200,OK,config 3 3-6,text,false,"The operation lasted too long: It took 1,312 milliseconds, but should not have lasted longer than 775 milliseconds.",231,167,14,42,http://stload.se.ifmo.ru:8080/?token=518477874&user=-1355069478&config=3,1312,0,0
1776025907605,1378,config 3 request,200,OK,config 3 3-3,text,false,"The operation lasted too long: It took 1,378 milliseconds, but should not have lasted longer than 775 milliseconds.",231,167,14,42,http://stload.se.ifmo.ru:8080/?token=518477874&user=-1355069478&config=3,1378,0,0
1776025907532,1491,config 2 request,200,OK,config 2 2-1,text,false,"The operation lasted too long: It took 1,491 milliseconds, but should not have lasted longer than 775 milliseconds.",231,167,14,42,http://stload.se.ifmo.ru:8080/?token=518477874&user=-1355069478&config=2,1491,0,0
1776025907749,1332,config 3 request,200,OK,config 3 3-2,text,false,"The operation lasted too long: It took 1,332 milliseconds, but should not have lasted longer than 775 milliseconds.",231,167,14,42,http://stload.se.ifmo.ru:8080/?token=518477874&user=-1355069478&config=3,1332,0,0
1776025907846,1275,config 3 request,200,OK,config 3 3-14,text,false,"The operation lasted too long: It took 1,275 milliseconds, but should not have lasted longer than 775 milliseconds.",231,167,14,42,http://stload.se.ifmo.ru:8080/?token=518477874&user=-1355069478&config=3,1275,0,0
1776025907902,1231,config 3 request,200,OK,config 3 3-5,text,false,"The operation lasted too long: It took 1,231 milliseconds, but should not have lasted longer than 775 milliseconds.",231,167,14,42,http://stload.se.ifmo.ru:8080/?token=518477874&user=-1355069478&config=3,1231,0,0
1776025907747,1454,config 3 request,200,OK,config 3 3-8,text,false,"The operation lasted too long: It took 1,454 milliseconds, but should not have lasted longer than 775 milliseconds.",231,167,14,42,http://stload.se.ifmo.ru:8080/?token=518477874&user=-1355069478&config=3,1454,0,117
1776025907993,1299,config 3 request,200,OK,config 3 3-11,text,false,"The operation lasted too long: It took 1,299 milliseconds, but should not have lasted longer than 775 milliseconds.",231,167,14,42,http://stload.se.ifmo.ru:8080/?token=518477874&user=-1355069478&config=3,1299,0,0
1776025907956,1573,config 2 request,200,OK,config 2 2-3,text,false,"The operation lasted too long: It took 1,573 milliseconds, but should not have lasted longer than 775 milliseconds.",231,167,14,42,http://stload.se.ifmo.ru:8080/?token=518477874&user=-1355069478&config=2,1573,0,0
1776025908301,1229,config 3 request,200,OK,config 3 3-4,text,false,"The operation lasted too long: It took 1,229 milliseconds, but should not have lasted longer than 775 milliseconds.",231,167,14,42,http://stload.se.ifmo.ru:8080/?token=518477874&user=-1355069478&config=3,1229,0,0
1776025907956,1573,config 2 request,200,OK,config 2 2-9,text,false,"The operation lasted too long: It took 1,573 milliseconds, but should not have lasted longer than 775 milliseconds.",231,167,14,42,http://stload.se.ifmo.ru:8080/?token=518477874&user=-1355069478&config=2,1573,0,0
1776025908141,1531,config 2 request,200,OK,config 2 2-11,text,false,"The operation lasted too long: It took 1,531 milliseconds, but should not have lasted longer than 775 milliseconds.",231,167,14,42,http://stload.se.ifmo.ru:8080/?token=518477874&user=-1355069478&config=2,1531,0,0
1776025908372,1300,config 3 request,200,OK,config 3 3-10,text,false,"The operation lasted too long: It took 1,300 milliseconds, but should not have lasted longer than 775 milliseconds.",231,167,14,42,http://stload.se.ifmo.ru:8080/?token=518477874&user=-1355069478&config=3,1300,0,0
1776025908372,1300,config 3 request,200,OK,config 3 3-13,text,false,"The operation lasted too long: It took 1,300 milliseconds, but should not have lasted longer than 775 milliseconds.",231,167,14,42,http://stload.se.ifmo.ru:8080/?token=518477874&user=-1355069478&config=3,1300,0,0
1776025908090,1582,config 2 request,200,OK,config 2 2-8,text,false,"The operation lasted too long: It took 1,582 milliseconds, but should not have lasted longer than 775 milliseconds.",231,167,14,42,http://stload.se.ifmo.ru:8080/?token=518477874&user=-1355069478&config=2,1582,0,0
1776025908527,1246,config 3 request,200,OK,config 3 3-1,text,false,"The operation lasted too long: It took 1,246 milliseconds, but should not have lasted longer than 775 milliseconds.",231,167,14,42,http://stload.se.ifmo.ru:8080/?token=518477874&user=-1355069478&config=3,1246,0,0
1776025908301,1472,config 3 request,200,OK,config 3 3-7,text,false,"The operation lasted too long: It took 1,472 milliseconds, but should not have lasted longer than 775 milliseconds.",231,167,14,42,http://stload.se.ifmo.ru:8080/?token=518477874&user=-1355069478&config=3,1472,0,152
1776025908161,1755,config 2 request,200,OK,config 2 2-6,text,false,"The operation lasted too long: It took 1,755 milliseconds, but should not have lasted longer than 775 milliseconds.",231,167,14,42,http://stload.se.ifmo.ru:8080/?token=518477874&user=-1355069478&config=2,1755,0,155
1776025908507,1410,config 2 request,200,OK,config 2 2-10,text,false,"The operation lasted too long: It took 1,410 milliseconds, but should not have lasted longer than 775 milliseconds.",231,167,14,42,http://stload.se.ifmo.ru:8080/?token=518477874&user=-1355069478&config=2,1409,0,0
1776025908507,1410,config 2 request,200,OK,config 2 2-12,text,false,"The operation lasted too long: It took 1,410 milliseconds, but should not have lasted longer than 775 milliseconds.",231,167,14,42,http://stload.se.ifmo.ru:8080/?token=518477874&user=-1355069478&config=2,1409,0,0
1776025908650,1415,config 2 request,200,OK,config 2 2-14,text,false,"The operation lasted too long: It took 1,415 milliseconds, but should not have lasted longer than 775 milliseconds.",231,167,14,42,http://stload.se.ifmo.ru:8080/?token=518477874&user=-1355069478&config=2,1415,0,0
1776025908782,1328,config 3 request,200,OK,config 3 3-9,text,false,"The operation lasted too long: It took 1,328 milliseconds, but should not have lasted longer than 775 milliseconds.",231,167,14,42,http://stload.se.ifmo.ru:8080/?token=518477874&user=-1355069478&config=3,1328,0,156
1776025908981,1129,config 3 request,200,OK,config 3 3-12,text,false,"The operation lasted too long: It took 1,129 milliseconds, but should not have lasted longer than 775 milliseconds.",231,167,14,42,http://stload.se.ifmo.ru:8080/?token=518477874&user=-1355069478&config=3,1129,0,0
1776025908919,1287,config 2 request,200,OK,config 2 2-2,text,false,"The operation lasted too long: It took 1,287 milliseconds, but should not have lasted longer than 775 milliseconds.",231,167,14,42,http://stload.se.ifmo.ru:8080/?token=518477874&user=-1355069478&config=2,1287,0,0
1776025908891,1315,config 2 request,200,OK,config 2 2-13,text,false,"The operation lasted too long: It took 1,315 milliseconds, but should not have lasted longer than 775 milliseconds.",231,167,14,42,http://stload.se.ifmo.ru:8080/?token=518477874&user=-1355069478&config=2,1315,0,0
1776025909033,1173,config 3 request,200,OK,config 3 3-6,text,false,"The operation lasted too long: It took 1,173 milliseconds, but should not have lasted longer than 775 milliseconds.",231,167,14,42,http://stload.se.ifmo.ru:8080/?token=518477874&user=-1355069478&config=3,1173,0,0
1776025908916,1296,config 2 request,200,OK,config 2 2-4,text,false,"The operation lasted too long: It took 1,296 milliseconds, but should not have lasted longer than 775 milliseconds.",231,167,14,42,http://stload.se.ifmo.ru:8080/?token=518477874&user=-1355069478&config=2,1296,0,0
1776025908954,1308,config 2 request,200,OK,config 2 2-5,text,false,"The operation lasted too long: It took 1,308 milliseconds, but should not have lasted longer than 775 milliseconds.",231,167,14,42,http://stload.se.ifmo.ru:8080/?token=518477874&user=-1355069478&config=2,1308,0,0
1776025909104,1200,config 3 request,200,OK,config 3 3-3,text,false,"The operation lasted too long: It took 1,200 milliseconds, but should not have lasted longer than 775 milliseconds.",231,167,14,42,http://stload.se.ifmo.ru:8080/?token=518477874&user=-1355069478&config=3,1200,0,0
1776025908819,1580,config 2 request,200,OK,config 2 2-7,text,false,"The operation lasted too long: It took 1,580 milliseconds, but should not have lasted longer than 775 milliseconds.",231,167,14,42,http://stload.se.ifmo.ru:8080/?token=518477874&user=-1355069478&config=2,1580,0,164
1776025909032,1367,config 2 request,200,OK,config 2 2-1,text,false,"The operation lasted too long: It took 1,367 milliseconds, but should not have lasted longer than 775 milliseconds.",231,167,14,42,http://stload.se.ifmo.ru:8080/?token=518477874&user=-1355069478&config=2,1367,0,0
1776025909245,1289,config 3 request,200,OK,config 3 3-8,text,false,"The operation lasted too long: It took 1,289 milliseconds, but should not have lasted longer than 775 milliseconds.",231,167,14,42,http://stload.se.ifmo.ru:8080/?token=518477874&user=-1355069478&config=3,1289,0,0
1776025909252,1300,config 3 request,200,OK,config 3 3-2,text,false,"The operation lasted too long: It took 1,300 milliseconds, but should not have lasted longer than 775 milliseconds.",231,167,14,42,http://stload.se.ifmo.ru:8080/?token=518477874&user=-1355069478&config=3,1300,0,0
1776025909345,1301,config 3 request,200,OK,config 3 3-14,text,false,"The operation lasted too long: It took 1,301 milliseconds, but should not have lasted longer than 775 milliseconds.",231,167,14,42,http://stload.se.ifmo.ru:8080/?token=518477874&user=-1355069478&config=3,1301,0,0
1776025909399,1247,config 3 request,200,OK,config 3 3-5,text,false,"The operation lasted too long: It took 1,247 milliseconds, but should not have lasted longer than 775 milliseconds.",231,167,14,42,http://stload.se.ifmo.ru:8080/?token=518477874&user=-1355069478&config=3,1247,0,0
1776025909493,1450,config 3 request,200,OK,config 3 3-11,text,false,"The operation lasted too long: It took 1,450 milliseconds, but should not have lasted longer than 775 milliseconds.",231,167,14,42,http://stload.se.ifmo.ru:8080/?token=518477874&user=-1355069478&config=3,1450,0,0
1776025909803,1140,config 3 request,200,OK,config 3 3-4,text,false,"The operation lasted too long: It took 1,140 milliseconds, but should not have lasted longer than 775 milliseconds.",231,167,14,42,http://stload.se.ifmo.ru:8080/?token=518477874&user=-1355069478&config=3,1140,0,0
1776025909530,1508,config 2 request,200,OK,config 2 2-9,text,false,"The operation lasted too long: It took 1,508 milliseconds, but should not have lasted longer than 775 milliseconds.",231,167,14,42,http://stload.se.ifmo.ru:8080/?token=518477874&user=-1355069478&config=2,1508,0,0
1776025909530,1508,config 2 request,200,OK,config 2 2-3,text,false,"The operation lasted too long: It took 1,508 milliseconds, but should not have lasted longer than 775 milliseconds.",231,167,14,42,http://stload.se.ifmo.ru:8080/?token=518477874&user=-1355069478&config=2,1508,0,0
1776025909803,1235,config 3 request,200,OK,config 3 3-7,text,false,"The operation lasted too long: It took 1,235 milliseconds, but should not have lasted longer than 775 milliseconds.",231,167,14,42,http://stload.se.ifmo.ru:8080/?token=518477874&user=-1355069478&config=3,1235,0,0
1776025909874,1164,config 3 request,200,OK,config 3 3-13,text,false,"The operation lasted too long: It took 1,164 milliseconds, but should not have lasted longer than 775 milliseconds.",231,167,14,42,http://stload.se.ifmo.ru:8080/?token=518477874&user=-1355069478&config=3,1164,0,0
1776025909673,1463,config 2 request,200,OK,config 2 2-11,text,false,"The operation lasted too long: It took 1,463 milliseconds, but should not have lasted longer than 775 milliseconds.",231,167,14,42,http://stload.se.ifmo.ru:8080/?token=518477874&user=-1355069478&config=2,1463,0,0
1776025910021,1215,config 3 request,200,OK,config 3 3-1,text,false,"The operation lasted too long: It took 1,215 milliseconds, but should not have lasted longer than 775 milliseconds.",231,167,14,42,http://stload.se.ifmo.ru:8080/?token=518477874&user=-1355069478&config=3,1215,0,0
1776025909871,1369,config 3 request,200,OK,config 3 3-10,text,false,"The operation lasted too long: It took 1,369 milliseconds, but should not have lasted longer than 775 milliseconds.",231,167,14,42,http://stload.se.ifmo.ru:8080/?token=518477874&user=-1355069478&config=3,1369,0,194
1776025909673,1607,config 2 request,200,OK,config 2 2-8,text,false,"The operation lasted too long: It took 1,607 milliseconds, but should not have lasted longer than 775 milliseconds.",231,167,14,42,http://stload.se.ifmo.ru:8080/?token=518477874&user=-1355069478&config=2,1607,0,243
1776025909916,1461,config 2 request,200,OK,config 2 2-6,text,false,"The operation lasted too long: It took 1,461 milliseconds, but should not have lasted longer than 775 milliseconds.",231,167,14,42,http://stload.se.ifmo.ru:8080/?token=518477874&user=-1355069478&config=2,1461,0,0
1776025910007,1514,config 2 request,200,OK,config 2 2-10,text,false,"The operation lasted too long: It took 1,514 milliseconds, but should not have lasted longer than 775 milliseconds.",231,167,14,42,http://stload.se.ifmo.ru:8080/?token=518477874&user=-1355069478&config=2,1514,0,0
1776025910285,1236,config 3 request,200,OK,config 3 3-9,text,false,"The operation lasted too long: It took 1,236 milliseconds, but should not have lasted longer than 775 milliseconds.",231,167,14,42,http://stload.se.ifmo.ru:8080/?token=518477874&user=-1355069478&config=3,1236,0,0
1776025910011,1510,config 2 request,200,OK,config 2 2-12,text,false,"The operation lasted too long: It took 1,510 milliseconds, but should not have lasted longer than 775 milliseconds.",231,167,14,42,http://stload.se.ifmo.ru:8080/?token=518477874&user=-1355069478&config=2,1510,0,0
1776025910152,1522,config 2 request,200,OK,config 2 2-14,text,false,"The operation lasted too long: It took 1,522 milliseconds, but should not have lasted longer than 775 milliseconds.",231,167,14,42,http://stload.se.ifmo.ru:8080/?token=518477874&user=-1355069478&config=2,1522,0,0
1776025910481,1194,config 3 request,200,OK,config 3 3-12,text,false,"The operation lasted too long: It took 1,194 milliseconds, but should not have lasted longer than 775 milliseconds.",231,167,14,42,http://stload.se.ifmo.ru:8080/?token=518477874&user=-1355069478&config=3,1194,0,0
1776025910532,1143,config 3 request,200,OK,config 3 3-6,text,false,"The operation lasted too long: It took 1,143 milliseconds, but should not have lasted longer than 775 milliseconds.",231,167,14,42,http://stload.se.ifmo.ru:8080/?token=518477874&user=-1355069478&config=3,1143,0,0
1776025910391,1328,config 2 request,200,OK,config 2 2-13,text,false,"The operation lasted too long: It took 1,328 milliseconds, but should not have lasted longer than 775 milliseconds.",231,167,14,42,http://stload.se.ifmo.ru:8080/?token=518477874&user=-1355069478&config=2,1328,0,0
1776025910400,1359,config 2 request,200,OK,config 2 2-7,text,false,"The operation lasted too long: It took 1,359 milliseconds, but should not have lasted longer than 775 milliseconds.",231,167,14,42,http://stload.se.ifmo.ru:8080/?token=518477874&user=-1355069478&config=2,1359,0,0
1776025910419,1394,config 2 request,200,OK,config 2 2-2,text,false,"The operation lasted too long: It took 1,394 milliseconds, but should not have lasted longer than 775 milliseconds.",231,167,14,42,http://stload.se.ifmo.ru:8080/?token=518477874&user=-1355069478&config=2,1394,0,0
1776025910415,1398,config 2 request,200,OK,config 2 2-4,text,false,"The operation lasted too long: It took 1,398 milliseconds, but should not have lasted longer than 775 milliseconds.",231,167,14,42,http://stload.se.ifmo.ru:8080/?token=518477874&user=-1355069478&config=2,1398,0,0
1776025910530,1326,config 2 request,200,OK,config 2 2-1,text,false,"The operation lasted too long: It took 1,326 milliseconds, but should not have lasted longer than 775 milliseconds.",231,167,14,42,http://stload.se.ifmo.ru:8080/?token=518477874&user=-1355069478&config=2,1326,0,0
1776025910603,1346,config 3 request,200,OK,config 3 3-3,text,false,"The operation lasted too long: It took 1,346 milliseconds, but should not have lasted longer than 775 milliseconds.",231,167,14,42,http://stload.se.ifmo.ru:8080/?token=518477874&user=-1355069478&config=3,1346,0,0
1776025910458,1538,config 2 request,200,OK,config 2 2-5,text,false,"The operation lasted too long: It took 1,538 milliseconds, but should not have lasted longer than 775 milliseconds.",231,167,14,42,http://stload.se.ifmo.ru:8080/?token=518477874&user=-1355069478&config=2,1538,0,0
1776025910743,1258,config 3 request,200,OK,config 3 3-8,text,false,"The operation lasted too long: It took 1,258 milliseconds, but should not have lasted longer than 775 milliseconds.",231,167,14,42,http://stload.se.ifmo.ru:8080/?token=518477874&user=-1355069478&config=3,1258,0,0
1776025910900,1142,config 3 request,200,OK,config 3 3-5,text,false,"The operation lasted too long: It took 1,142 milliseconds, but should not have lasted longer than 775 milliseconds.",231,167,14,42,http://stload.se.ifmo.ru:8080/?token=518477874&user=-1355069478&config=3,1142,0,0
1776025910748,1294,config 3 request,200,OK,config 3 3-2,text,false,"The operation lasted too long: It took 1,294 milliseconds, but should not have lasted longer than 775 milliseconds.",231,167,14,42,http://stload.se.ifmo.ru:8080/?token=518477874&user=-1355069478&config=3,1294,0,0
1776025910848,1194,config 3 request,200,OK,config 3 3-14,text,false,"The operation lasted too long: It took 1,194 milliseconds, but should not have lasted longer than 775 milliseconds.",231,167,14,42,http://stload.se.ifmo.ru:8080/?token=518477874&user=-1355069478&config=3,1194,0,0
1776025910993,1352,config 3 request,200,OK,config 3 3-11,text,false,"The operation lasted too long: It took 1,352 milliseconds, but should not have lasted longer than 775 milliseconds.",231,167,14,42,http://stload.se.ifmo.ru:8080/?token=518477874&user=-1355069478&config=3,1352,0,148
1776025911038,1565,config 2 request,200,OK,config 2 2-3,text,false,"The operation lasted too long: It took 1,565 milliseconds, but should not have lasted longer than 775 milliseconds.",231,167,14,42,http://stload.se.ifmo.ru:8080/?token=518477874&user=-1355069478&config=2,1565,0,0
1776025911304,1303,config 3 request,200,OK,config 3 3-4,text,false,"The operation lasted too long: It took 1,303 milliseconds, but should not have lasted longer than 775 milliseconds.",231,167,14,42,http://stload.se.ifmo.ru:8080/?token=518477874&user=-1355069478&config=3,1303,0,0
1776025911182,1425,config 2 request,200,OK,config 2 2-11,text,false,"The operation lasted too long: It took 1,425 milliseconds, but should not have lasted longer than 775 milliseconds.",231,167,14,42,http://stload.se.ifmo.ru:8080/?token=518477874&user=-1355069478&config=2,1425,0,0
1776025911307,1355,config 3 request,200,OK,config 3 3-7,text,false,"The operation lasted too long: It took 1,355 milliseconds, but should not have lasted longer than 775 milliseconds.",231,167,14,42,http://stload.se.ifmo.ru:8080/?token=518477874&user=-1355069478&config=3,1355,0,0
1776025911038,1675,config 2 request,200,OK,config 2 2-9,text,false,"The operation lasted too long: It took 1,675 milliseconds, but should not have lasted longer than 775 milliseconds.",231,167,14,42,http://stload.se.ifmo.ru:8080/?token=518477874&user=-1355069478&config=2,1675,0,144
1776025911375,1342,config 3 request,200,OK,config 3 3-10,text,false,"The operation lasted too long: It took 1,342 milliseconds, but should not have lasted longer than 775 milliseconds.",231,167,14,42,http://stload.se.ifmo.ru:8080/?token=518477874&user=-1355069478&config=3,1342,0,0
1776025911377,1340,config 3 request,200,OK,config 3 3-13,text,false,"The operation lasted too long: It took 1,340 milliseconds, but should not have lasted longer than 775 milliseconds.",231,167,14,42,http://stload.se.ifmo.ru:8080/?token=518477874&user=-1355069478&config=3,1340,0,0
1776025911284,1433,config 2 request,200,OK,config 2 2-8,text,false,"The operation lasted too long: It took 1,433 milliseconds, but should not have lasted longer than 775 milliseconds.",231,167,14,42,http://stload.se.ifmo.ru:8080/?token=518477874&user=-1355069478&config=2,1433,0,0
1776025911526,1228,config 3 request,200,OK,config 3 3-1,text,false,"The operation lasted too long: It took 1,228 milliseconds, but should not have lasted longer than 775 milliseconds.",231,167,14,42,http://stload.se.ifmo.ru:8080/?token=518477874&user=-1355069478&config=3,1228,0,0
1776025911420,1467,config 2 request,200,OK,config 2 2-6,text,false,"The operation lasted too long: It took 1,467 milliseconds, but should not have lasted longer than 775 milliseconds.",231,167,14,42,http://stload.se.ifmo.ru:8080/?token=518477874&user=-1355069478&config=2,1467,0,0
1776025911788,1138,config 3 request,200,OK,config 3 3-9,text,false,"The operation lasted too long: It took 1,138 milliseconds, but should not have lasted longer than 775 milliseconds.",231,167,14,42,http://stload.se.ifmo.ru:8080/?token=518477874&user=-1355069478&config=3,1138,0,0
1776025911525,1494,config 2 request,200,OK,config 2 2-12,text,false,"The operation lasted too long: It took 1,494 milliseconds, but should not have lasted longer than 775 milliseconds.",231,167,14,42,http://stload.se.ifmo.ru:8080/?token=518477874&user=-1355069478&config=2,1494,0,0
1776025911892,1319,config 2 request,200,OK,config 2 2-13,text,false,"The operation lasted too long: It took 1,319 milliseconds, but should not have lasted longer than 775 milliseconds.",231,167,14,42,http://stload.se.ifmo.ru:8080/?token=518477874&user=-1355069478&config=2,1319,0,0
1776025911525,1686,config 2 request,200,OK,config 2 2-10,text,false,"The operation lasted too long: It took 1,686 milliseconds, but should not have lasted longer than 775 milliseconds.",231,167,14,42,http://stload.se.ifmo.ru:8080/?token=518477874&user=-1355069478&config=2,1686,0,238
1776025911679,1532,config 2 request,200,OK,config 2 2-14,text,false,"The operation lasted too long: It took 1,532 milliseconds, but should not have lasted longer than 775 milliseconds.",231,167,14,42,http://stload.se.ifmo.ru:8080/?token=518477874&user=-1355069478&config=2,1532,0,0
1776025911920,1531,config 2 request,200,OK,config 2 2-2,text,false,"The operation lasted too long: It took 1,531 milliseconds, but should not have lasted longer than 775 milliseconds.",231,167,14,42,http://stload.se.ifmo.ru:8080/?token=518477874&user=-1355069478&config=2,1531,0,0
1776025911904,1547,config 2 request,200,OK,config 2 2-7,text,false,"The operation lasted too long: It took 1,547 milliseconds, but should not have lasted longer than 775 milliseconds.",231,167,14,42,http://stload.se.ifmo.ru:8080/?token=518477874&user=-1355069478&config=2,1547,0,0
1776025911919,1532,config 2 request,200,OK,config 2 2-4,text,false,"The operation lasted too long: It took 1,532 milliseconds, but should not have lasted longer than 775 milliseconds.",231,167,14,42,http://stload.se.ifmo.ru:8080/?token=518477874&user=-1355069478&config=2,1532,0,0
1776025912038,1414,config 3 request,200,OK,config 3 3-6,text,false,"The operation lasted too long: It took 1,414 milliseconds, but should not have lasted longer than 775 milliseconds.",231,167,14,42,http://stload.se.ifmo.ru:8080/?token=518477874&user=-1355069478&config=3,1414,0,0
1776025912000,1486,config 2 request,200,OK,config 2 2-5,text,false,"The operation lasted too long: It took 1,486 milliseconds, but should not have lasted longer than 775 milliseconds.",231,167,14,42,http://stload.se.ifmo.ru:8080/?token=518477874&user=-1355069478&config=2,1486,0,0
1776025912103,1477,config 3 request,200,OK,config 3 3-3,text,false,"The operation lasted too long: It took 1,477 milliseconds, but should not have lasted longer than 775 milliseconds.",231,167,14,42,http://stload.se.ifmo.ru:8080/?token=518477874&user=-1355069478&config=3,1477,0,0
1776025911984,1596,config 3 request,200,OK,config 3 3-12,text,false,"The operation lasted too long: It took 1,596 milliseconds, but should not have lasted longer than 775 milliseconds.",231,167,14,42,http://stload.se.ifmo.ru:8080/?token=518477874&user=-1355069478&config=3,1596,0,119
1776025912251,1329,config 3 request,200,OK,config 3 3-8,text,false,"The operation lasted too long: It took 1,329 milliseconds, but should not have lasted longer than 775 milliseconds.",231,167,14,42,http://stload.se.ifmo.ru:8080/?token=518477874&user=-1355069478&config=3,1329,0,0
1776025912351,1280,config 3 request,200,OK,config 3 3-14,text,false,"The operation lasted too long: It took 1,280 milliseconds, but should not have lasted longer than 775 milliseconds.",231,167,14,42,http://stload.se.ifmo.ru:8080/?token=518477874&user=-1355069478&config=3,1280,0,0
1776025912401,1230,config 3 request,200,OK,config 3 3-5,text,false,"The operation lasted too long: It took 1,230 milliseconds, but should not have lasted longer than 775 milliseconds.",231,167,14,42,http://stload.se.ifmo.ru:8080/?token=518477874&user=-1355069478&config=3,1230,0,0
1776025912254,1377,config 3 request,200,OK,config 3 3-2,text,false,"The operation lasted too long: It took 1,377 milliseconds, but should not have lasted longer than 775 milliseconds.",231,167,14,42,http://stload.se.ifmo.ru:8080/?token=518477874&user=-1355069478&config=3,1377,0,0
1776025912497,1191,config 3 request,200,OK,config 3 3-11,text,false,"The operation lasted too long: It took 1,191 milliseconds, but should not have lasted longer than 775 milliseconds.",231,167,14,42,http://stload.se.ifmo.ru:8080/?token=518477874&user=-1355069478&config=3,1191,0,0
1776025912038,1650,config 2 request,200,OK,config 2 2-1,text,false,"The operation lasted too long: It took 1,650 milliseconds, but should not have lasted longer than 775 milliseconds.",231,167,14,42,http://stload.se.ifmo.ru:8080/?token=518477874&user=-1355069478&config=2,1650,0,0
1776025912805,1108,config 3 request,200,OK,config 3 3-4,text,false,"The operation lasted too long: It took 1,108 milliseconds, but should not have lasted longer than 775 milliseconds.",231,167,14,42,http://stload.se.ifmo.ru:8080/?token=518477874&user=-1355069478&config=3,1108,0,0
1776025912608,1545,config 2 request,200,OK,config 2 2-3,text,false,"The operation lasted too long: It took 1,545 milliseconds, but should not have lasted longer than 775 milliseconds.",231,167,14,42,http://stload.se.ifmo.ru:8080/?token=518477874&user=-1355069478&config=2,1545,0,0
1776025912805,1348,config 3 request,200,OK,config 3 3-7,text,false,"The operation lasted too long: It took 1,348 milliseconds, but should not have lasted longer than 775 milliseconds.",231,167,14,42,http://stload.se.ifmo.ru:8080/?token=518477874&user=-1355069478&config=3,1348,0,0
1776025912717,1436,config 2 request,200,OK,config 2 2-9,text,false,"The operation lasted too long: It took 1,436 milliseconds, but should not have lasted longer than 775 milliseconds.",231,167,14,42,http://stload.se.ifmo.ru:8080/?token=518477874&user=-1355069478&config=2,1436,0,0
1776025912784,1369,config 2 request,200,OK,config 2 2-8,text,false,"The operation lasted too long: It took 1,369 milliseconds, but should not have lasted longer than 775 milliseconds.",231,167,14,42,http://stload.se.ifmo.ru:8080/?token=518477874&user=-1355069478&config=2,1369,0,0
1776025912679,1515,config 2 request,200,OK,config 2 2-11,text,false,"The operation lasted too long: It took 1,515 milliseconds, but should not have lasted longer than 775 milliseconds.",231,167,14,42,http://stload.se.ifmo.ru:8080/?token=518477874&user=-1355069478&config=2,1515,0,168
1776025912875,1319,config 3 request,200,OK,config 3 3-10,text,false,"The operation lasted too long: It took 1,319 milliseconds, but should not have lasted longer than 775 milliseconds.",231,167,14,42,http://stload.se.ifmo.ru:8080/?token=518477874&user=-1355069478&config=3,1319,0,0
1776025913025,1317,config 3 request,200,OK,config 3 3-1,text,false,"The operation lasted too long: It took 1,317 milliseconds, but should not have lasted longer than 775 milliseconds.",231,167,14,42,http://stload.se.ifmo.ru:8080/?token=518477874&user=-1355069478&config=3,1317,0,0
1776025912872,1470,config 3 request,200,OK,config 3 3-13,text,false,"The operation lasted too long: It took 1,470 milliseconds, but should not have lasted longer than 775 milliseconds.",231,167,14,42,http://stload.se.ifmo.ru:8080/?token=518477874&user=-1355069478&config=3,1470,0,147
1776025912923,1509,config 2 request,200,OK,config 2 2-6,text,false,"The operation lasted too long: It took 1,509 milliseconds, but should not have lasted longer than 775 milliseconds.",231,167,14,42,http://stload.se.ifmo.ru:8080/?token=518477874&user=-1355069478&config=2,1509,0,0
1776025913285,1244,config 3 request,200,OK,config 3 3-9,text,false,"The operation lasted too long: It took 1,244 milliseconds, but should not have lasted longer than 775 milliseconds.",231,167,14,42,http://stload.se.ifmo.ru:8080/?token=518477874&user=-1355069478&config=3,1244,0,0
1776025913539,1207,config 3 request,200,OK,config 3 3-6,text,false,"The operation lasted too long: It took 1,207 milliseconds, but should not have lasted longer than 775 milliseconds.",231,167,14,42,http://stload.se.ifmo.ru:8080/?token=518477874&user=-1355069478&config=3,1207,0,0
1776025913211,1535,config 2 request,200,OK,config 2 2-14,text,false,"The operation lasted too long: It took 1,535 milliseconds, but should not have lasted longer than 775 milliseconds.",231,167,14,42,http://stload.se.ifmo.ru:8080/?token=518477874&user=-1355069478&config=2,1535,0,0
1776025913025,1721,config 2 request,200,OK,config 2 2-12,text,false,"The operation lasted too long: It took 1,721 milliseconds, but should not have lasted longer than 775 milliseconds.",231,167,14,42,http://stload.se.ifmo.ru:8080/?token=518477874&user=-1355069478&config=2,1721,0,0
1776025913391,1390,config 2 request,200,OK,config 2 2-13,text,false,"The operation lasted too long: It took 1,390 milliseconds, but should not have lasted longer than 775 milliseconds.",231,167,14,42,http://stload.se.ifmo.ru:8080/?token=518477874&user=-1355069478&config=2,1390,0,0
1776025913452,1371,config 2 request,200,OK,config 2 2-2,text,false,"The operation lasted too long: It took 1,371 milliseconds, but should not have lasted longer than 775 milliseconds.",231,167,14,42,http://stload.se.ifmo.ru:8080/?token=518477874&user=-1355069478&config=2,1371,0,0
1776025913211,1612,config 2 request,200,OK,config 2 2-10,text,false,"The operation lasted too long: It took 1,612 milliseconds, but should not have lasted longer than 775 milliseconds.",231,167,14,42,http://stload.se.ifmo.ru:8080/?token=518477874&user=-1355069478&config=2,1612,0,0
1776025913452,1371,config 2 request,200,OK,config 2 2-4,text,false,"The operation lasted too long: It took 1,371 milliseconds, but should not have lasted longer than 775 milliseconds.",231,167,14,42,http://stload.se.ifmo.ru:8080/?token=518477874&user=-1355069478&config=2,1371,0,0
1776025913452,1424,config 2 request,200,OK,config 2 2-7,text,false,"The operation lasted too long: It took 1,424 milliseconds, but should not have lasted longer than 775 milliseconds.",231,167,14,42,http://stload.se.ifmo.ru:8080/?token=518477874&user=-1355069478&config=2,1424,0,0
1776025913502,1374,config 2 request,200,OK,config 2 2-5,text,false,"The operation lasted too long: It took 1,374 milliseconds, but should not have lasted longer than 775 milliseconds.",231,167,14,42,http://stload.se.ifmo.ru:8080/?token=518477874&user=-1355069478&config=2,1374,0,0
1776025913580,1336,config 3 request,200,OK,config 3 3-12,text,false,"The operation lasted too long: It took 1,336 milliseconds, but should not have lasted longer than 775 milliseconds.",231,167,14,42,http://stload.se.ifmo.ru:8080/?token=518477874&user=-1355069478&config=3,1336,0,0
1776025913604,1316,config 3 request,200,OK,config 3 3-3,text,false,"The operation lasted too long: It took 1,316 milliseconds, but should not have lasted longer than 775 milliseconds.",231,167,14,42,http://stload.se.ifmo.ru:8080/?token=518477874&user=-1355069478&config=3,1316,0,0
1776025913749,1358,config 3 request,200,OK,config 3 3-8,text,false,"The operation lasted too long: It took 1,358 milliseconds, but should not have lasted longer than 775 milliseconds.",231,167,14,42,http://stload.se.ifmo.ru:8080/?token=518477874&user=-1355069478&config=3,1358,0,0
1776025913749,1512,config 3 request,200,OK,config 3 3-2,text,false,"The operation lasted too long: It took 1,512 milliseconds, but should not have lasted longer than 775 milliseconds.",231,167,14,42,http://stload.se.ifmo.ru:8080/?token=518477874&user=-1355069478&config=3,1512,0,0
1776025913901,1360,config 3 request,200,OK,config 3 3-5,text,false,"The operation lasted too long: It took 1,360 milliseconds, but should not have lasted longer than 775 milliseconds.",231,167,14,42,http://stload.se.ifmo.ru:8080/?token=518477874&user=-1355069478&config=3,1360,0,0
1776025913993,1268,config 3 request,200,OK,config 3 3-11,text,false,"The operation lasted too long: It took 1,268 milliseconds, but should not have lasted longer than 775 milliseconds.",231,167,14,42,http://stload.se.ifmo.ru:8080/?token=518477874&user=-1355069478&config=3,1268,0,0
1776025913689,1618,config 2 request,200,OK,config 2 2-1,text,false,"The operation lasted too long: It took 1,618 milliseconds, but should not have lasted longer than 775 milliseconds.",231,167,14,42,http://stload.se.ifmo.ru:8080/?token=518477874&user=-1355069478&config=2,1618,0,0
1776025914306,1218,config 3 request,200,OK,config 3 3-7,text,false,"The operation lasted too long: It took 1,218 milliseconds, but should not have lasted longer than 775 milliseconds.",231,167,14,42,http://stload.se.ifmo.ru:8080/?token=518477874&user=-1355069478&config=3,1218,0,0
1776025913850,1674,config 3 request,200,OK,config 3 3-14,text,false,"The operation lasted too long: It took 1,674 milliseconds, but should not have lasted longer than 775 milliseconds.",231,167,14,42,http://stload.se.ifmo.ru:8080/?token=518477874&user=-1355069478&config=3,1674,0,115
1776025914154,1370,config 2 request,200,OK,config 2 2-3,text,false,"The operation lasted too long: It took 1,370 milliseconds, but should not have lasted longer than 775 milliseconds.",231,167,14,42,http://stload.se.ifmo.ru:8080/?token=518477874&user=-1355069478&config=2,1370,0,0
1776025914306,1320,config 3 request,200,OK,config 3 3-4,text,false,"The operation lasted too long: It took 1,320 milliseconds, but should not have lasted longer than 775 milliseconds.",231,167,14,42,http://stload.se.ifmo.ru:8080/?token=518477874&user=-1355069478&config=3,1319,0,0
1776025914218,1408,config 2 request,200,OK,config 2 2-9,text,false,"The operation lasted too long: It took 1,408 milliseconds, but should not have lasted longer than 775 milliseconds.",231,167,14,42,http://stload.se.ifmo.ru:8080/?token=518477874&user=-1355069478&config=2,1408,0,0
1776025914194,1432,config 2 request,200,OK,config 2 2-11,text,false,"The operation lasted too long: It took 1,432 milliseconds, but should not have lasted longer than 775 milliseconds.",231,167,14,42,http://stload.se.ifmo.ru:8080/?token=518477874&user=-1355069478&config=2,1432,0,0
1776025914374,1286,config 3 request,200,OK,config 3 3-13,text,false,"The operation lasted too long: It took 1,286 milliseconds, but should not have lasted longer than 775 milliseconds.",231,167,14,42,http://stload.se.ifmo.ru:8080/?token=518477874&user=-1355069478&config=3,1286,0,0
1776025914375,1334,config 3 request,200,OK,config 3 3-10,text,false,"The operation lasted too long: It took 1,334 milliseconds, but should not have lasted longer than 775 milliseconds.",231,167,14,42,http://stload.se.ifmo.ru:8080/?token=518477874&user=-1355069478&config=3,1334,0,0
1776025914284,1425,config 2 request,200,OK,config 2 2-8,text,false,"The operation lasted too long: It took 1,425 milliseconds, but should not have lasted longer than 775 milliseconds.",231,167,14,42,http://stload.se.ifmo.ru:8080/?token=518477874&user=-1355069478&config=2,1425,0,0
1776025914523,1412,config 3 request,200,OK,config 3 3-1,text,false,"The operation lasted too long: It took 1,412 milliseconds, but should not have lasted longer than 775 milliseconds.",231,167,14,42,http://stload.se.ifmo.ru:8080/?token=518477874&user=-1355069478&config=3,1411,0,0
1776025914781,1154,config 3 request,200,OK,config 3 3-9,text,false,"The operation lasted too long: It took 1,154 milliseconds, but should not have lasted longer than 775 milliseconds.",231,167,14,42,http://stload.se.ifmo.ru:8080/?token=518477874&user=-1355069478&config=3,1154,0,0
1776025914823,1351,config 2 request,200,OK,config 2 2-10,text,false,"The operation lasted too long: It took 1,351 milliseconds, but should not have lasted longer than 775 milliseconds.",231,167,14,42,http://stload.se.ifmo.ru:8080/?token=518477874&user=-1355069478&config=2,1351,0,0
1776025914746,1428,config 2 request,200,OK,config 2 2-14,text,false,"The operation lasted too long: It took 1,428 milliseconds, but should not have lasted longer than 775 milliseconds.",231,167,14,42,http://stload.se.ifmo.ru:8080/?token=518477874&user=-1355069478&config=2,1428,0,0
1776025914432,1742,config 2 request,200,OK,config 2 2-6,text,false,"The operation lasted too long: It took 1,742 milliseconds, but should not have lasted longer than 775 milliseconds.",231,167,14,42,http://stload.se.ifmo.ru:8080/?token=518477874&user=-1355069478&config=2,1742,0,0
1776025915035,1322,config 3 request,200,OK,config 3 3-6,text,false,"The operation lasted too long: It took 1,322 milliseconds, but should not have lasted longer than 775 milliseconds.",231,167,14,42,http://stload.se.ifmo.ru:8080/?token=518477874&user=-1355069478&config=3,1322,0,0
1776025914746,1611,config 2 request,200,OK,config 2 2-12,text,false,"The operation lasted too long: It took 1,611 milliseconds, but should not have lasted longer than 775 milliseconds.",231,167,14,42,http://stload.se.ifmo.ru:8080/?token=518477874&user=-1355069478&config=2,1611,0,170
1776025914956,1401,config 2 request,200,OK,config 2 2-7,text,false,"The operation lasted too long: It took 1,401 milliseconds, but should not have lasted longer than 775 milliseconds.",231,167,14,42,http://stload.se.ifmo.ru:8080/?token=518477874&user=-1355069478&config=2,1401,0,0
1776025914956,1477,config 2 request,200,OK,config 2 2-2,text,false,"The operation lasted too long: It took 1,477 milliseconds, but should not have lasted longer than 775 milliseconds.",231,167,14,42,http://stload.se.ifmo.ru:8080/?token=518477874&user=-1355069478&config=2,1477,0,0
1776025914999,1478,config 2 request,200,OK,config 2 2-5,text,false,"The operation lasted too long: It took 1,478 milliseconds, but should not have lasted longer than 775 milliseconds.",231,167,14,42,http://stload.se.ifmo.ru:8080/?token=518477874&user=-1355069478&config=2,1478,0,0
1776025914952,1525,config 2 request,200,OK,config 2 2-4,text,false,"The operation lasted too long: It took 1,525 milliseconds, but should not have lasted longer than 775 milliseconds.",231,167,14,42,http://stload.se.ifmo.ru:8080/?token=518477874&user=-1355069478&config=2,1525,0,0
1776025915249,1261,config 3 request,200,OK,config 3 3-8,text,false,"The operation lasted too long: It took 1,261 milliseconds, but should not have lasted longer than 775 milliseconds.",231,167,14,42,http://stload.se.ifmo.ru:8080/?token=518477874&user=-1355069478&config=3,1261,0,0
1776025915103,1407,config 3 request,200,OK,config 3 3-3,text,false,"The operation lasted too long: It took 1,407 milliseconds, but should not have lasted longer than 775 milliseconds.",231,167,14,42,http://stload.se.ifmo.ru:8080/?token=518477874&user=-1355069478&config=3,1407,0,0
1776025915080,1430,config 3 request,200,OK,config 3 3-12,text,false,"The operation lasted too long: It took 1,430 milliseconds, but should not have lasted longer than 775 milliseconds.",231,167,14,42,http://stload.se.ifmo.ru:8080/?token=518477874&user=-1355069478&config=3,1430,0,0
1776025914893,1617,config 2 request,200,OK,config 2 2-13,text,false,"The operation lasted too long: It took 1,617 milliseconds, but should not have lasted longer than 775 milliseconds.",231,167,14,42,http://stload.se.ifmo.ru:8080/?token=518477874&user=-1355069478&config=2,1617,0,125
1776025915261,1289,config 3 request,200,OK,config 3 3-2,text,false,"The operation lasted too long: It took 1,289 milliseconds, but should not have lasted longer than 775 milliseconds.",231,167,14,42,http://stload.se.ifmo.ru:8080/?token=518477874&user=-1355069478&config=3,1289,0,0
1776025915403,1234,config 3 request,200,OK,config 3 3-5,text,false,"The operation lasted too long: It took 1,234 milliseconds, but should not have lasted longer than 775 milliseconds.",231,167,14,42,http://stload.se.ifmo.ru:8080/?token=518477874&user=-1355069478&config=3,1234,0,0
1776025915496,1150,config 3 request,200,OK,config 3 3-11,text,false,"The operation lasted too long: It took 1,150 milliseconds, but should not have lasted longer than 775 milliseconds.",231,167,14,42,http://stload.se.ifmo.ru:8080/?token=518477874&user=-1355069478&config=3,1150,0,0
1776025915525,1205,config 3 request,200,OK,config 3 3-14,text,false,"The operation lasted too long: It took 1,205 milliseconds, but should not have lasted longer than 775 milliseconds.",231,167,14,42,http://stload.se.ifmo.ru:8080/?token=518477874&user=-1355069478&config=3,1205,0,0
1776025915308,1515,config 2 request,200,OK,config 2 2-1,text,false,"The operation lasted too long: It took 1,515 milliseconds, but should not have lasted longer than 775 milliseconds.",231,167,14,42,http://stload.se.ifmo.ru:8080/?token=518477874&user=-1355069478&config=2,1515,0,0
1776025915658,1496,config 2 request,200,OK,config 2 2-3,text,false,"The operation lasted too long: It took 1,496 milliseconds, but should not have lasted longer than 775 milliseconds.",231,167,14,42,http://stload.se.ifmo.ru:8080/?token=518477874&user=-1355069478&config=2,1496,0,0
1776025915694,1460,config 2 request,200,OK,config 2 2-11,text,false,"The operation lasted too long: It took 1,460 milliseconds, but should not have lasted longer than 775 milliseconds.",231,167,14,42,http://stload.se.ifmo.ru:8080/?token=518477874&user=-1355069478&config=2,1460,0,0
1776025915803,1352,config 3 request,200,OK,config 3 3-7,text,false,"The operation lasted too long: It took 1,352 milliseconds, but should not have lasted longer than 775 milliseconds.",231,167,14,42,http://stload.se.ifmo.ru:8080/?token=518477874&user=-1355069478&config=3,1352,0,0
1776025915718,1586,config 2 request,200,OK,config 2 2-9,text,false,"The operation lasted too long: It took 1,586 milliseconds, but should not have lasted longer than 775 milliseconds.",231,167,14,42,http://stload.se.ifmo.ru:8080/?token=518477874&user=-1355069478&config=2,1586,0,0
1776025915804,1500,config 3 request,200,OK,config 3 3-4,text,false,"The operation lasted too long: It took 1,500 milliseconds, but should not have lasted longer than 775 milliseconds.",231,167,14,42,http://stload.se.ifmo.ru:8080/?token=518477874&user=-1355069478&config=3,1500,0,0
1776025915873,1431,config 3 request,200,OK,config 3 3-10,text,false,"The operation lasted too long: It took 1,431 milliseconds, but should not have lasted longer than 775 milliseconds.",231,167,14,42,http://stload.se.ifmo.ru:8080/?token=518477874&user=-1355069478&config=3,1431,0,0
1776025915873,1470,config 3 request,200,OK,config 3 3-13,text,false,"The operation lasted too long: It took 1,470 milliseconds, but should not have lasted longer than 775 milliseconds.",231,167,14,42,http://stload.se.ifmo.ru:8080/?token=518477874&user=-1355069478&config=3,1470,0,0
1776025916023,1320,config 3 request,200,OK,config 3 3-1,text,false,"The operation lasted too long: It took 1,320 milliseconds, but should not have lasted longer than 775 milliseconds.",231,167,14,42,http://stload.se.ifmo.ru:8080/?token=518477874&user=-1355069478&config=3,1320,0,0
1776025915787,1596,config 2 request,200,OK,config 2 2-8,text,false,"The operation lasted too long: It took 1,596 milliseconds, but should not have lasted longer than 775 milliseconds.",231,167,14,42,http://stload.se.ifmo.ru:8080/?token=518477874&user=-1355069478&config=2,1596,0,0
1776025916283,1236,config 3 request,200,OK,config 3 3-9,text,false,"The operation lasted too long: It took 1,236 milliseconds, but should not have lasted longer than 775 milliseconds.",231,167,14,42,http://stload.se.ifmo.ru:8080/?token=518477874&user=-1355069478&config=3,1236,0,0
1776025916176,1571,config 2 request,200,OK,config 2 2-6,text,false,"The operation lasted too long: It took 1,571 milliseconds, but should not have lasted longer than 775 milliseconds.",231,167,14,42,http://stload.se.ifmo.ru:8080/?token=518477874&user=-1355069478&config=2,1571,0,0
1776025916328,1419,config 2 request,200,OK,config 2 2-10,text,false,"The operation lasted too long: It took 1,419 milliseconds, but should not have lasted longer than 775 milliseconds.",231,167,14,42,http://stload.se.ifmo.ru:8080/?token=518477874&user=-1355069478&config=2,1419,0,0
1776025916359,1388,config 2 request,200,OK,config 2 2-12,text,false,"The operation lasted too long: It took 1,388 milliseconds, but should not have lasted longer than 775 milliseconds.",231,167,14,42,http://stload.se.ifmo.ru:8080/?token=518477874&user=-1355069478&config=2,1388,0,0
1776025916538,1209,config 3 request,200,OK,config 3 3-6,text,false,"The operation lasted too long: It took 1,209 milliseconds, but should not have lasted longer than 775 milliseconds.",231,167,14,42,http://stload.se.ifmo.ru:8080/?token=518477874&user=-1355069478&config=3,1209,0,0
1776025916457,1326,config 2 request,200,OK,config 2 2-7,text,false,"The operation lasted too long: It took 1,326 milliseconds, but should not have lasted longer than 775 milliseconds.",231,167,14,42,http://stload.se.ifmo.ru:8080/?token=518477874&user=-1355069478&config=2,1326,0,0
1776025916456,1327,config 2 request,200,OK,config 2 2-2,text,false,"The operation lasted too long: It took 1,327 milliseconds, but should not have lasted longer than 775 milliseconds.",231,167,14,42,http://stload.se.ifmo.ru:8080/?token=518477874&user=-1355069478&config=2,1327,0,0
1776025916582,1201,config 3 request,200,OK,config 3 3-12,text,false,"The operation lasted too long: It took 1,201 milliseconds, but should not have lasted longer than 775 milliseconds.",231,167,14,42,http://stload.se.ifmo.ru:8080/?token=518477874&user=-1355069478&config=3,1201,0,0
1776025916503,1341,config 2 request,200,OK,config 2 2-5,text,false,"The operation lasted too long: It took 1,341 milliseconds, but should not have lasted longer than 775 milliseconds.",231,167,14,42,http://stload.se.ifmo.ru:8080/?token=518477874&user=-1355069478&config=2,1341,0,0
1776025916248,1596,config 2 request,200,OK,config 2 2-14,text,false,"The operation lasted too long: It took 1,596 milliseconds, but should not have lasted longer than 775 milliseconds.",231,167,14,42,http://stload.se.ifmo.ru:8080/?token=518477874&user=-1355069478&config=2,1596,0,231
1776025916480,1364,config 2 request,200,OK,config 2 2-4,text,false,"The operation lasted too long: It took 1,364 milliseconds, but should not have lasted longer than 775 milliseconds.",231,167,14,42,http://stload.se.ifmo.ru:8080/?token=518477874&user=-1355069478&config=2,1364,0,0
1776025916513,1367,config 2 request,200,OK,config 2 2-13,text,false,"The operation lasted too long: It took 1,367 milliseconds, but should not have lasted longer than 775 milliseconds.",231,167,14,42,http://stload.se.ifmo.ru:8080/?token=518477874&user=-1355069478&config=2,1367,0,0
1776025916604,1506,config 3 request,200,OK,config 3 3-3,text,false,"The operation lasted too long: It took 1,506 milliseconds, but should not have lasted longer than 775 milliseconds.",231,167,14,42,http://stload.se.ifmo.ru:8080/?token=518477874&user=-1355069478&config=3,1506,0,0
1776025916746,1461,config 3 request,200,OK,config 3 3-8,text,false,"The operation lasted too long: It took 1,461 milliseconds, but should not have lasted longer than 775 milliseconds.",231,167,14,42,http://stload.se.ifmo.ru:8080/?token=518477874&user=-1355069478&config=3,1461,0,0
1776025916992,1316,config 3 request,200,OK,config 3 3-11,text,false,"The operation lasted too long: It took 1,316 milliseconds, but should not have lasted longer than 775 milliseconds.",231,167,14,42,http://stload.se.ifmo.ru:8080/?token=518477874&user=-1355069478&config=3,1316,0,0
1776025917031,1277,config 3 request,200,OK,config 3 3-14,text,false,"The operation lasted too long: It took 1,277 milliseconds, but should not have lasted longer than 775 milliseconds.",231,167,14,42,http://stload.se.ifmo.ru:8080/?token=518477874&user=-1355069478&config=3,1277,0,0
1776025916762,1546,config 3 request,200,OK,config 3 3-2,text,false,"The operation lasted too long: It took 1,546 milliseconds, but should not have lasted longer than 775 milliseconds.",231,167,14,42,http://stload.se.ifmo.ru:8080/?token=518477874&user=-1355069478&config=3,1546,0,0
1776025916904,1404,config 3 request,200,OK,config 3 3-5,text,false,"The operation lasted too long: It took 1,404 milliseconds, but should not have lasted longer than 775 milliseconds.",231,167,14,42,http://stload.se.ifmo.ru:8080/?token=518477874&user=-1355069478&config=3,1404,0,0
1776025916825,1665,config 2 request,200,OK,config 2 2-1,text,false,"The operation lasted too long: It took 1,665 milliseconds, but should not have lasted longer than 775 milliseconds.",231,167,14,42,http://stload.se.ifmo.ru:8080/?token=518477874&user=-1355069478&config=2,1665,0,0
1776025917304,1186,config 3 request,200,OK,config 3 3-7,text,false,"The operation lasted too long: It took 1,186 milliseconds, but should not have lasted longer than 775 milliseconds.",231,167,14,42,http://stload.se.ifmo.ru:8080/?token=518477874&user=-1355069478&config=3,1186,0,0
1776025917200,1510,config 2 request,200,OK,config 2 2-11,text,false,"The operation lasted too long: It took 1,510 milliseconds, but should not have lasted longer than 775 milliseconds.",231,167,14,42,http://stload.se.ifmo.ru:8080/?token=518477874&user=-1355069478&config=2,1510,0,0
1776025917157,1553,config 2 request,200,OK,config 2 2-3,text,false,"The operation lasted too long: It took 1,553 milliseconds, but should not have lasted longer than 775 milliseconds.",231,167,14,42,http://stload.se.ifmo.ru:8080/?token=518477874&user=-1355069478&config=2,1553,0,0
1776025917306,1404,config 2 request,200,OK,config 2 2-9,text,false,"The operation lasted too long: It took 1,404 milliseconds, but should not have lasted longer than 775 milliseconds.",231,167,14,42,http://stload.se.ifmo.ru:8080/?token=518477874&user=-1355069478&config=2,1404,0,0
1776025917306,1404,config 3 request,200,OK,config 3 3-4,text,false,"The operation lasted too long: It took 1,404 milliseconds, but should not have lasted longer than 775 milliseconds.",231,167,14,42,http://stload.se.ifmo.ru:8080/?token=518477874&user=-1355069478&config=3,1404,0,0
1776025917376,1379,config 3 request,200,OK,config 3 3-13,text,false,"The operation lasted too long: It took 1,379 milliseconds, but should not have lasted longer than 775 milliseconds.",231,167,14,42,http://stload.se.ifmo.ru:8080/?token=518477874&user=-1355069478&config=3,1379,0,0
1776025917376,1379,config 3 request,200,OK,config 3 3-10,text,false,"The operation lasted too long: It took 1,379 milliseconds, but should not have lasted longer than 775 milliseconds.",231,167,14,42,http://stload.se.ifmo.ru:8080/?token=518477874&user=-1355069478&config=3,1379,0,0
1776025917526,1273,config 3 request,200,OK,config 3 3-1,text,false,"The operation lasted too long: It took 1,273 milliseconds, but should not have lasted longer than 775 milliseconds.",231,167,14,42,http://stload.se.ifmo.ru:8080/?token=518477874&user=-1355069478&config=3,1273,0,0
1776025917785,1154,config 3 request,200,OK,config 3 3-9,text,false,"The operation lasted too long: It took 1,154 milliseconds, but should not have lasted longer than 775 milliseconds.",231,167,14,42,http://stload.se.ifmo.ru:8080/?token=518477874&user=-1355069478&config=3,1154,0,0
1776025917386,1553,config 2 request,200,OK,config 2 2-8,text,false,"The operation lasted too long: It took 1,553 milliseconds, but should not have lasted longer than 775 milliseconds.",231,167,14,42,http://stload.se.ifmo.ru:8080/?token=518477874&user=-1355069478&config=2,1553,0,0
1776025917830,1328,config 2 request,200,OK,config 2 2-10,text,false,"The operation lasted too long: It took 1,328 milliseconds, but should not have lasted longer than 775 milliseconds.",231,167,14,42,http://stload.se.ifmo.ru:8080/?token=518477874&user=-1355069478&config=2,1328,0,0
1776025917748,1410,config 2 request,200,OK,config 2 2-6,text,false,"The operation lasted too long: It took 1,410 milliseconds, but should not have lasted longer than 775 milliseconds.",231,167,14,42,http://stload.se.ifmo.ru:8080/?token=518477874&user=-1355069478&config=2,1410,0,0
1776025917844,1436,config 2 request,200,OK,config 2 2-14,text,false,"The operation lasted too long: It took 1,436 milliseconds, but should not have lasted longer than 775 milliseconds.",231,167,14,42,http://stload.se.ifmo.ru:8080/?token=518477874&user=-1355069478&config=2,1436,0,0
1776025918034,1259,config 3 request,200,OK,config 3 3-6,text,false,"The operation lasted too long: It took 1,259 milliseconds, but should not have lasted longer than 775 milliseconds.",231,167,14,42,http://stload.se.ifmo.ru:8080/?token=518477874&user=-1355069478&config=3,1259,0,0
1776025918086,1207,config 3 request,200,OK,config 3 3-12,text,false,"The operation lasted too long: It took 1,207 milliseconds, but should not have lasted longer than 775 milliseconds.",231,167,14,42,http://stload.se.ifmo.ru:8080/?token=518477874&user=-1355069478&config=3,1207,0,0
1776025917955,1338,config 2 request,200,OK,config 2 2-2,text,false,"The operation lasted too long: It took 1,338 milliseconds, but should not have lasted longer than 775 milliseconds.",231,167,14,42,http://stload.se.ifmo.ru:8080/?token=518477874&user=-1355069478&config=2,1338,0,0
1776025917864,1442,config 2 request,200,OK,config 2 2-12,text,false,"The operation lasted too long: It took 1,442 milliseconds, but should not have lasted longer than 775 milliseconds.",231,167,14,42,http://stload.se.ifmo.ru:8080/?token=518477874&user=-1355069478&config=2,1441,0,0
1776025917981,1373,config 2 request,200,OK,config 2 2-4,text,false,"The operation lasted too long: It took 1,373 milliseconds, but should not have lasted longer than 775 milliseconds.",231,167,14,42,http://stload.se.ifmo.ru:8080/?token=518477874&user=-1355069478&config=2,1373,0,0
1776025917953,1401,config 2 request,200,OK,config 2 2-7,text,false,"The operation lasted too long: It took 1,401 milliseconds, but should not have lasted longer than 775 milliseconds.",231,167,14,42,http://stload.se.ifmo.ru:8080/?token=518477874&user=-1355069478&config=2,1401,0,0
1776025918000,1385,config 2 request,200,OK,config 2 2-5,text,false,"The operation lasted too long: It took 1,385 milliseconds, but should not have lasted longer than 775 milliseconds.",231,167,14,42,http://stload.se.ifmo.ru:8080/?token=518477874&user=-1355069478&config=2,1385,0,0
1776025918111,1335,config 3 request,200,OK,config 3 3-3,text,false,"The operation lasted too long: It took 1,335 milliseconds, but should not have lasted longer than 775 milliseconds.",231,167,14,42,http://stload.se.ifmo.ru:8080/?token=518477874&user=-1355069478&config=3,1335,0,0
1776025918017,1603,config 2 request,200,OK,config 2 2-13,text,false,"The operation lasted too long: It took 1,603 milliseconds, but should not have lasted longer than 775 milliseconds.",231,167,14,42,http://stload.se.ifmo.ru:8080/?token=518477874&user=-1355069478&config=2,1603,0,0
1776025918250,1371,config 3 request,200,OK,config 3 3-8,text,false,"The operation lasted too long: It took 1,371 milliseconds, but should not have lasted longer than 775 milliseconds.",231,167,14,42,http://stload.se.ifmo.ru:8080/?token=518477874&user=-1355069478&config=3,1371,0,0
1776025918526,1254,config 3 request,200,OK,config 3 3-14,text,false,"The operation lasted too long: It took 1,254 milliseconds, but should not have lasted longer than 775 milliseconds.",231,167,14,42,http://stload.se.ifmo.ru:8080/?token=518477874&user=-1355069478&config=3,1254,0,0
1776025918404,1376,config 3 request,200,OK,config 3 3-5,text,false,"The operation lasted too long: It took 1,376 milliseconds, but should not have lasted longer than 775 milliseconds.",231,167,14,42,http://stload.se.ifmo.ru:8080/?token=518477874&user=-1355069478&config=3,1376,0,0
1776025918493,1287,config 3 request,200,OK,config 3 3-11,text,false,"The operation lasted too long: It took 1,287 milliseconds, but should not have lasted longer than 775 milliseconds.",231,167,14,42,http://stload.se.ifmo.ru:8080/?token=518477874&user=-1355069478&config=3,1287,0,0
1776025918309,1471,config 3 request,200,OK,config 3 3-2,text,false,"The operation lasted too long: It took 1,471 milliseconds, but should not have lasted longer than 775 milliseconds.",231,167,14,42,http://stload.se.ifmo.ru:8080/?token=518477874&user=-1355069478&config=3,1471,0,0
1776025918490,1572,config 2 request,200,OK,config 2 2-1,text,false,"The operation lasted too long: It took 1,572 milliseconds, but should not have lasted longer than 775 milliseconds.",231,167,14,42,http://stload.se.ifmo.ru:8080/?token=518477874&user=-1355069478&config=2,1572,0,0
1776025918710,1353,config 2 request,200,OK,config 2 2-11,text,false,"The operation lasted too long: It took 1,353 milliseconds, but should not have lasted longer than 775 milliseconds.",231,167,14,42,http://stload.se.ifmo.ru:8080/?token=518477874&user=-1355069478&config=2,1353,0,0
1776025918710,1489,config 2 request,200,OK,config 2 2-3,text,false,"The operation lasted too long: It took 1,489 milliseconds, but should not have lasted longer than 775 milliseconds.",231,167,14,42,http://stload.se.ifmo.ru:8080/?token=518477874&user=-1355069478&config=2,1489,0,0
1776025918803,1396,config 3 request,200,OK,config 3 3-7,text,false,"The operation lasted too long: It took 1,396 milliseconds, but should not have lasted longer than 775 milliseconds.",231,167,14,42,http://stload.se.ifmo.ru:8080/?token=518477874&user=-1355069478&config=3,1396,0,0
1776025918877,1367,config 3 request,200,OK,config 3 3-10,text,false,"The operation lasted too long: It took 1,367 milliseconds, but should not have lasted longer than 775 milliseconds.",231,167,14,42,http://stload.se.ifmo.ru:8080/?token=518477874&user=-1355069478&config=3,1367,0,0
1776025918811,1433,config 3 request,200,OK,config 3 3-4,text,false,"The operation lasted too long: It took 1,433 milliseconds, but should not have lasted longer than 775 milliseconds.",231,167,14,42,http://stload.se.ifmo.ru:8080/?token=518477874&user=-1355069478&config=3,1433,0,0
1776025919026,1311,config 3 request,200,OK,config 3 3-1,text,false,"The operation lasted too long: It took 1,311 milliseconds, but should not have lasted longer than 775 milliseconds.",231,167,14,42,http://stload.se.ifmo.ru:8080/?token=518477874&user=-1355069478&config=3,1311,0,0
1776025918871,1466,config 3 request,200,OK,config 3 3-13,text,false,"The operation lasted too long: It took 1,466 milliseconds, but should not have lasted longer than 775 milliseconds.",231,167,14,42,http://stload.se.ifmo.ru:8080/?token=518477874&user=-1355069478&config=3,1466,0,0
1776025918811,1570,config 2 request,200,OK,config 2 2-9,text,false,"The operation lasted too long: It took 1,570 milliseconds, but should not have lasted longer than 775 milliseconds.",231,167,14,42,http://stload.se.ifmo.ru:8080/?token=518477874&user=-1355069478&config=2,1570,0,0
1776025919284,1247,config 3 request,200,OK,config 3 3-9,text,false,"The operation lasted too long: It took 1,247 milliseconds, but should not have lasted longer than 775 milliseconds.",231,167,14,42,http://stload.se.ifmo.ru:8080/?token=518477874&user=-1355069478&config=3,1247,0,0
1776025918939,1592,config 2 request,200,OK,config 2 2-8,text,false,"The operation lasted too long: It took 1,592 milliseconds, but should not have lasted longer than 775 milliseconds.",231,167,14,42,http://stload.se.ifmo.ru:8080/?token=518477874&user=-1355069478&config=2,1592,0,0
1776025919248,1283,config 2 request,200,OK,config 2 2-6,text,false,"The operation lasted too long: It took 1,283 milliseconds, but should not have lasted longer than 775 milliseconds.",231,167,14,42,http://stload.se.ifmo.ru:8080/?token=518477874&user=-1355069478&config=2,1283,0,0
1776025919329,1443,config 2 request,200,OK,config 2 2-10,text,false,"The operation lasted too long: It took 1,443 milliseconds, but should not have lasted longer than 775 milliseconds.",231,167,14,42,http://stload.se.ifmo.ru:8080/?token=518477874&user=-1355069478&config=2,1443,0,0
1776025919347,1425,config 2 request,200,OK,config 2 2-14,text,false,"The operation lasted too long: It took 1,425 milliseconds, but should not have lasted longer than 775 milliseconds.",231,167,14,42,http://stload.se.ifmo.ru:8080/?token=518477874&user=-1355069478&config=2,1425,0,0
1776025919364,1487,config 2 request,200,OK,config 2 2-12,text,false,"The operation lasted too long: It took 1,487 milliseconds, but should not have lasted longer than 775 milliseconds.",231,167,14,42,http://stload.se.ifmo.ru:8080/?token=518477874&user=-1355069478&config=2,1487,0,0
1776025919453,1457,config 2 request,200,OK,config 2 2-2,text,false,"The operation lasted too long: It took 1,457 milliseconds, but should not have lasted longer than 775 milliseconds.",231,167,14,42,http://stload.se.ifmo.ru:8080/?token=518477874&user=-1355069478&config=2,1457,0,0
1776025919585,1325,config 3 request,200,OK,config 3 3-12,text,false,"The operation lasted too long: It took 1,325 milliseconds, but should not have lasted longer than 775 milliseconds.",231,167,14,42,http://stload.se.ifmo.ru:8080/?token=518477874&user=-1355069478&config=3,1325,0,0
1776025919534,1376,config 3 request,200,OK,config 3 3-6,text,false,"The operation lasted too long: It took 1,376 milliseconds, but should not have lasted longer than 775 milliseconds.",231,167,14,42,http://stload.se.ifmo.ru:8080/?token=518477874&user=-1355069478&config=3,1376,0,0
1776025919456,1469,config 2 request,200,OK,config 2 2-7,text,false,"The operation lasted too long: It took 1,469 milliseconds, but should not have lasted longer than 775 milliseconds.",231,167,14,42,http://stload.se.ifmo.ru:8080/?token=518477874&user=-1355069478&config=2,1469,0,0
1776025919484,1464,config 2 request,200,OK,config 2 2-4,text,false,"The operation lasted too long: It took 1,464 milliseconds, but should not have lasted longer than 775 milliseconds.",231,167,14,42,http://stload.se.ifmo.ru:8080/?token=518477874&user=-1355069478&config=2,1464,0,0
1776025919501,1506,config 2 request,200,OK,config 2 2-5,text,false,"The operation lasted too long: It took 1,506 milliseconds, but should not have lasted longer than 775 milliseconds.",231,167,14,42,http://stload.se.ifmo.ru:8080/?token=518477874&user=-1355069478&config=2,1506,0,0
1776025919616,1391,config 3 request,200,OK,config 3 3-3,text,false,"The operation lasted too long: It took 1,391 milliseconds, but should not have lasted longer than 775 milliseconds.",231,167,14,42,http://stload.se.ifmo.ru:8080/?token=518477874&user=-1355069478&config=3,1391,0,0
1776025919747,1358,config 3 request,200,OK,config 3 3-8,text,false,"The operation lasted too long: It took 1,358 milliseconds, but should not have lasted longer than 775 milliseconds.",231,167,14,42,http://stload.se.ifmo.ru:8080/?token=518477874&user=-1355069478&config=3,1358,0,0
1776025919812,1293,config 3 request,200,OK,config 3 3-2,text,false,"The operation lasted too long: It took 1,293 milliseconds, but should not have lasted longer than 775 milliseconds.",231,167,14,42,http://stload.se.ifmo.ru:8080/?token=518477874&user=-1355069478&config=3,1293,0,0
1776025919903,1300,config 3 request,200,OK,config 3 3-5,text,false,"The operation lasted too long: It took 1,300 milliseconds, but should not have lasted longer than 775 milliseconds.",231,167,14,42,http://stload.se.ifmo.ru:8080/?token=518477874&user=-1355069478&config=3,1300,0,0
1776025920028,1175,config 3 request,200,OK,config 3 3-14,text,false,"The operation lasted too long: It took 1,175 milliseconds, but should not have lasted longer than 775 milliseconds.",231,167,14,42,http://stload.se.ifmo.ru:8080/?token=518477874&user=-1355069478&config=3,1175,0,0
1776025919991,1212,config 3 request,200,OK,config 3 3-11,text,false,"The operation lasted too long: It took 1,212 milliseconds, but should not have lasted longer than 775 milliseconds.",231,167,14,42,http://stload.se.ifmo.ru:8080/?token=518477874&user=-1355069478&config=3,1212,0,0
1776025919621,1892,config 2 request,200,OK,config 2 2-13,text,false,"The operation lasted too long: It took 1,892 milliseconds, but should not have lasted longer than 775 milliseconds.",231,167,14,42,http://stload.se.ifmo.ru:8080/?token=518477874&user=-1355069478&config=2,1892,0,0
1776025920063,1450,config 2 request,200,OK,config 2 2-1,text,false,"The operation lasted too long: It took 1,450 milliseconds, but should not have lasted longer than 775 milliseconds.",231,167,14,42,http://stload.se.ifmo.ru:8080/?token=518477874&user=-1355069478&config=2,1450,0,0
1776025920302,1361,config 3 request,200,OK,config 3 3-7,text,false,"The operation lasted too long: It took 1,361 milliseconds, but should not have lasted longer than 775 milliseconds.",231,167,14,42,http://stload.se.ifmo.ru:8080/?token=518477874&user=-1355069478&config=3,1361,0,0
1776025920309,1354,config 3 request,200,OK,config 3 3-4,text,false,"The operation lasted too long: It took 1,354 milliseconds, but should not have lasted longer than 775 milliseconds.",231,167,14,42,http://stload.se.ifmo.ru:8080/?token=518477874&user=-1355069478&config=3,1354,0,0
1776025920376,1287,config 3 request,200,OK,config 3 3-10,text,false,"The operation lasted too long: It took 1,287 milliseconds, but should not have lasted longer than 775 milliseconds.",231,167,14,42,http://stload.se.ifmo.ru:8080/?token=518477874&user=-1355069478&config=3,1287,0,0
1776025920210,1453,config 2 request,200,OK,config 2 2-3,text,false,"The operation lasted too long: It took 1,453 milliseconds, but should not have lasted longer than 775 milliseconds.",231,167,14,42,http://stload.se.ifmo.ru:8080/?token=518477874&user=-1355069478&config=2,1453,0,0
1776025920210,1494,config 2 request,200,OK,config 2 2-11,text,false,"The operation lasted too long: It took 1,494 milliseconds, but should not have lasted longer than 775 milliseconds.",231,167,14,42,http://stload.se.ifmo.ru:8080/?token=518477874&user=-1355069478&config=2,1494,0,0
1776025920376,1328,config 3 request,200,OK,config 3 3-13,text,false,"The operation lasted too long: It took 1,328 milliseconds, but should not have lasted longer than 775 milliseconds.",231,167,14,42,http://stload.se.ifmo.ru:8080/?token=518477874&user=-1355069478&config=3,1328,0,0
1776025920523,1273,config 3 request,200,OK,config 3 3-1,text,false,"The operation lasted too long: It took 1,273 milliseconds, but should not have lasted longer than 775 milliseconds.",231,167,14,42,http://stload.se.ifmo.ru:8080/?token=518477874&user=-1355069478&config=3,1273,0,0
1776025920786,1143,config 3 request,200,OK,config 3 3-9,text,false,"The operation lasted too long: It took 1,143 milliseconds, but should not have lasted longer than 775 milliseconds.",231,167,14,42,http://stload.se.ifmo.ru:8080/?token=518477874&user=-1355069478&config=3,1143,0,0
1776025920532,1529,config 2 request,200,OK,config 2 2-8,text,false,"The operation lasted too long: It took 1,529 milliseconds, but should not have lasted longer than 775 milliseconds.",231,167,14,42,http://stload.se.ifmo.ru:8080/?token=518477874&user=-1355069478&config=2,1529,0,0
1776025920382,1679,config 2 request,200,OK,config 2 2-9,text,false,"The operation lasted too long: It took 1,679 milliseconds, but should not have lasted longer than 775 milliseconds.",231,167,14,42,http://stload.se.ifmo.ru:8080/?token=518477874&user=-1355069478&config=2,1679,0,0
1776025920752,1442,config 2 request,200,OK,config 2 2-6,text,false,"The operation lasted too long: It took 1,442 milliseconds, but should not have lasted longer than 775 milliseconds.",231,167,14,42,http://stload.se.ifmo.ru:8080/?token=518477874&user=-1355069478&config=2,1442,0,0
1776025920827,1367,config 2 request,200,OK,config 2 2-10,text,false,"The operation lasted too long: It took 1,367 milliseconds, but should not have lasted longer than 775 milliseconds.",231,167,14,42,http://stload.se.ifmo.ru:8080/?token=518477874&user=-1355069478&config=2,1367,0,0
1776025920847,1465,config 2 request,200,OK,config 2 2-14,text,false,"The operation lasted too long: It took 1,465 milliseconds, but should not have lasted longer than 775 milliseconds.",231,167,14,42,http://stload.se.ifmo.ru:8080/?token=518477874&user=-1355069478&config=2,1465,0,0
1776025920860,1465,config 2 request,200,OK,config 2 2-12,text,false,"The operation lasted too long: It took 1,465 milliseconds, but should not have lasted longer than 775 milliseconds.",231,167,14,42,http://stload.se.ifmo.ru:8080/?token=518477874&user=-1355069478&config=2,1465,0,0
1776025921035,1290,config 3 request,200,OK,config 3 3-6,text,false,"The operation lasted too long: It took 1,290 milliseconds, but should not have lasted longer than 775 milliseconds.",231,167,14,42,http://stload.se.ifmo.ru:8080/?token=518477874&user=-1355069478&config=3,1290,0,0
1776025920952,1374,config 2 request,200,OK,config 2 2-7,text,false,"The operation lasted too long: It took 1,374 milliseconds, but should not have lasted longer than 775 milliseconds.",231,167,14,42,http://stload.se.ifmo.ru:8080/?token=518477874&user=-1355069478&config=2,1373,0,0
1776025920953,1401,config 2 request,200,OK,config 2 2-2,text,false,"The operation lasted too long: It took 1,401 milliseconds, but should not have lasted longer than 775 milliseconds.",231,167,14,42,http://stload.se.ifmo.ru:8080/?token=518477874&user=-1355069478&config=2,1401,0,0
1776025921008,1410,config 2 request,200,OK,config 2 2-5,text,false,"The operation lasted too long: It took 1,410 milliseconds, but should not have lasted longer than 775 milliseconds.",231,167,14,42,http://stload.se.ifmo.ru:8080/?token=518477874&user=-1355069478&config=2,1410,0,0
1776025920982,1436,config 2 request,200,OK,config 2 2-4,text,false,"The operation lasted too long: It took 1,436 milliseconds, but should not have lasted longer than 775 milliseconds.",231,167,14,42,http://stload.se.ifmo.ru:8080/?token=518477874&user=-1355069478&config=2,1436,0,0
1776025921086,1414,config 3 request,200,OK,config 3 3-12,text,false,"The operation lasted too long: It took 1,414 milliseconds, but should not have lasted longer than 775 milliseconds.",231,167,14,42,http://stload.se.ifmo.ru:8080/?token=518477874&user=-1355069478&config=3,1414,0,0
1776025921114,1468,config 3 request,200,OK,config 3 3-3,text,false,"The operation lasted too long: It took 1,468 milliseconds, but should not have lasted longer than 775 milliseconds.",231,167,14,42,http://stload.se.ifmo.ru:8080/?token=518477874&user=-1355069478&config=3,1468,0,0
1776025921248,1396,config 3 request,200,OK,config 3 3-8,text,false,"The operation lasted too long: It took 1,396 milliseconds, but should not have lasted longer than 775 milliseconds.",231,167,14,42,http://stload.se.ifmo.ru:8080/?token=518477874&user=-1355069478&config=3,1396,0,0
1776025921313,1421,config 3 request,200,OK,config 3 3-2,text,false,"The operation lasted too long: It took 1,421 milliseconds, but should not have lasted longer than 775 milliseconds.",231,167,14,42,http://stload.se.ifmo.ru:8080/?token=518477874&user=-1355069478&config=3,1421,0,0
1776025921400,1334,config 3 request,200,OK,config 3 3-5,text,false,"The operation lasted too long: It took 1,334 milliseconds, but should not have lasted longer than 775 milliseconds.",231,167,14,42,http://stload.se.ifmo.ru:8080/?token=518477874&user=-1355069478&config=3,1334,0,0
1776025921496,1355,config 3 request,200,OK,config 3 3-11,text,false,"The operation lasted too long: It took 1,355 milliseconds, but should not have lasted longer than 775 milliseconds.",231,167,14,42,http://stload.se.ifmo.ru:8080/?token=518477874&user=-1355069478&config=3,1355,0,0
1776025921529,1337,config 3 request,200,OK,config 3 3-14,text,false,"The operation lasted too long: It took 1,337 milliseconds, but should not have lasted longer than 775 milliseconds.",231,167,14,42,http://stload.se.ifmo.ru:8080/?token=518477874&user=-1355069478&config=3,1337,0,0
1776025921803,1287,config 3 request,200,OK,config 3 3-7,text,false,"The operation lasted too long: It took 1,287 milliseconds, but should not have lasted longer than 775 milliseconds.",231,167,14,42,http://stload.se.ifmo.ru:8080/?token=518477874&user=-1355069478&config=3,1287,0,0
1776025921811,1279,config 3 request,200,OK,config 3 3-4,text,false,"The operation lasted too long: It took 1,279 milliseconds, but should not have lasted longer than 775 milliseconds.",231,167,14,42,http://stload.se.ifmo.ru:8080/?token=518477874&user=-1355069478&config=3,1279,0,0
1776025921515,1575,config 2 request,200,OK,config 2 2-13,text,false,"The operation lasted too long: It took 1,575 milliseconds, but should not have lasted longer than 775 milliseconds.",231,167,14,42,http://stload.se.ifmo.ru:8080/?token=518477874&user=-1355069478&config=2,1575,0,0
1776025921874,1244,config 3 request,200,OK,config 3 3-10,text,false,"The operation lasted too long: It took 1,244 milliseconds, but should not have lasted longer than 775 milliseconds.",231,167,14,42,http://stload.se.ifmo.ru:8080/?token=518477874&user=-1355069478&config=3,1244,0,0
1776025921568,1550,config 2 request,200,OK,config 2 2-1,text,false,"The operation lasted too long: It took 1,550 milliseconds, but should not have lasted longer than 775 milliseconds.",231,167,14,42,http://stload.se.ifmo.ru:8080/?token=518477874&user=-1355069478&config=2,1550,0,0
1776025921874,1244,config 3 request,200,OK,config 3 3-13,text,false,"The operation lasted too long: It took 1,244 milliseconds, but should not have lasted longer than 775 milliseconds.",231,167,14,42,http://stload.se.ifmo.ru:8080/?token=518477874&user=-1355069478&config=3,1244,0,0
1776025921710,1408,config 2 request,200,OK,config 2 2-11,text,false,"The operation lasted too long: It took 1,408 milliseconds, but should not have lasted longer than 775 milliseconds.",231,167,14,42,http://stload.se.ifmo.ru:8080/?token=518477874&user=-1355069478&config=2,1408,0,0
1776025921714,1447,config 2 request,200,OK,config 2 2-3,text,false,"The operation lasted too long: It took 1,447 milliseconds, but should not have lasted longer than 775 milliseconds.",231,167,14,42,http://stload.se.ifmo.ru:8080/?token=518477874&user=-1355069478&config=2,1447,0,0
1776025922026,1235,config 3 request,200,OK,config 3 3-1,text,false,"The operation lasted too long: It took 1,235 milliseconds, but should not have lasted longer than 775 milliseconds.",231,167,14,42,http://stload.se.ifmo.ru:8080/?token=518477874&user=-1355069478&config=3,1235,0,0
1776025922288,1273,config 3 request,200,OK,config 3 3-9,text,false,"The operation lasted too long: It took 1,273 milliseconds, but should not have lasted longer than 775 milliseconds.",231,167,14,42,http://stload.se.ifmo.ru:8080/?token=518477874&user=-1355069478&config=3,1273,0,0
1776025922251,1446,config 2 request,200,OK,config 2 2-6,text,false,"The operation lasted too long: It took 1,446 milliseconds, but should not have lasted longer than 775 milliseconds.",231,167,14,42,http://stload.se.ifmo.ru:8080/?token=518477874&user=-1355069478&config=2,1446,0,0
1776025922063,1634,config 2 request,200,OK,config 2 2-8,text,false,"The operation lasted too long: It took 1,634 milliseconds, but should not have lasted longer than 775 milliseconds.",231,167,14,42,http://stload.se.ifmo.ru:8080/?token=518477874&user=-1355069478&config=2,1634,0,0
1776025922063,1634,config 2 request,200,OK,config 2 2-9,text,false,"The operation lasted too long: It took 1,634 milliseconds, but should not have lasted longer than 775 milliseconds.",231,167,14,42,http://stload.se.ifmo.ru:8080/?token=518477874&user=-1355069478&config=2,1634,0,0
1776025922328,1369,config 2 request,200,OK,config 2 2-10,text,false,"The operation lasted too long: It took 1,369 milliseconds, but should not have lasted longer than 775 milliseconds.",231,167,14,42,http://stload.se.ifmo.ru:8080/?token=518477874&user=-1355069478&config=2,1369,0,0
1776025922350,1350,config 2 request,200,OK,config 2 2-14,text,false,"The operation lasted too long: It took 1,350 milliseconds, but should not have lasted longer than 775 milliseconds.",231,167,14,42,http://stload.se.ifmo.ru:8080/?token=518477874&user=-1355069478&config=2,1350,0,0
1776025922363,1426,config 2 request,200,OK,config 2 2-12,text,false,"The operation lasted too long: It took 1,426 milliseconds, but should not have lasted longer than 775 milliseconds.",231,167,14,42,http://stload.se.ifmo.ru:8080/?token=518477874&user=-1355069478&config=2,1426,0,0
1776025922535,1297,config 3 request,200,OK,config 3 3-6,text,false,"The operation lasted too long: It took 1,297 milliseconds, but should not have lasted longer than 775 milliseconds.",231,167,14,42,http://stload.se.ifmo.ru:8080/?token=518477874&user=-1355069478&config=3,1297,0,0
1776025922453,1379,config 2 request,200,OK,config 2 2-2,text,false,"The operation lasted too long: It took 1,379 milliseconds, but should not have lasted longer than 775 milliseconds.",231,167,14,42,http://stload.se.ifmo.ru:8080/?token=518477874&user=-1355069478&config=2,1379,0,0
1776025922453,1379,config 2 request,200,OK,config 2 2-7,text,false,"The operation lasted too long: It took 1,379 milliseconds, but should not have lasted longer than 775 milliseconds.",231,167,14,42,http://stload.se.ifmo.ru:8080/?token=518477874&user=-1355069478&config=2,1379,0,0
1776025922481,1397,config 2 request,200,OK,config 2 2-4,text,false,"The operation lasted too long: It took 1,397 milliseconds, but should not have lasted longer than 775 milliseconds.",231,167,14,42,http://stload.se.ifmo.ru:8080/?token=518477874&user=-1355069478&config=2,1397,0,0
1776025922514,1364,config 2 request,200,OK,config 2 2-5,text,false,"The operation lasted too long: It took 1,364 milliseconds, but should not have lasted longer than 775 milliseconds.",231,167,14,42,http://stload.se.ifmo.ru:8080/?token=518477874&user=-1355069478&config=2,1364,0,0
1776025922583,1305,config 3 request,200,OK,config 3 3-12,text,false,"The operation lasted too long: It took 1,305 milliseconds, but should not have lasted longer than 775 milliseconds.",231,167,14,42,http://stload.se.ifmo.ru:8080/?token=518477874&user=-1355069478&config=3,1305,0,0
1776025922617,1312,config 3 request,200,OK,config 3 3-3,text,false,"The operation lasted too long: It took 1,312 milliseconds, but should not have lasted longer than 775 milliseconds.",231,167,14,42,http://stload.se.ifmo.ru:8080/?token=518477874&user=-1355069478&config=3,1312,0,0
1776025922903,1163,config 3 request,200,OK,config 3 3-5,text,false,"The operation lasted too long: It took 1,163 milliseconds, but should not have lasted longer than 775 milliseconds.",231,167,14,42,http://stload.se.ifmo.ru:8080/?token=518477874&user=-1355069478&config=3,1163,0,0
1776025922812,1254,config 3 request,200,OK,config 3 3-2,text,false,"The operation lasted too long: It took 1,254 milliseconds, but should not have lasted longer than 775 milliseconds.",231,167,14,42,http://stload.se.ifmo.ru:8080/?token=518477874&user=-1355069478&config=3,1254,0,0
1776025922749,1317,config 3 request,200,OK,config 3 3-8,text,false,"The operation lasted too long: It took 1,317 milliseconds, but should not have lasted longer than 775 milliseconds.",231,167,14,42,http://stload.se.ifmo.ru:8080/?token=518477874&user=-1355069478&config=3,1317,0,0
1776025922992,1139,config 3 request,200,OK,config 3 3-11,text,false,"The operation lasted too long: It took 1,139 milliseconds, but should not have lasted longer than 775 milliseconds.",231,167,14,42,http://stload.se.ifmo.ru:8080/?token=518477874&user=-1355069478&config=3,1139,0,0
1776025923027,1236,config 3 request,200,OK,config 3 3-14,text,false,"The operation lasted too long: It took 1,236 milliseconds, but should not have lasted longer than 775 milliseconds.",231,167,14,42,http://stload.se.ifmo.ru:8080/?token=518477874&user=-1355069478&config=3,1236,0,0
1776025923091,1469,config 2 request,200,OK,config 2 2-13,text,false,"The operation lasted too long: It took 1,469 milliseconds, but should not have lasted longer than 775 milliseconds.",231,167,14,42,http://stload.se.ifmo.ru:8080/?token=518477874&user=-1355069478&config=2,1469,0,0
1776025923306,1254,config 3 request,200,OK,config 3 3-7,text,false,"The operation lasted too long: It took 1,254 milliseconds, but should not have lasted longer than 775 milliseconds.",231,167,14,42,http://stload.se.ifmo.ru:8080/?token=518477874&user=-1355069478&config=3,1254,0,0
1776025923118,1541,config 2 request,200,OK,config 2 2-1,text,false,"The operation lasted too long: It took 1,541 milliseconds, but should not have lasted longer than 775 milliseconds.",231,167,14,42,http://stload.se.ifmo.ru:8080/?token=518477874&user=-1355069478&config=2,1540,0,0
1776025923213,1446,config 2 request,200,OK,config 2 2-11,text,false,"The operation lasted too long: It took 1,446 milliseconds, but should not have lasted longer than 775 milliseconds.",231,167,14,42,http://stload.se.ifmo.ru:8080/?token=518477874&user=-1355069478&config=2,1446,0,0
1776025923375,1283,config 3 request,200,OK,config 3 3-10,text,false,"The operation lasted too long: It took 1,283 milliseconds, but should not have lasted longer than 775 milliseconds.",231,167,14,42,http://stload.se.ifmo.ru:8080/?token=518477874&user=-1355069478&config=3,1283,0,0
1776025923307,1362,config 3 request,200,OK,config 3 3-4,text,false,"The operation lasted too long: It took 1,362 milliseconds, but should not have lasted longer than 775 milliseconds.",231,167,14,42,http://stload.se.ifmo.ru:8080/?token=518477874&user=-1355069478&config=3,1362,0,0
1776025923522,1189,config 3 request,200,OK,config 3 3-1,text,false,"The operation lasted too long: It took 1,189 milliseconds, but should not have lasted longer than 775 milliseconds.",231,167,14,42,http://stload.se.ifmo.ru:8080/?token=518477874&user=-1355069478&config=3,1189,0,0
1776025923374,1337,config 3 request,200,OK,config 3 3-13,text,false,"The operation lasted too long: It took 1,337 milliseconds, but should not have lasted longer than 775 milliseconds.",231,167,14,42,http://stload.se.ifmo.ru:8080/?token=518477874&user=-1355069478&config=3,1337,0,0
1776025923213,1499,config 2 request,200,OK,config 2 2-3,text,false,"The operation lasted too long: It took 1,499 milliseconds, but should not have lasted longer than 775 milliseconds.",231,167,14,42,http://stload.se.ifmo.ru:8080/?token=518477874&user=-1355069478&config=2,1499,0,0
1776025923786,1159,config 3 request,200,OK,config 3 3-9,text,false,"The operation lasted too long: It took 1,159 milliseconds, but should not have lasted longer than 775 milliseconds.",231,167,14,42,http://stload.se.ifmo.ru:8080/?token=518477874&user=-1355069478&config=3,1159,0,0
1776025923697,1401,config 2 request,200,OK,config 2 2-8,text,false,"The operation lasted too long: It took 1,401 milliseconds, but should not have lasted longer than 775 milliseconds.",231,167,14,42,http://stload.se.ifmo.ru:8080/?token=518477874&user=-1355069478&config=2,1401,0,0
1776025923697,1401,config 2 request,200,OK,config 2 2-9,text,false,"The operation lasted too long: It took 1,401 milliseconds, but should not have lasted longer than 775 milliseconds.",231,167,14,42,http://stload.se.ifmo.ru:8080/?token=518477874&user=-1355069478&config=2,1401,0,0
1776025923752,1346,config 2 request,200,OK,config 2 2-6,text,false,"The operation lasted too long: It took 1,346 milliseconds, but should not have lasted longer than 775 milliseconds.",231,167,14,42,http://stload.se.ifmo.ru:8080/?token=518477874&user=-1355069478&config=2,1346,0,0
1776025923829,1340,config 2 request,200,OK,config 2 2-10,text,false,"The operation lasted too long: It took 1,340 milliseconds, but should not have lasted longer than 775 milliseconds.",231,167,14,42,http://stload.se.ifmo.ru:8080/?token=518477874&user=-1355069478&config=2,1340,0,0
1776025923861,1494,config 2 request,200,OK,config 2 2-12,text,false,"The operation lasted too long: It took 1,494 milliseconds, but should not have lasted longer than 775 milliseconds.",231,167,14,42,http://stload.se.ifmo.ru:8080/?token=518477874&user=-1355069478&config=2,1494,0,0
1776025923848,1508,config 2 request,200,OK,config 2 2-14,text,false,"The operation lasted too long: It took 1,508 milliseconds, but should not have lasted longer than 775 milliseconds.",231,167,14,42,http://stload.se.ifmo.ru:8080/?token=518477874&user=-1355069478&config=2,1508,0,0
1776025923955,1401,config 2 request,200,OK,config 2 2-2,text,false,"The operation lasted too long: It took 1,401 milliseconds, but should not have lasted longer than 775 milliseconds.",231,167,14,42,http://stload.se.ifmo.ru:8080/?token=518477874&user=-1355069478&config=2,1401,0,0
1776025923955,1401,config 2 request,200,OK,config 2 2-7,text,false,"The operation lasted too long: It took 1,401 milliseconds, but should not have lasted longer than 775 milliseconds.",231,167,14,42,http://stload.se.ifmo.ru:8080/?token=518477874&user=-1355069478&config=2,1401,0,0
1776025923981,1453,config 2 request,200,OK,config 2 2-4,text,false,"The operation lasted too long: It took 1,453 milliseconds, but should not have lasted longer than 775 milliseconds.",231,167,14,42,http://stload.se.ifmo.ru:8080/?token=518477874&user=-1355069478&config=2,1453,0,0
1776025924012,1436,config 2 request,200,OK,config 2 2-5,text,false,"The operation lasted too long: It took 1,436 milliseconds, but should not have lasted longer than 775 milliseconds.",231,167,14,42,http://stload.se.ifmo.ru:8080/?token=518477874&user=-1355069478&config=2,1436,0,0
1776025924036,1412,config 3 request,200,OK,config 3 3-6,text,false,"The operation lasted too long: It took 1,412 milliseconds, but should not have lasted longer than 775 milliseconds.",231,167,14,42,http://stload.se.ifmo.ru:8080/?token=518477874&user=-1355069478&config=3,1412,0,0
1776025924086,1440,config 3 request,200,OK,config 3 3-12,text,false,"The operation lasted too long: It took 1,440 milliseconds, but should not have lasted longer than 775 milliseconds.",231,167,14,42,http://stload.se.ifmo.ru:8080/?token=518477874&user=-1355069478&config=3,1440,0,0
1776025924247,1334,config 3 request,200,OK,config 3 3-8,text,false,"The operation lasted too long: It took 1,334 milliseconds, but should not have lasted longer than 775 milliseconds.",231,167,14,42,http://stload.se.ifmo.ru:8080/?token=518477874&user=-1355069478&config=3,1334,0,0
1776025924116,1465,config 3 request,200,OK,config 3 3-3,text,false,"The operation lasted too long: It took 1,465 milliseconds, but should not have lasted longer than 775 milliseconds.",231,167,14,42,http://stload.se.ifmo.ru:8080/?token=518477874&user=-1355069478&config=3,1465,0,0
1776025924403,1271,config 3 request,200,OK,config 3 3-5,text,false,"The operation lasted too long: It took 1,271 milliseconds, but should not have lasted longer than 775 milliseconds.",231,167,14,42,http://stload.se.ifmo.ru:8080/?token=518477874&user=-1355069478&config=3,1271,0,0
1776025924495,1446,config 3 request,200,OK,config 3 3-11,text,false,"The operation lasted too long: It took 1,446 milliseconds, but should not have lasted longer than 775 milliseconds.",231,167,14,42,http://stload.se.ifmo.ru:8080/?token=518477874&user=-1355069478&config=3,1446,0,0
1776025924314,1627,config 3 request,200,OK,config 3 3-2,text,false,"The operation lasted too long: It took 1,627 milliseconds, but should not have lasted longer than 775 milliseconds.",231,167,14,42,http://stload.se.ifmo.ru:8080/?token=518477874&user=-1355069478&config=3,1627,0,0
1776025924528,1413,config 3 request,200,OK,config 3 3-14,text,false,"The operation lasted too long: It took 1,413 milliseconds, but should not have lasted longer than 775 milliseconds.",231,167,14,42,http://stload.se.ifmo.ru:8080/?token=518477874&user=-1355069478&config=3,1413,0,0
1776025924594,1399,config 2 request,200,OK,config 2 2-13,text,false,"The operation lasted too long: It took 1,399 milliseconds, but should not have lasted longer than 775 milliseconds.",231,167,14,42,http://stload.se.ifmo.ru:8080/?token=518477874&user=-1355069478&config=2,1399,0,0
1776025924804,1366,config 3 request,200,OK,config 3 3-7,text,false,"The operation lasted too long: It took 1,366 milliseconds, but should not have lasted longer than 775 milliseconds.",231,167,14,42,http://stload.se.ifmo.ru:8080/?token=518477874&user=-1355069478&config=3,1366,0,0
1776025924811,1359,config 3 request,200,OK,config 3 3-4,text,false,"The operation lasted too long: It took 1,359 milliseconds, but should not have lasted longer than 775 milliseconds.",231,167,14,42,http://stload.se.ifmo.ru:8080/?token=518477874&user=-1355069478&config=3,1359,0,0
1776025924873,1297,config 3 request,200,OK,config 3 3-10,text,false,"The operation lasted too long: It took 1,297 milliseconds, but should not have lasted longer than 775 milliseconds.",231,167,14,42,http://stload.se.ifmo.ru:8080/?token=518477874&user=-1355069478&config=3,1297,0,0
1776025924659,1570,config 2 request,200,OK,config 2 2-1,text,false,"The operation lasted too long: It took 1,570 milliseconds, but should not have lasted longer than 775 milliseconds.",231,167,14,42,http://stload.se.ifmo.ru:8080/?token=518477874&user=-1355069478&config=2,1570,0,0
1776025924712,1572,config 2 request,200,OK,config 2 2-3,text,false,"The operation lasted too long: It took 1,572 milliseconds, but should not have lasted longer than 775 milliseconds.",231,167,14,42,http://stload.se.ifmo.ru:8080/?token=518477874&user=-1355069478&config=2,1572,0,0
1776025924873,1450,config 3 request,200,OK,config 3 3-13,text,false,"The operation lasted too long: It took 1,450 milliseconds, but should not have lasted longer than 775 milliseconds.",231,167,14,42,http://stload.se.ifmo.ru:8080/?token=518477874&user=-1355069478&config=3,1450,0,0
1776025925028,1295,config 3 request,200,OK,config 3 3-1,text,false,"The operation lasted too long: It took 1,295 milliseconds, but should not have lasted longer than 775 milliseconds.",231,167,14,42,http://stload.se.ifmo.ru:8080/?token=518477874&user=-1355069478&config=3,1295,0,0
1776025924714,1609,config 2 request,200,OK,config 2 2-11,text,false,"The operation lasted too long: It took 1,609 milliseconds, but should not have lasted longer than 775 milliseconds.",231,167,14,42,http://stload.se.ifmo.ru:8080/?token=518477874&user=-1355069478&config=2,1609,0,0
1776025925284,1169,config 3 request,200,OK,config 3 3-9,text,false,"The operation lasted too long: It took 1,169 milliseconds, but should not have lasted longer than 775 milliseconds.",231,167,14,42,http://stload.se.ifmo.ru:8080/?token=518477874&user=-1355069478&config=3,1169,0,0
1776025925199,1428,config 2 request,200,OK,config 2 2-8,text,false,"The operation lasted too long: It took 1,428 milliseconds, but should not have lasted longer than 775 milliseconds.",231,167,14,42,http://stload.se.ifmo.ru:8080/?token=518477874&user=-1355069478&config=2,1428,0,0
1776025925253,1374,config 2 request,200,OK,config 2 2-6,text,false,"The operation lasted too long: It took 1,374 milliseconds, but should not have lasted longer than 775 milliseconds.",231,167,14,42,http://stload.se.ifmo.ru:8080/?token=518477874&user=-1355069478&config=2,1374,0,0
1776025925199,1500,config 2 request,200,OK,config 2 2-9,text,false,"The operation lasted too long: It took 1,500 milliseconds, but should not have lasted longer than 775 milliseconds.",231,167,14,42,http://stload.se.ifmo.ru:8080/?token=518477874&user=-1355069478&config=2,1500,0,0
1776025925538,1162,config 3 request,200,OK,config 3 3-6,text,false,"The operation lasted too long: It took 1,162 milliseconds, but should not have lasted longer than 775 milliseconds.",231,167,14,42,http://stload.se.ifmo.ru:8080/?token=518477874&user=-1355069478&config=3,1162,0,0
1776025925327,1373,config 2 request,200,OK,config 2 2-10,text,false,"The operation lasted too long: It took 1,373 milliseconds, but should not have lasted longer than 775 milliseconds.",231,167,14,42,http://stload.se.ifmo.ru:8080/?token=518477874&user=-1355069478&config=2,1373,0,0
1776025925360,1403,config 2 request,200,OK,config 2 2-12,text,false,"The operation lasted too long: It took 1,403 milliseconds, but should not have lasted longer than 775 milliseconds.",231,167,14,42,http://stload.se.ifmo.ru:8080/?token=518477874&user=-1355069478&config=2,1403,0,0
1776025925356,1407,config 2 request,200,OK,config 2 2-14,text,false,"The operation lasted too long: It took 1,407 milliseconds, but should not have lasted longer than 775 milliseconds.",231,167,14,42,http://stload.se.ifmo.ru:8080/?token=518477874&user=-1355069478&config=2,1407,0,0
1776025925453,1321,config 2 request,200,OK,config 2 2-7,text,false,"The operation lasted too long: It took 1,321 milliseconds, but should not have lasted longer than 775 milliseconds.",231,167,14,42,http://stload.se.ifmo.ru:8080/?token=518477874&user=-1355069478&config=2,1321,0,0
1776025925453,1363,config 2 request,200,OK,config 2 2-2,text,false,"The operation lasted too long: It took 1,363 milliseconds, but should not have lasted longer than 775 milliseconds.",231,167,14,42,http://stload.se.ifmo.ru:8080/?token=518477874&user=-1355069478&config=2,1363,0,0
1776025925514,1332,config 2 request,200,OK,config 2 2-5,text,false,"The operation lasted too long: It took 1,332 milliseconds, but should not have lasted longer than 775 milliseconds.",231,167,14,42,http://stload.se.ifmo.ru:8080/?token=518477874&user=-1355069478&config=2,1332,0,0
1776025925481,1365,config 2 request,200,OK,config 2 2-4,text,false,"The operation lasted too long: It took 1,365 milliseconds, but should not have lasted longer than 775 milliseconds.",231,167,14,42,http://stload.se.ifmo.ru:8080/?token=518477874&user=-1355069478&config=2,1365,0,0
1776025925612,1441,config 3 request,200,OK,config 3 3-3,text,false,"The operation lasted too long: It took 1,441 milliseconds, but should not have lasted longer than 775 milliseconds.",231,167,14,42,http://stload.se.ifmo.ru:8080/?token=518477874&user=-1355069478&config=3,1441,0,0
1776025925581,1585,config 3 request,200,OK,config 3 3-12,text,false,"The operation lasted too long: It took 1,585 milliseconds, but should not have lasted longer than 775 milliseconds.",231,167,14,42,http://stload.se.ifmo.ru:8080/?token=518477874&user=-1355069478&config=3,1585,0,0
1776025925750,1417,config 3 request,200,OK,config 3 3-8,text,false,"The operation lasted too long: It took 1,417 milliseconds, but should not have lasted longer than 775 milliseconds.",231,167,14,42,http://stload.se.ifmo.ru:8080/?token=518477874&user=-1355069478&config=3,1417,0,0
1776025925899,1326,config 3 request,200,OK,config 3 3-5,text,false,"The operation lasted too long: It took 1,326 milliseconds, but should not have lasted longer than 775 milliseconds.",231,167,14,42,http://stload.se.ifmo.ru:8080/?token=518477874&user=-1355069478&config=3,1326,0,0
1776025925941,1342,config 3 request,200,OK,config 3 3-2,text,false,"The operation lasted too long: It took 1,342 milliseconds, but should not have lasted longer than 775 milliseconds.",231,167,14,42,http://stload.se.ifmo.ru:8080/?token=518477874&user=-1355069478&config=3,1342,0,0
1776025925995,1288,config 3 request,200,OK,config 3 3-11,text,false,"The operation lasted too long: It took 1,288 milliseconds, but should not have lasted longer than 775 milliseconds.",231,167,14,42,http://stload.se.ifmo.ru:8080/?token=518477874&user=-1355069478&config=3,1288,0,0
1776025926029,1289,config 3 request,200,OK,config 3 3-14,text,false,"The operation lasted too long: It took 1,289 milliseconds, but should not have lasted longer than 775 milliseconds.",231,167,14,42,http://stload.se.ifmo.ru:8080/?token=518477874&user=-1355069478&config=3,1289,0,0
1776025926307,1239,config 3 request,200,OK,config 3 3-7,text,false,"The operation lasted too long: It took 1,239 milliseconds, but should not have lasted longer than 775 milliseconds.",231,167,14,42,http://stload.se.ifmo.ru:8080/?token=518477874&user=-1355069478&config=3,1239,0,0
1776025926095,1559,config 2 request,200,OK,config 2 2-13,text,false,"The operation lasted too long: It took 1,559 milliseconds, but should not have lasted longer than 775 milliseconds.",231,167,14,42,http://stload.se.ifmo.ru:8080/?token=518477874&user=-1355069478&config=2,1559,0,0
1776025926307,1347,config 3 request,200,OK,config 3 3-4,text,false,"The operation lasted too long: It took 1,347 milliseconds, but should not have lasted longer than 775 milliseconds.",231,167,14,42,http://stload.se.ifmo.ru:8080/?token=518477874&user=-1355069478&config=3,1347,0,0
1776025926231,1424,config 2 request,200,OK,config 2 2-1,text,false,"The operation lasted too long: It took 1,424 milliseconds, but should not have lasted longer than 775 milliseconds.",231,167,14,42,http://stload.se.ifmo.ru:8080/?token=518477874&user=-1355069478&config=2,1424,0,0
1776025926375,1315,config 3 request,200,OK,config 3 3-10,text,false,"The operation lasted too long: It took 1,315 milliseconds, but should not have lasted longer than 775 milliseconds.",231,167,14,42,http://stload.se.ifmo.ru:8080/?token=518477874&user=-1355069478&config=3,1315,0,0
1776025926285,1405,config 2 request,200,OK,config 2 2-3,text,false,"The operation lasted too long: It took 1,405 milliseconds, but should not have lasted longer than 775 milliseconds.",231,167,14,42,http://stload.se.ifmo.ru:8080/?token=518477874&user=-1355069478&config=2,1405,0,0
1776025926527,1252,config 3 request,200,OK,config 3 3-1,text,false,"The operation lasted too long: It took 1,252 milliseconds, but should not have lasted longer than 775 milliseconds.",231,167,14,42,http://stload.se.ifmo.ru:8080/?token=518477874&user=-1355069478&config=3,1252,0,0
1776025926375,1409,config 3 request,200,OK,config 3 3-13,text,false,"The operation lasted too long: It took 1,409 milliseconds, but should not have lasted longer than 775 milliseconds.",231,167,14,42,http://stload.se.ifmo.ru:8080/?token=518477874&user=-1355069478&config=3,1409,0,0
1776025926324,1460,config 2 request,200,OK,config 2 2-11,text,false,"The operation lasted too long: It took 1,460 milliseconds, but should not have lasted longer than 775 milliseconds.",231,167,14,42,http://stload.se.ifmo.ru:8080/?token=518477874&user=-1355069478&config=2,1460,0,0
1776025926753,1263,config 2 request,200,OK,config 2 2-6,text,false,"The operation lasted too long: It took 1,263 milliseconds, but should not have lasted longer than 775 milliseconds.",231,167,14,42,http://stload.se.ifmo.ru:8080/?token=518477874&user=-1355069478&config=2,1263,0,0
1776025926784,1492,config 3 request,200,OK,config 3 3-9,text,false,"The operation lasted too long: It took 1,492 milliseconds, but should not have lasted longer than 775 milliseconds.",231,167,14,42,http://stload.se.ifmo.ru:8080/?token=518477874&user=-1355069478&config=3,1492,0,0
1776025926701,1575,config 2 request,200,OK,config 2 2-9,text,false,"The operation lasted too long: It took 1,575 milliseconds, but should not have lasted longer than 775 milliseconds.",231,167,14,42,http://stload.se.ifmo.ru:8080/?token=518477874&user=-1355069478&config=2,1575,0,0
1776025926701,1575,config 2 request,200,OK,config 2 2-8,text,false,"The operation lasted too long: It took 1,575 milliseconds, but should not have lasted longer than 775 milliseconds.",231,167,14,42,http://stload.se.ifmo.ru:8080/?token=518477874&user=-1355069478&config=2,1575,0,0
1776025927037,1274,config 3 request,200,OK,config 3 3-6,text,false,"The operation lasted too long: It took 1,274 milliseconds, but should not have lasted longer than 775 milliseconds.",231,167,14,42,http://stload.se.ifmo.ru:8080/?token=518477874&user=-1355069478&config=3,1274,0,0
1776025927117,1194,config 3 request,200,OK,config 3 3-3,text,false,"The operation lasted too long: It took 1,194 milliseconds, but should not have lasted longer than 775 milliseconds.",231,167,14,42,http://stload.se.ifmo.ru:8080/?token=518477874&user=-1355069478&config=3,1194,0,0
1776025926827,1485,config 2 request,200,OK,config 2 2-10,text,false,"The operation lasted too long: It took 1,485 milliseconds, but should not have lasted longer than 775 milliseconds.",231,167,14,42,http://stload.se.ifmo.ru:8080/?token=518477874&user=-1355069478&config=2,1485,0,0
1776025926862,1497,config 2 request,200,OK,config 2 2-12,text,false,"The operation lasted too long: It took 1,497 milliseconds, but should not have lasted longer than 775 milliseconds.",231,167,14,42,http://stload.se.ifmo.ru:8080/?token=518477874&user=-1355069478&config=2,1497,0,0
1776025926953,1406,config 2 request,200,OK,config 2 2-2,text,false,"The operation lasted too long: It took 1,406 milliseconds, but should not have lasted longer than 775 milliseconds.",231,167,14,42,http://stload.se.ifmo.ru:8080/?token=518477874&user=-1355069478&config=2,1406,0,0
1776025926862,1497,config 2 request,200,OK,config 2 2-14,text,false,"The operation lasted too long: It took 1,497 milliseconds, but should not have lasted longer than 775 milliseconds.",231,167,14,42,http://stload.se.ifmo.ru:8080/?token=518477874&user=-1355069478&config=2,1497,0,0
1776025926955,1428,config 2 request,200,OK,config 2 2-7,text,false,"The operation lasted too long: It took 1,428 milliseconds, but should not have lasted longer than 775 milliseconds.",231,167,14,42,http://stload.se.ifmo.ru:8080/?token=518477874&user=-1355069478&config=2,1428,0,0
1776025926985,1452,config 2 request,200,OK,config 2 2-4,text,false,"The operation lasted too long: It took 1,452 milliseconds, but should not have lasted longer than 775 milliseconds.",231,167,14,42,http://stload.se.ifmo.ru:8080/?token=518477874&user=-1355069478&config=2,1452,0,0
1776025927014,1430,config 2 request,200,OK,config 2 2-5,text,false,"The operation lasted too long: It took 1,430 milliseconds, but should not have lasted longer than 775 milliseconds.",231,167,14,42,http://stload.se.ifmo.ru:8080/?token=518477874&user=-1355069478&config=2,1430,0,0
1776025927168,1355,config 3 request,200,OK,config 3 3-12,text,false,"The operation lasted too long: It took 1,355 milliseconds, but should not have lasted longer than 775 milliseconds.",231,167,14,42,http://stload.se.ifmo.ru:8080/?token=518477874&user=-1355069478&config=3,1355,0,0
1776025927251,1295,config 3 request,200,OK,config 3 3-8,text,false,"The operation lasted too long: It took 1,295 milliseconds, but should not have lasted longer than 775 milliseconds.",231,167,14,42,http://stload.se.ifmo.ru:8080/?token=518477874&user=-1355069478&config=3,1295,0,0
1776025927402,1279,config 3 request,200,OK,config 3 3-5,text,false,"The operation lasted too long: It took 1,279 milliseconds, but should not have lasted longer than 775 milliseconds.",231,167,14,42,http://stload.se.ifmo.ru:8080/?token=518477874&user=-1355069478&config=3,1279,0,0
1776025927446,1235,config 3 request,200,OK,config 3 3-2,text,false,"The operation lasted too long: It took 1,235 milliseconds, but should not have lasted longer than 775 milliseconds.",231,167,14,42,http://stload.se.ifmo.ru:8080/?token=518477874&user=-1355069478&config=3,1235,0,0
1776025927496,1556,config 3 request,200,OK,config 3 3-11,text,false,"The operation lasted too long: It took 1,556 milliseconds, but should not have lasted longer than 775 milliseconds.",231,167,14,42,http://stload.se.ifmo.ru:8080/?token=518477874&user=-1355069478&config=3,1556,0,0
1776025927530,1522,config 3 request,200,OK,config 3 3-14,text,false,"The operation lasted too long: It took 1,522 milliseconds, but should not have lasted longer than 775 milliseconds.",231,167,14,42,http://stload.se.ifmo.ru:8080/?token=518477874&user=-1355069478&config=3,1522,0,0
1776025927805,1247,config 3 request,200,OK,config 3 3-7,text,false,"The operation lasted too long: It took 1,247 milliseconds, but should not have lasted longer than 775 milliseconds.",231,167,14,42,http://stload.se.ifmo.ru:8080/?token=518477874&user=-1355069478&config=3,1247,0,0
1776025927655,1432,config 2 request,200,OK,config 2 2-13,text,false,"The operation lasted too long: It took 1,432 milliseconds, but should not have lasted longer than 775 milliseconds.",231,167,14,42,http://stload.se.ifmo.ru:8080/?token=518477874&user=-1355069478&config=2,1432,0,0
1776025927734,1447,config 2 request,200,OK,config 2 2-1,text,false,"The operation lasted too long: It took 1,447 milliseconds, but should not have lasted longer than 775 milliseconds.",231,167,14,42,http://stload.se.ifmo.ru:8080/?token=518477874&user=-1355069478&config=2,1447,0,0
1776025927811,1370,config 3 request,200,OK,config 3 3-4,text,false,"The operation lasted too long: It took 1,370 milliseconds, but should not have lasted longer than 775 milliseconds.",231,167,14,42,http://stload.se.ifmo.ru:8080/?token=518477874&user=-1355069478&config=3,1370,0,0
1776025927790,1431,config 2 request,200,OK,config 2 2-3,text,false,"The operation lasted too long: It took 1,431 milliseconds, but should not have lasted longer than 775 milliseconds.",231,167,14,42,http://stload.se.ifmo.ru:8080/?token=518477874&user=-1355069478&config=2,1431,0,0
1776025928027,1249,config 3 request,200,OK,config 3 3-1,text,false,"The operation lasted too long: It took 1,249 milliseconds, but should not have lasted longer than 775 milliseconds.",231,167,14,42,http://stload.se.ifmo.ru:8080/?token=518477874&user=-1355069478&config=3,1249,0,0
1776025927874,1402,config 3 request,200,OK,config 3 3-10,text,false,"The operation lasted too long: It took 1,402 milliseconds, but should not have lasted longer than 775 milliseconds.",231,167,14,42,http://stload.se.ifmo.ru:8080/?token=518477874&user=-1355069478&config=3,1402,0,0
1776025927876,1400,config 3 request,200,OK,config 3 3-13,text,false,"The operation lasted too long: It took 1,400 milliseconds, but should not have lasted longer than 775 milliseconds.",231,167,14,42,http://stload.se.ifmo.ru:8080/?token=518477874&user=-1355069478&config=3,1400,0,0
1776025927828,1527,config 2 request,200,OK,config 2 2-11,text,false,"The operation lasted too long: It took 1,527 milliseconds, but should not have lasted longer than 775 milliseconds.",231,167,14,42,http://stload.se.ifmo.ru:8080/?token=518477874&user=-1355069478&config=2,1527,0,0
1776025928284,1085,config 3 request,200,OK,config 3 3-9,text,false,"The operation lasted too long: It took 1,085 milliseconds, but should not have lasted longer than 775 milliseconds.",231,167,14,42,http://stload.se.ifmo.ru:8080/?token=518477874&user=-1355069478&config=3,1085,0,0
1776025928249,1341,config 2 request,200,OK,config 2 2-6,text,false,"The operation lasted too long: It took 1,341 milliseconds, but should not have lasted longer than 775 milliseconds.",231,167,14,42,http://stload.se.ifmo.ru:8080/?token=518477874&user=-1355069478&config=2,1341,0,0
1776025928276,1596,config 2 request,200,OK,config 2 2-8,text,false,"The operation lasted too long: It took 1,596 milliseconds, but should not have lasted longer than 775 milliseconds.",231,167,14,42,http://stload.se.ifmo.ru:8080/?token=518477874&user=-1355069478&config=2,1596,0,0
1776025928276,1596,config 2 request,200,OK,config 2 2-9,text,false,"The operation lasted too long: It took 1,596 milliseconds, but should not have lasted longer than 775 milliseconds.",231,167,14,42,http://stload.se.ifmo.ru:8080/?token=518477874&user=-1355069478&config=2,1596,0,0
1776025928325,1548,config 2 request,200,OK,config 2 2-10,text,false,"The operation lasted too long: It took 1,548 milliseconds, but should not have lasted longer than 775 milliseconds.",231,167,14,42,http://stload.se.ifmo.ru:8080/?token=518477874&user=-1355069478&config=2,1548,0,0
1776025928359,1568,config 2 request,200,OK,config 2 2-12,text,false,"The operation lasted too long: It took 1,568 milliseconds, but should not have lasted longer than 775 milliseconds.",231,167,14,42,http://stload.se.ifmo.ru:8080/?token=518477874&user=-1355069478&config=2,1568,0,0
1776025928359,1568,config 2 request,200,OK,config 2 2-14,text,false,"The operation lasted too long: It took 1,568 milliseconds, but should not have lasted longer than 775 milliseconds.",231,167,14,42,http://stload.se.ifmo.ru:8080/?token=518477874&user=-1355069478&config=2,1568,0,0
1776025928457,1471,config 2 request,200,OK,config 2 2-7,text,false,"The operation lasted too long: It took 1,471 milliseconds, but should not have lasted longer than 775 milliseconds.",231,167,14,42,http://stload.se.ifmo.ru:8080/?token=518477874&user=-1355069478&config=2,1471,0,0
1776025928480,1525,config 2 request,200,OK,config 2 2-4,text,false,"The operation lasted too long: It took 1,525 milliseconds, but should not have lasted longer than 775 milliseconds.",231,167,14,42,http://stload.se.ifmo.ru:8080/?token=518477874&user=-1355069478&config=2,1525,0,0
1776025928453,1552,config 2 request,200,OK,config 2 2-2,text,false,"The operation lasted too long: It took 1,552 milliseconds, but should not have lasted longer than 775 milliseconds.",231,167,14,42,http://stload.se.ifmo.ru:8080/?token=518477874&user=-1355069478&config=2,1552,0,0
1776025928617,1445,config 3 request,200,OK,config 3 3-3,text,false,"The operation lasted too long: It took 1,445 milliseconds, but should not have lasted longer than 775 milliseconds.",231,167,14,42,http://stload.se.ifmo.ru:8080/?token=518477874&user=-1355069478&config=3,1445,0,0
1776025928668,1395,config 3 request,200,OK,config 3 3-12,text,false,"The operation lasted too long: It took 1,395 milliseconds, but should not have lasted longer than 775 milliseconds.",231,167,14,42,http://stload.se.ifmo.ru:8080/?token=518477874&user=-1355069478&config=3,1395,0,0
1776025928534,1579,config 3 request,200,OK,config 3 3-6,text,false,"The operation lasted too long: It took 1,579 milliseconds, but should not have lasted longer than 775 milliseconds.",231,167,14,42,http://stload.se.ifmo.ru:8080/?token=518477874&user=-1355069478&config=3,1579,0,0
1776025928750,1364,config 3 request,200,OK,config 3 3-8,text,false,"The operation lasted too long: It took 1,364 milliseconds, but should not have lasted longer than 775 milliseconds.",231,167,14,42,http://stload.se.ifmo.ru:8080/?token=518477874&user=-1355069478&config=3,1364,0,0
1776025928900,1214,config 3 request,200,OK,config 3 3-5,text,false,"The operation lasted too long: It took 1,214 milliseconds, but should not have lasted longer than 775 milliseconds.",231,167,14,42,http://stload.se.ifmo.ru:8080/?token=518477874&user=-1355069478&config=3,1214,0,0
1776025928945,1258,config 3 request,200,OK,config 3 3-2,text,false,"The operation lasted too long: It took 1,258 milliseconds, but should not have lasted longer than 775 milliseconds.",231,167,14,42,http://stload.se.ifmo.ru:8080/?token=518477874&user=-1355069478&config=3,1258,0,0
1776025928513,1693,config 2 request,200,OK,config 2 2-5,text,false,"The operation lasted too long: It took 1,693 milliseconds, but should not have lasted longer than 775 milliseconds.",231,167,14,42,http://stload.se.ifmo.ru:8080/?token=518477874&user=-1355069478&config=2,1693,0,0
1776025929052,1154,config 3 request,200,OK,config 3 3-14,text,false,"The operation lasted too long: It took 1,154 milliseconds, but should not have lasted longer than 775 milliseconds.",231,167,14,42,http://stload.se.ifmo.ru:8080/?token=518477874&user=-1355069478&config=3,1154,0,0
1776025929052,1194,config 3 request,200,OK,config 3 3-11,text,false,"The operation lasted too long: It took 1,194 milliseconds, but should not have lasted longer than 775 milliseconds.",231,167,14,42,http://stload.se.ifmo.ru:8080/?token=518477874&user=-1355069478&config=3,1194,0,0
1776025929159,1308,config 2 request,200,OK,config 2 2-13,text,false,"The operation lasted too long: It took 1,308 milliseconds, but should not have lasted longer than 775 milliseconds.",231,167,14,42,http://stload.se.ifmo.ru:8080/?token=518477874&user=-1355069478&config=2,1308,0,0
1776025929232,1598,config 2 request,200,OK,config 2 2-1,text,false,"The operation lasted too long: It took 1,598 milliseconds, but should not have lasted longer than 775 milliseconds.",231,167,14,42,http://stload.se.ifmo.ru:8080/?token=518477874&user=-1355069478&config=2,1598,0,0
1776025929306,1524,config 3 request,200,OK,config 3 3-4,text,false,"The operation lasted too long: It took 1,524 milliseconds, but should not have lasted longer than 775 milliseconds.",231,167,14,42,http://stload.se.ifmo.ru:8080/?token=518477874&user=-1355069478&config=3,1524,0,0
1776025929302,1528,config 3 request,200,OK,config 3 3-7,text,false,"The operation lasted too long: It took 1,528 milliseconds, but should not have lasted longer than 775 milliseconds.",231,167,14,42,http://stload.se.ifmo.ru:8080/?token=518477874&user=-1355069478&config=3,1528,0,0
1776025929290,1541,config 2 request,200,OK,config 2 2-3,text,false,"The operation lasted too long: It took 1,541 milliseconds, but should not have lasted longer than 775 milliseconds.",231,167,14,42,http://stload.se.ifmo.ru:8080/?token=518477874&user=-1355069478&config=2,1541,0,0
1776025929355,1547,config 2 request,200,OK,config 2 2-11,text,false,"The operation lasted too long: It took 1,547 milliseconds, but should not have lasted longer than 775 milliseconds.",231,167,14,42,http://stload.se.ifmo.ru:8080/?token=518477874&user=-1355069478&config=2,1547,0,0
1776025929526,1376,config 3 request,200,OK,config 3 3-1,text,false,"The operation lasted too long: It took 1,376 milliseconds, but should not have lasted longer than 775 milliseconds.",231,167,14,42,http://stload.se.ifmo.ru:8080/?token=518477874&user=-1355069478&config=3,1376,0,0
1776025929376,1526,config 3 request,200,OK,config 3 3-13,text,false,"The operation lasted too long: It took 1,526 milliseconds, but should not have lasted longer than 775 milliseconds.",231,167,14,42,http://stload.se.ifmo.ru:8080/?token=518477874&user=-1355069478&config=3,1526,0,0
1776025929376,1588,config 3 request,200,OK,config 3 3-10,text,false,"The operation lasted too long: It took 1,588 milliseconds, but should not have lasted longer than 775 milliseconds.",231,167,14,42,http://stload.se.ifmo.ru:8080/?token=518477874&user=-1355069478&config=3,1588,0,0
1776025929787,1177,config 3 request,200,OK,config 3 3-9,text,false,"The operation lasted too long: It took 1,177 milliseconds, but should not have lasted longer than 775 milliseconds.",231,167,14,42,http://stload.se.ifmo.ru:8080/?token=518477874&user=-1355069478&config=3,1177,0,0
1776025929753,1336,config 2 request,200,OK,config 2 2-6,text,false,"The operation lasted too long: It took 1,336 milliseconds, but should not have lasted longer than 775 milliseconds.",231,167,14,42,http://stload.se.ifmo.ru:8080/?token=518477874&user=-1355069478&config=2,1336,0,0
1776025929872,1368,config 2 request,200,OK,config 2 2-8,text,false,"The operation lasted too long: It took 1,368 milliseconds, but should not have lasted longer than 775 milliseconds.",231,167,14,42,http://stload.se.ifmo.ru:8080/?token=518477874&user=-1355069478&config=2,1368,0,0
1776025929872,1368,config 2 request,200,OK,config 2 2-9,text,false,"The operation lasted too long: It took 1,368 milliseconds, but should not have lasted longer than 775 milliseconds.",231,167,14,42,http://stload.se.ifmo.ru:8080/?token=518477874&user=-1355069478&config=2,1368,0,0
1776025929873,1367,config 2 request,200,OK,config 2 2-10,text,false,"The operation lasted too long: It took 1,367 milliseconds, but should not have lasted longer than 775 milliseconds.",231,167,14,42,http://stload.se.ifmo.ru:8080/?token=518477874&user=-1355069478&config=2,1367,0,0
1776025930114,1207,config 3 request,200,OK,config 3 3-3,text,false,"The operation lasted too long: It took 1,207 milliseconds, but should not have lasted longer than 775 milliseconds.",231,167,14,42,http://stload.se.ifmo.ru:8080/?token=518477874&user=-1355069478&config=3,1207,0,0
1776025929928,1393,config 2 request,200,OK,config 2 2-12,text,false,"The operation lasted too long: It took 1,393 milliseconds, but should not have lasted longer than 775 milliseconds.",231,167,14,42,http://stload.se.ifmo.ru:8080/?token=518477874&user=-1355069478&config=2,1393,0,0
1776025930114,1207,config 3 request,200,OK,config 3 3-6,text,false,"The operation lasted too long: It took 1,207 milliseconds, but should not have lasted longer than 775 milliseconds.",231,167,14,42,http://stload.se.ifmo.ru:8080/?token=518477874&user=-1355069478&config=3,1207,0,0
1776025929955,1366,config 2 request,200,OK,config 2 2-7,text,false,"The operation lasted too long: It took 1,366 milliseconds, but should not have lasted longer than 775 milliseconds.",231,167,14,42,http://stload.se.ifmo.ru:8080/?token=518477874&user=-1355069478&config=2,1366,0,0
1776025929928,1393,config 2 request,200,OK,config 2 2-14,text,false,"The operation lasted too long: It took 1,393 milliseconds, but should not have lasted longer than 775 milliseconds.",231,167,14,42,http://stload.se.ifmo.ru:8080/?token=518477874&user=-1355069478&config=2,1393,0,0
1776025930006,1367,config 2 request,200,OK,config 2 2-2,text,false,"The operation lasted too long: It took 1,367 milliseconds, but should not have lasted longer than 775 milliseconds.",231,167,14,42,http://stload.se.ifmo.ru:8080/?token=518477874&user=-1355069478&config=2,1367,0,0
1776025930005,1408,config 2 request,200,OK,config 2 2-4,text,false,"The operation lasted too long: It took 1,408 milliseconds, but should not have lasted longer than 775 milliseconds.",231,167,14,42,http://stload.se.ifmo.ru:8080/?token=518477874&user=-1355069478&config=2,1408,0,0
1776025930167,1471,config 3 request,200,OK,config 3 3-12,text,false,"The operation lasted too long: It took 1,471 milliseconds, but should not have lasted longer than 775 milliseconds.",231,167,14,42,http://stload.se.ifmo.ru:8080/?token=518477874&user=-1355069478&config=3,1471,0,0
1776025930247,1525,config 3 request,200,OK,config 3 3-8,text,false,"The operation lasted too long: It took 1,525 milliseconds, but should not have lasted longer than 775 milliseconds.",231,167,14,42,http://stload.se.ifmo.ru:8080/?token=518477874&user=-1355069478&config=3,1525,0,0
1776025930206,1566,config 2 request,200,OK,config 2 2-5,text,false,"The operation lasted too long: It took 1,566 milliseconds, but should not have lasted longer than 775 milliseconds.",231,167,14,42,http://stload.se.ifmo.ru:8080/?token=518477874&user=-1355069478&config=2,1566,0,0
1776025930402,1415,config 3 request,200,OK,config 3 3-5,text,false,"The operation lasted too long: It took 1,415 milliseconds, but should not have lasted longer than 775 milliseconds.",231,167,14,42,http://stload.se.ifmo.ru:8080/?token=518477874&user=-1355069478&config=3,1415,0,0
1776025930553,1274,config 3 request,200,OK,config 3 3-14,text,false,"The operation lasted too long: It took 1,274 milliseconds, but should not have lasted longer than 775 milliseconds.",231,167,14,42,http://stload.se.ifmo.ru:8080/?token=518477874&user=-1355069478&config=3,1274,0,0
1776025930555,1271,config 3 request,200,OK,config 3 3-11,text,false,"The operation lasted too long: It took 1,271 milliseconds, but should not have lasted longer than 775 milliseconds.",231,167,14,42,http://stload.se.ifmo.ru:8080/?token=518477874&user=-1355069478&config=3,1271,0,0
1776025930445,1383,config 3 request,200,OK,config 3 3-2,text,false,"The operation lasted too long: It took 1,383 milliseconds, but should not have lasted longer than 775 milliseconds.",231,167,14,42,http://stload.se.ifmo.ru:8080/?token=518477874&user=-1355069478&config=3,1383,0,0
1776025930831,1170,config 3 request,200,OK,config 3 3-4,text,false,"The operation lasted too long: It took 1,170 milliseconds, but should not have lasted longer than 775 milliseconds.",231,167,14,42,http://stload.se.ifmo.ru:8080/?token=518477874&user=-1355069478&config=3,1170,0,0
1776025930831,1363,config 3 request,200,OK,config 3 3-7,text,false,"The operation lasted too long: It took 1,363 milliseconds, but should not have lasted longer than 775 milliseconds.",231,167,14,42,http://stload.se.ifmo.ru:8080/?token=518477874&user=-1355069478&config=3,1363,0,0
1776025930656,1538,config 2 request,200,OK,config 2 2-13,text,false,"The operation lasted too long: It took 1,538 milliseconds, but should not have lasted longer than 775 milliseconds.",231,167,14,42,http://stload.se.ifmo.ru:8080/?token=518477874&user=-1355069478&config=2,1538,0,0
1776025930903,1326,config 3 request,200,OK,config 3 3-13,text,false,"The operation lasted too long: It took 1,326 milliseconds, but should not have lasted longer than 775 milliseconds.",231,167,14,42,http://stload.se.ifmo.ru:8080/?token=518477874&user=-1355069478&config=3,1326,0,0
1776025930831,1398,config 2 request,200,OK,config 2 2-3,text,false,"The operation lasted too long: It took 1,398 milliseconds, but should not have lasted longer than 775 milliseconds.",231,167,14,42,http://stload.se.ifmo.ru:8080/?token=518477874&user=-1355069478&config=2,1398,0,0
1776025930964,1410,config 3 request,200,OK,config 3 3-10,text,false,"The operation lasted too long: It took 1,410 milliseconds, but should not have lasted longer than 775 milliseconds.",231,167,14,42,http://stload.se.ifmo.ru:8080/?token=518477874&user=-1355069478&config=3,1410,0,0
1776025930831,1543,config 2 request,200,OK,config 2 2-1,text,false,"The operation lasted too long: It took 1,543 milliseconds, but should not have lasted longer than 775 milliseconds.",231,167,14,42,http://stload.se.ifmo.ru:8080/?token=518477874&user=-1355069478&config=2,1543,0,0
1776025931026,1348,config 3 request,200,OK,config 3 3-1,text,false,"The operation lasted too long: It took 1,348 milliseconds, but should not have lasted longer than 775 milliseconds.",231,167,14,42,http://stload.se.ifmo.ru:8080/?token=518477874&user=-1355069478&config=3,1348,0,0
1776025930903,1472,config 2 request,200,OK,config 2 2-11,text,false,"The operation lasted too long: It took 1,472 milliseconds, but should not have lasted longer than 775 milliseconds.",231,167,14,42,http://stload.se.ifmo.ru:8080/?token=518477874&user=-1355069478&config=2,1472,0,0
1776025931253,1367,config 2 request,200,OK,config 2 2-6,text,false,"The operation lasted too long: It took 1,367 milliseconds, but should not have lasted longer than 775 milliseconds.",231,167,14,42,http://stload.se.ifmo.ru:8080/?token=518477874&user=-1355069478&config=2,1367,0,0
1776025931286,1334,config 3 request,200,OK,config 3 3-9,text,false,"The operation lasted too long: It took 1,334 milliseconds, but should not have lasted longer than 775 milliseconds.",231,167,14,42,http://stload.se.ifmo.ru:8080/?token=518477874&user=-1355069478&config=3,1334,0,0
1776025931375,1441,config 2 request,200,OK,config 2 2-10,text,false,"The operation lasted too long: It took 1,441 milliseconds, but should not have lasted longer than 775 milliseconds.",231,167,14,42,http://stload.se.ifmo.ru:8080/?token=518477874&user=-1355069478&config=2,1441,0,0
1776025931616,1200,config 3 request,200,OK,config 3 3-3,text,false,"The operation lasted too long: It took 1,200 milliseconds, but should not have lasted longer than 775 milliseconds.",231,167,14,42,http://stload.se.ifmo.ru:8080/?token=518477874&user=-1355069478&config=3,1200,0,0
1776025931375,1441,config 2 request,200,OK,config 2 2-8,text,false,"The operation lasted too long: It took 1,441 milliseconds, but should not have lasted longer than 775 milliseconds.",231,167,14,42,http://stload.se.ifmo.ru:8080/?token=518477874&user=-1355069478&config=2,1441,0,0
1776025931616,1212,config 3 request,200,OK,config 3 3-6,text,false,"The operation lasted too long: It took 1,212 milliseconds, but should not have lasted longer than 775 milliseconds.",231,167,14,42,http://stload.se.ifmo.ru:8080/?token=518477874&user=-1355069478&config=3,1212,0,0
1776025931379,1450,config 2 request,200,OK,config 2 2-9,text,false,"The operation lasted too long: It took 1,450 milliseconds, but should not have lasted longer than 775 milliseconds.",231,167,14,42,http://stload.se.ifmo.ru:8080/?token=518477874&user=-1355069478&config=2,1450,0,0
1776025931431,1432,config 2 request,200,OK,config 2 2-14,text,false,"The operation lasted too long: It took 1,432 milliseconds, but should not have lasted longer than 775 milliseconds.",231,167,14,42,http://stload.se.ifmo.ru:8080/?token=518477874&user=-1355069478&config=2,1432,0,0
1776025931673,1190,config 3 request,200,OK,config 3 3-12,text,false,"The operation lasted too long: It took 1,190 milliseconds, but should not have lasted longer than 775 milliseconds.",231,167,14,42,http://stload.se.ifmo.ru:8080/?token=518477874&user=-1355069478&config=3,1190,0,0
1776025931456,1500,config 2 request,200,OK,config 2 2-7,text,false,"The operation lasted too long: It took 1,500 milliseconds, but should not have lasted longer than 775 milliseconds.",231,167,14,42,http://stload.se.ifmo.ru:8080/?token=518477874&user=-1355069478&config=2,1500,0,0
1776025931431,1525,config 2 request,200,OK,config 2 2-12,text,false,"The operation lasted too long: It took 1,525 milliseconds, but should not have lasted longer than 775 milliseconds.",231,167,14,42,http://stload.se.ifmo.ru:8080/?token=518477874&user=-1355069478&config=2,1525,0,0
1776025931511,1445,config 2 request,200,OK,config 2 2-2,text,false,"The operation lasted too long: It took 1,445 milliseconds, but should not have lasted longer than 775 milliseconds.",231,167,14,42,http://stload.se.ifmo.ru:8080/?token=518477874&user=-1355069478&config=2,1445,0,0
1776025931511,1485,config 2 request,200,OK,config 2 2-4,text,false,"The operation lasted too long: It took 1,485 milliseconds, but should not have lasted longer than 775 milliseconds.",231,167,14,42,http://stload.se.ifmo.ru:8080/?token=518477874&user=-1355069478&config=2,1485,0,0
1776025931906,1304,config 3 request,200,OK,config 3 3-5,text,false,"The operation lasted too long: It took 1,304 milliseconds, but should not have lasted longer than 775 milliseconds.",231,167,14,42,http://stload.se.ifmo.ru:8080/?token=518477874&user=-1355069478&config=3,1304,0,0
1776025931774,1436,config 3 request,200,OK,config 3 3-8,text,false,"The operation lasted too long: It took 1,436 milliseconds, but should not have lasted longer than 775 milliseconds.",231,167,14,42,http://stload.se.ifmo.ru:8080/?token=518477874&user=-1355069478&config=3,1436,0,0
1776025932056,1377,config 3 request,200,OK,config 3 3-11,text,false,"The operation lasted too long: It took 1,377 milliseconds, but should not have lasted longer than 775 milliseconds.",231,167,14,42,http://stload.se.ifmo.ru:8080/?token=518477874&user=-1355069478&config=3,1377,0,0
1776025931947,1486,config 3 request,200,OK,config 3 3-2,text,false,"The operation lasted too long: It took 1,486 milliseconds, but should not have lasted longer than 775 milliseconds.",231,167,14,42,http://stload.se.ifmo.ru:8080/?token=518477874&user=-1355069478&config=3,1486,0,0
1776025932058,1375,config 3 request,200,OK,config 3 3-14,text,false,"The operation lasted too long: It took 1,375 milliseconds, but should not have lasted longer than 775 milliseconds.",231,167,14,42,http://stload.se.ifmo.ru:8080/?token=518477874&user=-1355069478&config=3,1375,0,0
1776025931775,1693,config 2 request,200,OK,config 2 2-5,text,false,"The operation lasted too long: It took 1,693 milliseconds, but should not have lasted longer than 775 milliseconds.",231,167,14,42,http://stload.se.ifmo.ru:8080/?token=518477874&user=-1355069478&config=2,1693,0,0
1776025932196,1410,config 2 request,200,OK,config 2 2-13,text,false,"The operation lasted too long: It took 1,410 milliseconds, but should not have lasted longer than 775 milliseconds.",231,167,14,42,http://stload.se.ifmo.ru:8080/?token=518477874&user=-1355069478&config=2,1410,0,0
1776025932335,1271,config 3 request,200,OK,config 3 3-7,text,false,"The operation lasted too long: It took 1,271 milliseconds, but should not have lasted longer than 775 milliseconds.",231,167,14,42,http://stload.se.ifmo.ru:8080/?token=518477874&user=-1355069478&config=3,1271,0,0
1776025932409,1450,config 3 request,200,OK,config 3 3-13,text,false,"The operation lasted too long: It took 1,450 milliseconds, but should not have lasted longer than 775 milliseconds.",231,167,14,42,http://stload.se.ifmo.ru:8080/?token=518477874&user=-1355069478&config=3,1450,0,0
1776025932338,1521,config 3 request,200,OK,config 3 3-4,text,false,"The operation lasted too long: It took 1,521 milliseconds, but should not have lasted longer than 775 milliseconds.",231,167,14,42,http://stload.se.ifmo.ru:8080/?token=518477874&user=-1355069478&config=3,1521,0,0
1776025932471,1487,config 3 request,200,OK,config 3 3-10,text,false,"The operation lasted too long: It took 1,487 milliseconds, but should not have lasted longer than 775 milliseconds.",231,167,14,42,http://stload.se.ifmo.ru:8080/?token=518477874&user=-1355069478&config=3,1487,0,0
1776025932789,1170,config 3 request,200,OK,config 3 3-9,text,false,"The operation lasted too long: It took 1,170 milliseconds, but should not have lasted longer than 775 milliseconds.",231,167,14,42,http://stload.se.ifmo.ru:8080/?token=518477874&user=-1355069478&config=3,1170,0,0
1776025932526,1432,config 3 request,200,OK,config 3 3-1,text,false,"The operation lasted too long: It took 1,432 milliseconds, but should not have lasted longer than 775 milliseconds.",231,167,14,42,http://stload.se.ifmo.ru:8080/?token=518477874&user=-1355069478&config=3,1432,0,0
1776025932338,1636,config 2 request,200,OK,config 2 2-3,text,false,"The operation lasted too long: It took 1,636 milliseconds, but should not have lasted longer than 775 milliseconds.",231,167,14,42,http://stload.se.ifmo.ru:8080/?token=518477874&user=-1355069478&config=2,1636,0,0
1776025932377,1639,config 2 request,200,OK,config 2 2-1,text,false,"The operation lasted too long: It took 1,639 milliseconds, but should not have lasted longer than 775 milliseconds.",231,167,14,42,http://stload.se.ifmo.ru:8080/?token=518477874&user=-1355069478&config=2,1639,0,0
1776025932752,1264,config 2 request,200,OK,config 2 2-6,text,false,"The operation lasted too long: It took 1,264 milliseconds, but should not have lasted longer than 775 milliseconds.",231,167,14,42,http://stload.se.ifmo.ru:8080/?token=518477874&user=-1355069478&config=2,1264,0,0
1776025932409,1607,config 2 request,200,OK,config 2 2-11,text,false,"The operation lasted too long: It took 1,607 milliseconds, but should not have lasted longer than 775 milliseconds.",231,167,14,42,http://stload.se.ifmo.ru:8080/?token=518477874&user=-1355069478&config=2,1607,0,0
1776025932877,1380,config 2 request,200,OK,config 2 2-8,text,false,"The operation lasted too long: It took 1,380 milliseconds, but should not have lasted longer than 775 milliseconds.",231,167,14,42,http://stload.se.ifmo.ru:8080/?token=518477874&user=-1355069478&config=2,1379,0,0
1776025932886,1533,config 2 request,200,OK,config 2 2-10,text,false,"The operation lasted too long: It took 1,533 milliseconds, but should not have lasted longer than 775 milliseconds.",231,167,14,42,http://stload.se.ifmo.ru:8080/?token=518477874&user=-1355069478&config=2,1533,0,0
1776025932930,1501,config 2 request,200,OK,config 2 2-14,text,false,"The operation lasted too long: It took 1,501 milliseconds, but should not have lasted longer than 775 milliseconds.",231,167,14,42,http://stload.se.ifmo.ru:8080/?token=518477874&user=-1355069478&config=2,1501,0,0
1776025932884,1547,config 2 request,200,OK,config 2 2-9,text,false,"The operation lasted too long: It took 1,547 milliseconds, but should not have lasted longer than 775 milliseconds.",231,167,14,42,http://stload.se.ifmo.ru:8080/?token=518477874&user=-1355069478&config=2,1547,0,0
1776025932956,1475,config 2 request,200,OK,config 2 2-7,text,false,"The operation lasted too long: It took 1,475 milliseconds, but should not have lasted longer than 775 milliseconds.",231,167,14,42,http://stload.se.ifmo.ru:8080/?token=518477874&user=-1355069478&config=2,1475,0,0
1776025932956,1475,config 2 request,200,OK,config 2 2-12,text,false,"The operation lasted too long: It took 1,475 milliseconds, but should not have lasted longer than 775 milliseconds.",231,167,14,42,http://stload.se.ifmo.ru:8080/?token=518477874&user=-1355069478&config=2,1475,0,0
1776025933010,1429,config 2 request,200,OK,config 2 2-2,text,false,"The operation lasted too long: It took 1,429 milliseconds, but should not have lasted longer than 775 milliseconds.",231,167,14,42,http://stload.se.ifmo.ru:8080/?token=518477874&user=-1355069478&config=2,1429,0,0
1776025933116,1323,config 3 request,200,OK,config 3 3-3,text,false,"The operation lasted too long: It took 1,323 milliseconds, but should not have lasted longer than 775 milliseconds.",231,167,14,42,http://stload.se.ifmo.ru:8080/?token=518477874&user=-1355069478&config=3,1323,0,0
1776025933010,1429,config 2 request,200,OK,config 2 2-4,text,false,"The operation lasted too long: It took 1,429 milliseconds, but should not have lasted longer than 775 milliseconds.",231,167,14,42,http://stload.se.ifmo.ru:8080/?token=518477874&user=-1355069478&config=2,1429,0,0
1776025933118,1427,config 3 request,200,OK,config 3 3-6,text,false,"The operation lasted too long: It took 1,427 milliseconds, but should not have lasted longer than 775 milliseconds.",231,167,14,42,http://stload.se.ifmo.ru:8080/?token=518477874&user=-1355069478&config=3,1427,0,0
1776025933406,1167,config 3 request,200,OK,config 3 3-5,text,false,"The operation lasted too long: It took 1,167 milliseconds, but should not have lasted longer than 775 milliseconds.",231,167,14,42,http://stload.se.ifmo.ru:8080/?token=518477874&user=-1355069478&config=3,1167,0,0
1776025933173,1400,config 3 request,200,OK,config 3 3-12,text,false,"The operation lasted too long: It took 1,400 milliseconds, but should not have lasted longer than 775 milliseconds.",231,167,14,42,http://stload.se.ifmo.ru:8080/?token=518477874&user=-1355069478&config=3,1400,0,0
1776025933279,1294,config 3 request,200,OK,config 3 3-8,text,false,"The operation lasted too long: It took 1,294 milliseconds, but should not have lasted longer than 775 milliseconds.",231,167,14,42,http://stload.se.ifmo.ru:8080/?token=518477874&user=-1355069478&config=3,1294,0,0
1776025933444,1263,config 3 request,200,OK,config 3 3-2,text,false,"The operation lasted too long: It took 1,263 milliseconds, but should not have lasted longer than 775 milliseconds.",231,167,14,42,http://stload.se.ifmo.ru:8080/?token=518477874&user=-1355069478&config=3,1263,0,0
1776025933557,1412,config 3 request,200,OK,config 3 3-14,text,false,"The operation lasted too long: It took 1,412 milliseconds, but should not have lasted longer than 775 milliseconds.",231,167,14,42,http://stload.se.ifmo.ru:8080/?token=518477874&user=-1355069478&config=3,1412,0,0
1776025933468,1502,config 2 request,200,OK,config 2 2-5,text,false,"The operation lasted too long: It took 1,502 milliseconds, but should not have lasted longer than 775 milliseconds.",231,167,14,42,http://stload.se.ifmo.ru:8080/?token=518477874&user=-1355069478&config=2,1502,0,0
1776025933554,1415,config 3 request,200,OK,config 3 3-11,text,false,"The operation lasted too long: It took 1,415 milliseconds, but should not have lasted longer than 775 milliseconds.",231,167,14,42,http://stload.se.ifmo.ru:8080/?token=518477874&user=-1355069478&config=3,1415,0,0
1776025933859,1181,config 3 request,200,OK,config 3 3-4,text,false,"The operation lasted too long: It took 1,181 milliseconds, but should not have lasted longer than 775 milliseconds.",231,167,14,42,http://stload.se.ifmo.ru:8080/?token=518477874&user=-1355069478&config=3,1181,0,0
1776025933834,1342,config 3 request,200,OK,config 3 3-7,text,false,"The operation lasted too long: It took 1,342 milliseconds, but should not have lasted longer than 775 milliseconds.",231,167,14,42,http://stload.se.ifmo.ru:8080/?token=518477874&user=-1355069478&config=3,1341,0,0
1776025933905,1271,config 3 request,200,OK,config 3 3-13,text,false,"The operation lasted too long: It took 1,271 milliseconds, but should not have lasted longer than 775 milliseconds.",231,167,14,42,http://stload.se.ifmo.ru:8080/?token=518477874&user=-1355069478&config=3,1271,0,0
1776025933698,1478,config 2 request,200,OK,config 2 2-13,text,false,"The operation lasted too long: It took 1,478 milliseconds, but should not have lasted longer than 775 milliseconds.",231,167,14,42,http://stload.se.ifmo.ru:8080/?token=518477874&user=-1355069478&config=2,1478,0,0
1776025933968,1208,config 3 request,200,OK,config 3 3-10,text,false,"The operation lasted too long: It took 1,208 milliseconds, but should not have lasted longer than 775 milliseconds.",231,167,14,42,http://stload.se.ifmo.ru:8080/?token=518477874&user=-1355069478&config=3,1208,0,0
1776025934289,1142,config 3 request,200,OK,config 3 3-9,text,false,"The operation lasted too long: It took 1,142 milliseconds, but should not have lasted longer than 775 milliseconds.",231,167,14,42,http://stload.se.ifmo.ru:8080/?token=518477874&user=-1355069478&config=3,1142,0,0
1776025934027,1404,config 3 request,200,OK,config 3 3-1,text,false,"The operation lasted too long: It took 1,404 milliseconds, but should not have lasted longer than 775 milliseconds.",231,167,14,42,http://stload.se.ifmo.ru:8080/?token=518477874&user=-1355069478&config=3,1404,0,0
1776025933974,1552,config 2 request,200,OK,config 2 2-3,text,false,"The operation lasted too long: It took 1,552 milliseconds, but should not have lasted longer than 775 milliseconds.",231,167,14,42,http://stload.se.ifmo.ru:8080/?token=518477874&user=-1355069478&config=2,1552,0,0
1776025934016,1552,config 2 request,200,OK,config 2 2-11,text,false,"The operation lasted too long: It took 1,552 milliseconds, but should not have lasted longer than 775 milliseconds.",231,167,14,42,http://stload.se.ifmo.ru:8080/?token=518477874&user=-1355069478&config=2,1552,0,0
1776025934016,1592,config 2 request,200,OK,config 2 2-1,text,false,"The operation lasted too long: It took 1,592 milliseconds, but should not have lasted longer than 775 milliseconds.",231,167,14,42,http://stload.se.ifmo.ru:8080/?token=518477874&user=-1355069478&config=2,1592,0,0
1776025934251,1500,config 2 request,200,OK,config 2 2-6,text,false,"The operation lasted too long: It took 1,500 milliseconds, but should not have lasted longer than 775 milliseconds.",231,167,14,42,http://stload.se.ifmo.ru:8080/?token=518477874&user=-1355069478&config=2,1500,0,0
1776025934420,1331,config 2 request,200,OK,config 2 2-10,text,false,"The operation lasted too long: It took 1,331 milliseconds, but should not have lasted longer than 775 milliseconds.",231,167,14,42,http://stload.se.ifmo.ru:8080/?token=518477874&user=-1355069478&config=2,1331,0,0
1776025934375,1376,config 2 request,200,OK,config 2 2-8,text,false,"The operation lasted too long: It took 1,376 milliseconds, but should not have lasted longer than 775 milliseconds.",231,167,14,42,http://stload.se.ifmo.ru:8080/?token=518477874&user=-1355069478&config=2,1376,0,0
1776025934431,1338,config 2 request,200,OK,config 2 2-14,text,false,"The operation lasted too long: It took 1,338 milliseconds, but should not have lasted longer than 775 milliseconds.",231,167,14,42,http://stload.se.ifmo.ru:8080/?token=518477874&user=-1355069478&config=2,1338,0,0
1776025934431,1338,config 2 request,200,OK,config 2 2-9,text,false,"The operation lasted too long: It took 1,338 milliseconds, but should not have lasted longer than 775 milliseconds.",231,167,14,42,http://stload.se.ifmo.ru:8080/?token=518477874&user=-1355069478&config=2,1338,0,0
1776025934456,1313,config 2 request,200,OK,config 2 2-7,text,false,"The operation lasted too long: It took 1,313 milliseconds, but should not have lasted longer than 775 milliseconds.",231,167,14,42,http://stload.se.ifmo.ru:8080/?token=518477874&user=-1355069478&config=2,1313,0,0
1776025934456,1353,config 2 request,200,OK,config 2 2-12,text,false,"The operation lasted too long: It took 1,353 milliseconds, but should not have lasted longer than 775 milliseconds.",231,167,14,42,http://stload.se.ifmo.ru:8080/?token=518477874&user=-1355069478&config=2,1353,0,0
1776025934511,1351,config 2 request,200,OK,config 2 2-2,text,false,"The operation lasted too long: It took 1,351 milliseconds, but should not have lasted longer than 775 milliseconds.",231,167,14,42,http://stload.se.ifmo.ru:8080/?token=518477874&user=-1355069478&config=2,1351,0,0
1776025934511,1390,config 2 request,200,OK,config 2 2-4,text,false,"The operation lasted too long: It took 1,390 milliseconds, but should not have lasted longer than 775 milliseconds.",231,167,14,42,http://stload.se.ifmo.ru:8080/?token=518477874&user=-1355069478&config=2,1390,0,0
1776025934615,1379,config 3 request,200,OK,config 3 3-3,text,false,"The operation lasted too long: It took 1,379 milliseconds, but should not have lasted longer than 775 milliseconds.",231,167,14,42,http://stload.se.ifmo.ru:8080/?token=518477874&user=-1355069478&config=3,1379,0,0
1776025934619,1375,config 3 request,200,OK,config 3 3-6,text,false,"The operation lasted too long: It took 1,375 milliseconds, but should not have lasted longer than 775 milliseconds.",231,167,14,42,http://stload.se.ifmo.ru:8080/?token=518477874&user=-1355069478&config=3,1375,0,0
1776025934669,1325,config 3 request,200,OK,config 3 3-12,text,false,"The operation lasted too long: It took 1,325 milliseconds, but should not have lasted longer than 775 milliseconds.",231,167,14,42,http://stload.se.ifmo.ru:8080/?token=518477874&user=-1355069478&config=3,1325,0,0
1776025934779,1391,config 3 request,200,OK,config 3 3-8,text,false,"The operation lasted too long: It took 1,391 milliseconds, but should not have lasted longer than 775 milliseconds.",231,167,14,42,http://stload.se.ifmo.ru:8080/?token=518477874&user=-1355069478&config=3,1391,0,0
1776025934906,1264,config 3 request,200,OK,config 3 3-5,text,false,"The operation lasted too long: It took 1,264 milliseconds, but should not have lasted longer than 775 milliseconds.",231,167,14,42,http://stload.se.ifmo.ru:8080/?token=518477874&user=-1355069478&config=3,1264,0,0
1776025934947,1476,config 3 request,200,OK,config 3 3-2,text,false,"The operation lasted too long: It took 1,476 milliseconds, but should not have lasted longer than 775 milliseconds.",231,167,14,42,http://stload.se.ifmo.ru:8080/?token=518477874&user=-1355069478&config=3,1476,0,0
1776025935057,1366,config 3 request,200,OK,config 3 3-14,text,false,"The operation lasted too long: It took 1,366 milliseconds, but should not have lasted longer than 775 milliseconds.",231,167,14,42,http://stload.se.ifmo.ru:8080/?token=518477874&user=-1355069478&config=3,1366,0,0
1776025935362,1185,config 3 request,200,OK,config 3 3-4,text,false,"The operation lasted too long: It took 1,185 milliseconds, but should not have lasted longer than 775 milliseconds.",231,167,14,42,http://stload.se.ifmo.ru:8080/?token=518477874&user=-1355069478&config=3,1185,0,0
1776025935337,1210,config 3 request,200,OK,config 3 3-7,text,false,"The operation lasted too long: It took 1,210 milliseconds, but should not have lasted longer than 775 milliseconds.",231,167,14,42,http://stload.se.ifmo.ru:8080/?token=518477874&user=-1355069478&config=3,1210,0,0
1776025934970,1577,config 2 request,200,OK,config 2 2-5,text,false,"The operation lasted too long: It took 1,577 milliseconds, but should not have lasted longer than 775 milliseconds.",231,167,14,42,http://stload.se.ifmo.ru:8080/?token=518477874&user=-1355069478&config=2,1577,0,0
1776025935059,1488,config 3 request,200,OK,config 3 3-11,text,false,"The operation lasted too long: It took 1,488 milliseconds, but should not have lasted longer than 775 milliseconds.",231,167,14,42,http://stload.se.ifmo.ru:8080/?token=518477874&user=-1355069478&config=3,1488,0,0
1776025935409,1143,config 3 request,200,OK,config 3 3-13,text,false,"The operation lasted too long: It took 1,143 milliseconds, but should not have lasted longer than 775 milliseconds.",231,167,14,42,http://stload.se.ifmo.ru:8080/?token=518477874&user=-1355069478&config=3,1143,0,0
1776025935470,1253,config 3 request,200,OK,config 3 3-10,text,false,"The operation lasted too long: It took 1,253 milliseconds, but should not have lasted longer than 775 milliseconds.",231,167,14,42,http://stload.se.ifmo.ru:8080/?token=518477874&user=-1355069478&config=3,1253,0,0
1776025935201,1522,config 2 request,200,OK,config 2 2-13,text,false,"The operation lasted too long: It took 1,522 milliseconds, but should not have lasted longer than 775 milliseconds.",231,167,14,42,http://stload.se.ifmo.ru:8080/?token=518477874&user=-1355069478&config=2,1522,0,0
1776025935524,1199,config 3 request,200,OK,config 3 3-1,text,false,"The operation lasted too long: It took 1,199 milliseconds, but should not have lasted longer than 775 milliseconds.",231,167,14,42,http://stload.se.ifmo.ru:8080/?token=518477874&user=-1355069478&config=3,1199,0,0
1776025935526,1477,config 2 request,200,OK,config 2 2-3,text,false,"The operation lasted too long: It took 1,477 milliseconds, but should not have lasted longer than 775 milliseconds.",231,167,14,42,http://stload.se.ifmo.ru:8080/?token=518477874&user=-1355069478&config=2,1477,0,0
1776025935568,1435,config 2 request,200,OK,config 2 2-11,text,false,"The operation lasted too long: It took 1,435 milliseconds, but should not have lasted longer than 775 milliseconds.",231,167,14,42,http://stload.se.ifmo.ru:8080/?token=518477874&user=-1355069478&config=2,1435,0,0
1776025935789,1214,config 3 request,200,OK,config 3 3-9,text,false,"The operation lasted too long: It took 1,214 milliseconds, but should not have lasted longer than 775 milliseconds.",231,167,14,42,http://stload.se.ifmo.ru:8080/?token=518477874&user=-1355069478&config=3,1214,0,0
1776025935608,1477,config 2 request,200,OK,config 2 2-1,text,false,"The operation lasted too long: It took 1,477 milliseconds, but should not have lasted longer than 775 milliseconds.",231,167,14,42,http://stload.se.ifmo.ru:8080/?token=518477874&user=-1355069478&config=2,1477,0,0
1776025935752,1333,config 2 request,200,OK,config 2 2-6,text,false,"The operation lasted too long: It took 1,333 milliseconds, but should not have lasted longer than 775 milliseconds.",231,167,14,42,http://stload.se.ifmo.ru:8080/?token=518477874&user=-1355069478&config=2,1333,0,0
1776025935874,1343,config 2 request,200,OK,config 2 2-8,text,false,"The operation lasted too long: It took 1,343 milliseconds, but should not have lasted longer than 775 milliseconds.",231,167,14,42,http://stload.se.ifmo.ru:8080/?token=518477874&user=-1355069478&config=2,1343,0,0
1776025935923,1430,config 2 request,200,OK,config 2 2-10,text,false,"The operation lasted too long: It took 1,430 milliseconds, but should not have lasted longer than 775 milliseconds.",231,167,14,42,http://stload.se.ifmo.ru:8080/?token=518477874&user=-1355069478&config=2,1430,0,0
1776025935932,1421,config 2 request,200,OK,config 2 2-14,text,false,"The operation lasted too long: It took 1,421 milliseconds, but should not have lasted longer than 775 milliseconds.",231,167,14,42,http://stload.se.ifmo.ru:8080/?token=518477874&user=-1355069478&config=2,1421,0,0
1776025935960,1428,config 2 request,200,OK,config 2 2-12,text,false,"The operation lasted too long: It took 1,428 milliseconds, but should not have lasted longer than 775 milliseconds.",231,167,14,42,http://stload.se.ifmo.ru:8080/?token=518477874&user=-1355069478&config=2,1428,0,0
1776025935936,1452,config 2 request,200,OK,config 2 2-9,text,false,"The operation lasted too long: It took 1,452 milliseconds, but should not have lasted longer than 775 milliseconds.",231,167,14,42,http://stload.se.ifmo.ru:8080/?token=518477874&user=-1355069478&config=2,1452,0,0
1776025936117,1326,config 3 request,200,OK,config 3 3-6,text,false,"The operation lasted too long: It took 1,326 milliseconds, but should not have lasted longer than 775 milliseconds.",231,167,14,42,http://stload.se.ifmo.ru:8080/?token=518477874&user=-1355069478&config=3,1326,0,0
1776025935959,1485,config 2 request,200,OK,config 2 2-7,text,false,"The operation lasted too long: It took 1,485 milliseconds, but should not have lasted longer than 775 milliseconds.",231,167,14,42,http://stload.se.ifmo.ru:8080/?token=518477874&user=-1355069478&config=2,1485,0,0
1776025936117,1326,config 3 request,200,OK,config 3 3-3,text,false,"The operation lasted too long: It took 1,326 milliseconds, but should not have lasted longer than 775 milliseconds.",231,167,14,42,http://stload.se.ifmo.ru:8080/?token=518477874&user=-1355069478&config=3,1326,0,0
1776025936405,1170,config 3 request,200,OK,config 3 3-5,text,false,"The operation lasted too long: It took 1,170 milliseconds, but should not have lasted longer than 775 milliseconds.",231,167,14,42,http://stload.se.ifmo.ru:8080/?token=518477874&user=-1355069478&config=3,1170,0,0
1776025936173,1402,config 3 request,200,OK,config 3 3-12,text,false,"The operation lasted too long: It took 1,402 milliseconds, but should not have lasted longer than 775 milliseconds.",231,167,14,42,http://stload.se.ifmo.ru:8080/?token=518477874&user=-1355069478&config=3,1402,0,0
1776025936011,1604,config 2 request,200,OK,config 2 2-4,text,false,"The operation lasted too long: It took 1,604 milliseconds, but should not have lasted longer than 775 milliseconds.",231,167,14,42,http://stload.se.ifmo.ru:8080/?token=518477874&user=-1355069478&config=2,1604,0,0
1776025936275,1340,config 3 request,200,OK,config 3 3-8,text,false,"The operation lasted too long: It took 1,340 milliseconds, but should not have lasted longer than 775 milliseconds.",231,167,14,42,http://stload.se.ifmo.ru:8080/?token=518477874&user=-1355069478&config=3,1340,0,0
1776025936011,1605,config 2 request,200,OK,config 2 2-2,text,false,"The operation lasted too long: It took 1,605 milliseconds, but should not have lasted longer than 775 milliseconds.",231,167,14,42,http://stload.se.ifmo.ru:8080/?token=518477874&user=-1355069478&config=2,1605,0,0
1776025936443,1265,config 3 request,200,OK,config 3 3-2,text,false,"The operation lasted too long: It took 1,265 milliseconds, but should not have lasted longer than 775 milliseconds.",231,167,14,42,http://stload.se.ifmo.ru:8080/?token=518477874&user=-1355069478&config=3,1265,0,0
1776025936555,1469,config 3 request,200,OK,config 3 3-11,text,false,"The operation lasted too long: It took 1,469 milliseconds, but should not have lasted longer than 775 milliseconds.",231,167,14,42,http://stload.se.ifmo.ru:8080/?token=518477874&user=-1355069478&config=3,1469,0,0
1776025936556,1601,config 3 request,200,OK,config 3 3-14,text,false,"The operation lasted too long: It took 1,601 milliseconds, but should not have lasted longer than 775 milliseconds.",231,167,14,42,http://stload.se.ifmo.ru:8080/?token=518477874&user=-1355069478&config=3,1601,0,0
1776025936834,1323,config 3 request,200,OK,config 3 3-7,text,false,"The operation lasted too long: It took 1,323 milliseconds, but should not have lasted longer than 775 milliseconds.",231,167,14,42,http://stload.se.ifmo.ru:8080/?token=518477874&user=-1355069478&config=3,1323,0,0
1776025936547,1610,config 2 request,200,OK,config 2 2-5,text,false,"The operation lasted too long: It took 1,610 milliseconds, but should not have lasted longer than 775 milliseconds.",231,167,14,42,http://stload.se.ifmo.ru:8080/?token=518477874&user=-1355069478&config=2,1610,0,0
1776025936864,1293,config 3 request,200,OK,config 3 3-4,text,false,"The operation lasted too long: It took 1,293 milliseconds, but should not have lasted longer than 775 milliseconds.",231,167,14,42,http://stload.se.ifmo.ru:8080/?token=518477874&user=-1355069478&config=3,1293,0,0
1776025936971,1187,config 3 request,200,OK,config 3 3-10,text,false,"The operation lasted too long: It took 1,187 milliseconds, but should not have lasted longer than 775 milliseconds.",231,167,14,42,http://stload.se.ifmo.ru:8080/?token=518477874&user=-1355069478&config=3,1187,0,0
1776025936906,1252,config 3 request,200,OK,config 3 3-13,text,false,"The operation lasted too long: It took 1,252 milliseconds, but should not have lasted longer than 775 milliseconds.",231,167,14,42,http://stload.se.ifmo.ru:8080/?token=518477874&user=-1355069478&config=3,1252,0,0
1776025936723,1528,config 2 request,200,OK,config 2 2-13,text,false,"The operation lasted too long: It took 1,528 milliseconds, but should not have lasted longer than 775 milliseconds.",231,167,14,42,http://stload.se.ifmo.ru:8080/?token=518477874&user=-1355069478&config=2,1528,0,0
1776025937024,1227,config 3 request,200,OK,config 3 3-1,text,false,"The operation lasted too long: It took 1,227 milliseconds, but should not have lasted longer than 775 milliseconds.",231,167,14,42,http://stload.se.ifmo.ru:8080/?token=518477874&user=-1355069478&config=3,1227,0,0
1776025937286,1151,config 3 request,200,OK,config 3 3-9,text,false,"The operation lasted too long: It took 1,151 milliseconds, but should not have lasted longer than 775 milliseconds.",231,167,14,42,http://stload.se.ifmo.ru:8080/?token=518477874&user=-1355069478&config=3,1151,0,0
1776025937031,1446,config 2 request,200,OK,config 2 2-3,text,false,"The operation lasted too long: It took 1,446 milliseconds, but should not have lasted longer than 775 milliseconds.",231,167,14,42,http://stload.se.ifmo.ru:8080/?token=518477874&user=-1355069478&config=2,1445,0,0
1776025937112,1497,config 2 request,200,OK,config 2 2-1,text,false,"The operation lasted too long: It took 1,497 milliseconds, but should not have lasted longer than 775 milliseconds.",231,167,14,42,http://stload.se.ifmo.ru:8080/?token=518477874&user=-1355069478&config=2,1497,0,0
1776025937072,1537,config 2 request,200,OK,config 2 2-11,text,false,"The operation lasted too long: It took 1,537 milliseconds, but should not have lasted longer than 775 milliseconds.",231,167,14,42,http://stload.se.ifmo.ru:8080/?token=518477874&user=-1355069478&config=2,1537,0,0
1776025937256,1354,config 2 request,200,OK,config 2 2-6,text,false,"The operation lasted too long: It took 1,354 milliseconds, but should not have lasted longer than 775 milliseconds.",231,167,14,42,http://stload.se.ifmo.ru:8080/?token=518477874&user=-1355069478&config=2,1354,0,0
1776025937374,1413,config 2 request,200,OK,config 2 2-8,text,false,"The operation lasted too long: It took 1,413 milliseconds, but should not have lasted longer than 775 milliseconds.",231,167,14,42,http://stload.se.ifmo.ru:8080/?token=518477874&user=-1355069478&config=2,1413,0,0
1776025937422,1365,config 2 request,200,OK,config 2 2-10,text,false,"The operation lasted too long: It took 1,365 milliseconds, but should not have lasted longer than 775 milliseconds.",231,167,14,42,http://stload.se.ifmo.ru:8080/?token=518477874&user=-1355069478&config=2,1365,0,0
1776025937432,1356,config 2 request,200,OK,config 2 2-9,text,false,"The operation lasted too long: It took 1,356 milliseconds, but should not have lasted longer than 775 milliseconds.",231,167,14,42,http://stload.se.ifmo.ru:8080/?token=518477874&user=-1355069478&config=2,1356,0,0
1776025937435,1388,config 2 request,200,OK,config 2 2-14,text,false,"The operation lasted too long: It took 1,388 milliseconds, but should not have lasted longer than 775 milliseconds.",231,167,14,42,http://stload.se.ifmo.ru:8080/?token=518477874&user=-1355069478&config=2,1388,0,0
1776025937457,1535,config 2 request,200,OK,config 2 2-7,text,false,"The operation lasted too long: It took 1,535 milliseconds, but should not have lasted longer than 775 milliseconds.",231,167,14,42,http://stload.se.ifmo.ru:8080/?token=518477874&user=-1355069478&config=2,1535,0,0
1776025937457,1535,config 2 request,200,OK,config 2 2-12,text,false,"The operation lasted too long: It took 1,535 milliseconds, but should not have lasted longer than 775 milliseconds.",231,167,14,42,http://stload.se.ifmo.ru:8080/?token=518477874&user=-1355069478&config=2,1535,0,0
1776025937615,1378,config 3 request,200,OK,config 3 3-3,text,false,"The operation lasted too long: It took 1,378 milliseconds, but should not have lasted longer than 775 milliseconds.",231,167,14,42,http://stload.se.ifmo.ru:8080/?token=518477874&user=-1355069478&config=3,1377,0,0
1776025937616,1528,config 3 request,200,OK,config 3 3-6,text,false,"The operation lasted too long: It took 1,528 milliseconds, but should not have lasted longer than 775 milliseconds.",231,167,14,42,http://stload.se.ifmo.ru:8080/?token=518477874&user=-1355069478&config=3,1528,0,0
1776025937670,1474,config 3 request,200,OK,config 3 3-12,text,false,"The operation lasted too long: It took 1,474 milliseconds, but should not have lasted longer than 775 milliseconds.",231,167,14,42,http://stload.se.ifmo.ru:8080/?token=518477874&user=-1355069478&config=3,1474,0,0
1776025937904,1261,config 3 request,200,OK,config 3 3-5,text,false,"The operation lasted too long: It took 1,261 milliseconds, but should not have lasted longer than 775 milliseconds.",231,167,14,42,http://stload.se.ifmo.ru:8080/?token=518477874&user=-1355069478&config=3,1261,0,0
1776025937778,1387,config 3 request,200,OK,config 3 3-8,text,false,"The operation lasted too long: It took 1,387 milliseconds, but should not have lasted longer than 775 milliseconds.",231,167,14,42,http://stload.se.ifmo.ru:8080/?token=518477874&user=-1355069478&config=3,1387,0,0
1776025937946,1219,config 3 request,200,OK,config 3 3-2,text,false,"The operation lasted too long: It took 1,219 milliseconds, but should not have lasted longer than 775 milliseconds.",231,167,14,42,http://stload.se.ifmo.ru:8080/?token=518477874&user=-1355069478&config=3,1219,0,0
1776025938058,1148,config 3 request,200,OK,config 3 3-11,text,false,"The operation lasted too long: It took 1,148 milliseconds, but should not have lasted longer than 775 milliseconds.",231,167,14,42,http://stload.se.ifmo.ru:8080/?token=518477874&user=-1355069478&config=3,1148,0,0
1776025937616,1592,config 2 request,200,OK,config 2 2-2,text,false,"The operation lasted too long: It took 1,592 milliseconds, but should not have lasted longer than 775 milliseconds.",231,167,14,42,http://stload.se.ifmo.ru:8080/?token=518477874&user=-1355069478&config=2,1592,0,0
1776025937616,1683,config 2 request,200,OK,config 2 2-4,text,false,"The operation lasted too long: It took 1,683 milliseconds, but should not have lasted longer than 775 milliseconds.",231,167,14,42,http://stload.se.ifmo.ru:8080/?token=518477874&user=-1355069478&config=2,1683,0,0
1776025938157,1142,config 3 request,200,OK,config 3 3-14,text,false,"The operation lasted too long: It took 1,142 milliseconds, but should not have lasted longer than 775 milliseconds.",231,167,14,42,http://stload.se.ifmo.ru:8080/?token=518477874&user=-1355069478&config=3,1142,0,0
1776025938334,1255,config 3 request,200,OK,config 3 3-7,text,false,"The operation lasted too long: It took 1,255 milliseconds, but should not have lasted longer than 775 milliseconds.",231,167,14,42,http://stload.se.ifmo.ru:8080/?token=518477874&user=-1355069478&config=3,1255,0,0
1776025938158,1431,config 2 request,200,OK,config 2 2-5,text,false,"The operation lasted too long: It took 1,431 milliseconds, but should not have lasted longer than 775 milliseconds.",231,167,14,42,http://stload.se.ifmo.ru:8080/?token=518477874&user=-1355069478&config=2,1431,0,0
1776025938362,1383,config 3 request,200,OK,config 3 3-4,text,false,"The operation lasted too long: It took 1,383 milliseconds, but should not have lasted longer than 775 milliseconds.",231,167,14,42,http://stload.se.ifmo.ru:8080/?token=518477874&user=-1355069478&config=3,1383,0,0
1776025938404,1341,config 3 request,200,OK,config 3 3-13,text,false,"The operation lasted too long: It took 1,341 milliseconds, but should not have lasted longer than 775 milliseconds.",231,167,14,42,http://stload.se.ifmo.ru:8080/?token=518477874&user=-1355069478&config=3,1341,0,0
1776025938251,1494,config 2 request,200,OK,config 2 2-13,text,false,"The operation lasted too long: It took 1,494 milliseconds, but should not have lasted longer than 775 milliseconds.",231,167,14,42,http://stload.se.ifmo.ru:8080/?token=518477874&user=-1355069478&config=2,1494,0,0
1776025938526,1249,config 3 request,200,OK,config 3 3-1,text,false,"The operation lasted too long: It took 1,249 milliseconds, but should not have lasted longer than 775 milliseconds.",231,167,14,42,http://stload.se.ifmo.ru:8080/?token=518477874&user=-1355069478&config=3,1249,0,0
1776025938465,1576,config 3 request,200,OK,config 3 3-10,text,false,"The operation lasted too long: It took 1,576 milliseconds, but should not have lasted longer than 775 milliseconds.",231,167,14,42,http://stload.se.ifmo.ru:8080/?token=518477874&user=-1355069478&config=3,1576,0,0
1776025938787,1346,config 3 request,200,OK,config 3 3-9,text,false,"The operation lasted too long: It took 1,346 milliseconds, but should not have lasted longer than 775 milliseconds.",231,167,14,42,http://stload.se.ifmo.ru:8080/?token=518477874&user=-1355069478&config=3,1346,0,0
1776025938530,1603,config 2 request,200,OK,config 2 2-3,text,false,"The operation lasted too long: It took 1,603 milliseconds, but should not have lasted longer than 775 milliseconds.",231,167,14,42,http://stload.se.ifmo.ru:8080/?token=518477874&user=-1355069478&config=2,1603,0,0
1776025938610,1523,config 2 request,200,OK,config 2 2-1,text,false,"The operation lasted too long: It took 1,523 milliseconds, but should not have lasted longer than 775 milliseconds.",231,167,14,42,http://stload.se.ifmo.ru:8080/?token=518477874&user=-1355069478&config=2,1523,0,0
1776025938610,1564,config 2 request,200,OK,config 2 2-11,text,false,"The operation lasted too long: It took 1,564 milliseconds, but should not have lasted longer than 775 milliseconds.",231,167,14,42,http://stload.se.ifmo.ru:8080/?token=518477874&user=-1355069478&config=2,1564,0,0
1776025938754,1421,config 2 request,200,OK,config 2 2-6,text,false,"The operation lasted too long: It took 1,421 milliseconds, but should not have lasted longer than 775 milliseconds.",231,167,14,42,http://stload.se.ifmo.ru:8080/?token=518477874&user=-1355069478&config=2,1421,0,0
1776025938878,1388,config 2 request,200,OK,config 2 2-8,text,false,"The operation lasted too long: It took 1,388 milliseconds, but should not have lasted longer than 775 milliseconds.",231,167,14,42,http://stload.se.ifmo.ru:8080/?token=518477874&user=-1355069478&config=2,1388,0,0
1776025938920,1388,config 2 request,200,OK,config 2 2-10,text,false,"The operation lasted too long: It took 1,388 milliseconds, but should not have lasted longer than 775 milliseconds.",231,167,14,42,http://stload.se.ifmo.ru:8080/?token=518477874&user=-1355069478&config=2,1388,0,0
1776025939115,1193,config 3 request,200,OK,config 3 3-3,text,false,"The operation lasted too long: It took 1,193 milliseconds, but should not have lasted longer than 775 milliseconds.",231,167,14,42,http://stload.se.ifmo.ru:8080/?token=518477874&user=-1355069478&config=3,1193,0,0
1776025938931,1427,config 2 request,200,OK,config 2 2-9,text,false,"The operation lasted too long: It took 1,427 milliseconds, but should not have lasted longer than 775 milliseconds.",231,167,14,42,http://stload.se.ifmo.ru:8080/?token=518477874&user=-1355069478&config=2,1427,0,0
1776025938932,1426,config 2 request,200,OK,config 2 2-14,text,false,"The operation lasted too long: It took 1,426 milliseconds, but should not have lasted longer than 775 milliseconds.",231,167,14,42,http://stload.se.ifmo.ru:8080/?token=518477874&user=-1355069478&config=2,1426,0,0
1776025938992,1366,config 2 request,200,OK,config 2 2-7,text,false,"The operation lasted too long: It took 1,366 milliseconds, but should not have lasted longer than 775 milliseconds.",231,167,14,42,http://stload.se.ifmo.ru:8080/?token=518477874&user=-1355069478&config=2,1366,0,0
1776025938992,1458,config 2 request,200,OK,config 2 2-12,text,false,"The operation lasted too long: It took 1,458 milliseconds, but should not have lasted longer than 775 milliseconds.",231,167,14,42,http://stload.se.ifmo.ru:8080/?token=518477874&user=-1355069478&config=2,1458,0,0
1776025939170,1364,config 3 request,200,OK,config 3 3-12,text,false,"The operation lasted too long: It took 1,364 milliseconds, but should not have lasted longer than 775 milliseconds.",231,167,14,42,http://stload.se.ifmo.ru:8080/?token=518477874&user=-1355069478&config=3,1363,0,0
1776025939144,1390,config 3 request,200,OK,config 3 3-6,text,false,"The operation lasted too long: It took 1,390 milliseconds, but should not have lasted longer than 775 milliseconds.",231,167,14,42,http://stload.se.ifmo.ru:8080/?token=518477874&user=-1355069478&config=3,1390,0,0
1776025939208,1561,config 2 request,200,OK,config 2 2-2,text,false,"The operation lasted too long: It took 1,561 milliseconds, but should not have lasted longer than 775 milliseconds.",231,167,14,42,http://stload.se.ifmo.ru:8080/?token=518477874&user=-1355069478&config=2,1561,0,0
1776025939277,1492,config 3 request,200,OK,config 3 3-8,text,false,"The operation lasted too long: It took 1,492 milliseconds, but should not have lasted longer than 775 milliseconds.",231,167,14,42,http://stload.se.ifmo.ru:8080/?token=518477874&user=-1355069478&config=3,1492,0,0
1776025939447,1363,config 3 request,200,OK,config 3 3-2,text,false,"The operation lasted too long: It took 1,363 milliseconds, but should not have lasted longer than 775 milliseconds.",231,167,14,42,http://stload.se.ifmo.ru:8080/?token=518477874&user=-1355069478&config=3,1363,0,0
1776025939402,1408,config 3 request,200,OK,config 3 3-5,text,false,"The operation lasted too long: It took 1,408 milliseconds, but should not have lasted longer than 775 milliseconds.",231,167,14,42,http://stload.se.ifmo.ru:8080/?token=518477874&user=-1355069478&config=3,1408,0,0
1776025939555,1255,config 3 request,200,OK,config 3 3-11,text,false,"The operation lasted too long: It took 1,255 milliseconds, but should not have lasted longer than 775 milliseconds.",231,167,14,42,http://stload.se.ifmo.ru:8080/?token=518477874&user=-1355069478&config=3,1255,0,0
1776025939299,1603,config 2 request,200,OK,config 2 2-4,text,false,"The operation lasted too long: It took 1,603 milliseconds, but should not have lasted longer than 775 milliseconds.",231,167,14,42,http://stload.se.ifmo.ru:8080/?token=518477874&user=-1355069478&config=2,1603,0,0
1776025939660,1319,config 3 request,200,OK,config 3 3-14,text,false,"The operation lasted too long: It took 1,319 milliseconds, but should not have lasted longer than 775 milliseconds.",231,167,14,42,http://stload.se.ifmo.ru:8080/?token=518477874&user=-1355069478&config=3,1319,0,0
1776025939833,1240,config 3 request,200,OK,config 3 3-7,text,false,"The operation lasted too long: It took 1,240 milliseconds, but should not have lasted longer than 775 milliseconds.",231,167,14,42,http://stload.se.ifmo.ru:8080/?token=518477874&user=-1355069478&config=3,1240,0,0
1776025939908,1603,config 3 request,200,OK,config 3 3-13,text,false,"The operation lasted too long: It took 1,603 milliseconds, but should not have lasted longer than 775 milliseconds.",231,167,14,42,http://stload.se.ifmo.ru:8080/?token=518477874&user=-1355069478&config=3,1603,0,0
1776025940026,1485,config 3 request,200,OK,config 3 3-1,text,false,"The operation lasted too long: It took 1,485 milliseconds, but should not have lasted longer than 775 milliseconds.",231,167,14,42,http://stload.se.ifmo.ru:8080/?token=518477874&user=-1355069478&config=3,1485,0,0
1776025939660,1851,config 2 request,200,OK,config 2 2-5,text,false,"The operation lasted too long: It took 1,851 milliseconds, but should not have lasted longer than 775 milliseconds.",231,167,14,42,http://stload.se.ifmo.ru:8080/?token=518477874&user=-1355069478&config=2,1851,0,0
1776025939861,1650,config 3 request,200,OK,config 3 3-4,text,false,"The operation lasted too long: It took 1,650 milliseconds, but should not have lasted longer than 775 milliseconds.",231,167,14,42,http://stload.se.ifmo.ru:8080/?token=518477874&user=-1355069478&config=3,1650,0,0
1776025939752,1760,config 2 request,200,OK,config 2 2-13,text,false,"The operation lasted too long: It took 1,760 milliseconds, but should not have lasted longer than 775 milliseconds.",231,167,14,42,http://stload.se.ifmo.ru:8080/?token=518477874&user=-1355069478&config=2,1760,0,0
1776025940041,1471,config 3 request,200,OK,config 3 3-10,text,false,"The operation lasted too long: It took 1,471 milliseconds, but should not have lasted longer than 775 milliseconds.",231,167,14,42,http://stload.se.ifmo.ru:8080/?token=518477874&user=-1355069478&config=3,1471,0,0
1776025940133,1419,config 2 request,200,OK,config 2 2-3,text,false,"The operation lasted too long: It took 1,419 milliseconds, but should not have lasted longer than 775 milliseconds.",231,167,14,42,http://stload.se.ifmo.ru:8080/?token=518477874&user=-1355069478&config=2,1419,0,0
1776025940133,1419,config 2 request,200,OK,config 2 2-1,text,false,"The operation lasted too long: It took 1,419 milliseconds, but should not have lasted longer than 775 milliseconds.",231,167,14,42,http://stload.se.ifmo.ru:8080/?token=518477874&user=-1355069478&config=2,1419,0,0
1776025940285,1267,config 3 request,200,OK,config 3 3-9,text,false,"The operation lasted too long: It took 1,267 milliseconds, but should not have lasted longer than 775 milliseconds.",231,167,14,42,http://stload.se.ifmo.ru:8080/?token=518477874&user=-1355069478&config=3,1267,0,0
1776025940174,1382,config 2 request,200,OK,config 2 2-11,text,false,"The operation lasted too long: It took 1,382 milliseconds, but should not have lasted longer than 775 milliseconds.",231,167,14,42,http://stload.se.ifmo.ru:8080/?token=518477874&user=-1355069478&config=2,1382,0,0
1776025940253,1397,config 2 request,200,OK,config 2 2-6,text,false,"The operation lasted too long: It took 1,397 milliseconds, but should not have lasted longer than 775 milliseconds.",231,167,14,42,http://stload.se.ifmo.ru:8080/?token=518477874&user=-1355069478&config=2,1397,0,0
1776025940617,1208,config 3 request,200,OK,config 3 3-3,text,false,"The operation lasted too long: It took 1,208 milliseconds, but should not have lasted longer than 775 milliseconds.",231,167,14,42,http://stload.se.ifmo.ru:8080/?token=518477874&user=-1355069478&config=3,1208,0,0
1776025940377,1448,config 2 request,200,OK,config 2 2-8,text,false,"The operation lasted too long: It took 1,448 milliseconds, but should not have lasted longer than 775 milliseconds.",231,167,14,42,http://stload.se.ifmo.ru:8080/?token=518477874&user=-1355069478&config=2,1448,0,0
1776025940673,1232,config 3 request,200,OK,config 3 3-12,text,false,"The operation lasted too long: It took 1,232 milliseconds, but should not have lasted longer than 775 milliseconds.",231,167,14,42,http://stload.se.ifmo.ru:8080/?token=518477874&user=-1355069478&config=3,1232,0,0
1776025940645,1262,config 3 request,200,OK,config 3 3-6,text,false,"The operation lasted too long: It took 1,262 milliseconds, but should not have lasted longer than 775 milliseconds.",231,167,14,42,http://stload.se.ifmo.ru:8080/?token=518477874&user=-1355069478&config=3,1262,0,0
1776025940423,1497,config 2 request,200,OK,config 2 2-10,text,false,"The operation lasted too long: It took 1,497 milliseconds, but should not have lasted longer than 775 milliseconds.",231,167,14,42,http://stload.se.ifmo.ru:8080/?token=518477874&user=-1355069478&config=2,1497,0,0
1776025940775,1145,config 3 request,200,OK,config 3 3-8,text,false,"The operation lasted too long: It took 1,145 milliseconds, but should not have lasted longer than 775 milliseconds.",231,167,14,42,http://stload.se.ifmo.ru:8080/?token=518477874&user=-1355069478&config=3,1145,0,0
1776025940432,1488,config 2 request,200,OK,config 2 2-9,text,false,"The operation lasted too long: It took 1,488 milliseconds, but should not have lasted longer than 775 milliseconds.",231,167,14,42,http://stload.se.ifmo.ru:8080/?token=518477874&user=-1355069478&config=2,1488,0,0
1776025940432,1525,config 2 request,200,OK,config 2 2-14,text,false,"The operation lasted too long: It took 1,525 milliseconds, but should not have lasted longer than 775 milliseconds.",231,167,14,42,http://stload.se.ifmo.ru:8080/?token=518477874&user=-1355069478&config=2,1525,0,0
1776025940494,1463,config 2 request,200,OK,config 2 2-12,text,false,"The operation lasted too long: It took 1,463 milliseconds, but should not have lasted longer than 775 milliseconds.",231,167,14,42,http://stload.se.ifmo.ru:8080/?token=518477874&user=-1355069478&config=2,1463,0,0
1776025940493,1490,config 2 request,200,OK,config 2 2-7,text,false,"The operation lasted too long: It took 1,490 milliseconds, but should not have lasted longer than 775 milliseconds.",231,167,14,42,http://stload.se.ifmo.ru:8080/?token=518477874&user=-1355069478&config=2,1490,0,0
1776025940905,1303,config 3 request,200,OK,config 3 3-5,text,false,"The operation lasted too long: It took 1,303 milliseconds, but should not have lasted longer than 775 milliseconds.",231,167,14,42,http://stload.se.ifmo.ru:8080/?token=518477874&user=-1355069478&config=3,1303,0,0
1776025940947,1507,config 3 request,200,OK,config 3 3-2,text,false,"The operation lasted too long: It took 1,507 milliseconds, but should not have lasted longer than 775 milliseconds.",231,167,14,42,http://stload.se.ifmo.ru:8080/?token=518477874&user=-1355069478&config=3,1507,0,0
1776025940903,1551,config 2 request,200,OK,config 2 2-4,text,false,"The operation lasted too long: It took 1,551 milliseconds, but should not have lasted longer than 775 milliseconds.",231,167,14,42,http://stload.se.ifmo.ru:8080/?token=518477874&user=-1355069478&config=2,1551,0,0
1776025940770,1684,config 2 request,200,OK,config 2 2-2,text,false,"The operation lasted too long: It took 1,684 milliseconds, but should not have lasted longer than 775 milliseconds.",231,167,14,42,http://stload.se.ifmo.ru:8080/?token=518477874&user=-1355069478&config=2,1684,0,0
1776025941058,1443,config 3 request,200,OK,config 3 3-11,text,false,"The operation lasted too long: It took 1,443 milliseconds, but should not have lasted longer than 775 milliseconds.",231,167,14,42,http://stload.se.ifmo.ru:8080/?token=518477874&user=-1355069478&config=3,1443,0,0
1776025941334,1344,config 3 request,200,OK,config 3 3-7,text,false,"The operation lasted too long: It took 1,344 milliseconds, but should not have lasted longer than 775 milliseconds.",231,167,14,42,http://stload.se.ifmo.ru:8080/?token=518477874&user=-1355069478&config=3,1344,0,0
1776025941159,1519,config 3 request,200,OK,config 3 3-14,text,false,"The operation lasted too long: It took 1,519 milliseconds, but should not have lasted longer than 775 milliseconds.",231,167,14,42,http://stload.se.ifmo.ru:8080/?token=518477874&user=-1355069478&config=3,1519,0,0
1776025941513,1165,config 3 request,200,OK,config 3 3-4,text,false,"The operation lasted too long: It took 1,165 milliseconds, but should not have lasted longer than 775 milliseconds.",231,167,14,42,http://stload.se.ifmo.ru:8080/?token=518477874&user=-1355069478&config=3,1165,0,0
1776025941513,1334,config 3 request,200,OK,config 3 3-13,text,false,"The operation lasted too long: It took 1,334 milliseconds, but should not have lasted longer than 775 milliseconds.",231,167,14,42,http://stload.se.ifmo.ru:8080/?token=518477874&user=-1355069478&config=3,1334,0,0
1776025941542,1306,config 3 request,200,OK,config 3 3-10,text,false,"The operation lasted too long: It took 1,306 milliseconds, but should not have lasted longer than 775 milliseconds.",231,167,14,42,http://stload.se.ifmo.ru:8080/?token=518477874&user=-1355069478&config=3,1306,0,0
1776025941524,1324,config 3 request,200,OK,config 3 3-1,text,false,"The operation lasted too long: It took 1,324 milliseconds, but should not have lasted longer than 775 milliseconds.",231,167,14,42,http://stload.se.ifmo.ru:8080/?token=518477874&user=-1355069478&config=3,1324,0,0
1776025941513,1335,config 2 request,200,OK,config 2 2-13,text,false,"The operation lasted too long: It took 1,335 milliseconds, but should not have lasted longer than 775 milliseconds.",231,167,14,42,http://stload.se.ifmo.ru:8080/?token=518477874&user=-1355069478&config=2,1335,0,0
1776025941513,1335,config 2 request,200,OK,config 2 2-5,text,false,"The operation lasted too long: It took 1,335 milliseconds, but should not have lasted longer than 775 milliseconds.",231,167,14,42,http://stload.se.ifmo.ru:8080/?token=518477874&user=-1355069478&config=2,1335,0,0
1776025941787,1152,config 3 request,200,OK,config 3 3-9,text,false,"The operation lasted too long: It took 1,152 milliseconds, but should not have lasted longer than 775 milliseconds.",231,167,14,42,http://stload.se.ifmo.ru:8080/?token=518477874&user=-1355069478&config=3,1152,0,0
1776025941639,1458,config 2 request,200,OK,config 2 2-3,text,false,"The operation lasted too long: It took 1,458 milliseconds, but should not have lasted longer than 775 milliseconds.",231,167,14,42,http://stload.se.ifmo.ru:8080/?token=518477874&user=-1355069478&config=2,1458,0,0
1776025941639,1458,config 2 request,200,OK,config 2 2-1,text,false,"The operation lasted too long: It took 1,458 milliseconds, but should not have lasted longer than 775 milliseconds.",231,167,14,42,http://stload.se.ifmo.ru:8080/?token=518477874&user=-1355069478&config=2,1458,0,0
1776025941753,1344,config 2 request,200,OK,config 2 2-6,text,false,"The operation lasted too long: It took 1,344 milliseconds, but should not have lasted longer than 775 milliseconds.",231,167,14,42,http://stload.se.ifmo.ru:8080/?token=518477874&user=-1355069478&config=2,1344,0,0
1776025941680,1452,config 2 request,200,OK,config 2 2-11,text,false,"The operation lasted too long: It took 1,452 milliseconds, but should not have lasted longer than 775 milliseconds.",231,167,14,42,http://stload.se.ifmo.ru:8080/?token=518477874&user=-1355069478&config=2,1452,0,0
1776025941921,1557,config 2 request,200,OK,config 2 2-10,text,false,"The operation lasted too long: It took 1,557 milliseconds, but should not have lasted longer than 775 milliseconds.",231,167,14,42,http://stload.se.ifmo.ru:8080/?token=518477874&user=-1355069478&config=2,1557,0,0
1776025941933,1545,config 2 request,200,OK,config 2 2-9,text,false,"The operation lasted too long: It took 1,545 milliseconds, but should not have lasted longer than 775 milliseconds.",231,167,14,42,http://stload.se.ifmo.ru:8080/?token=518477874&user=-1355069478&config=2,1545,0,0
1776025941875,1603,config 2 request,200,OK,config 2 2-8,text,false,"The operation lasted too long: It took 1,603 milliseconds, but should not have lasted longer than 775 milliseconds.",231,167,14,42,http://stload.se.ifmo.ru:8080/?token=518477874&user=-1355069478&config=2,1603,0,0
1776025942115,1428,config 3 request,200,OK,config 3 3-3,text,false,"The operation lasted too long: It took 1,428 milliseconds, but should not have lasted longer than 775 milliseconds.",231,167,14,42,http://stload.se.ifmo.ru:8080/?token=518477874&user=-1355069478&config=3,1428,0,0
1776025941958,1586,config 2 request,200,OK,config 2 2-14,text,false,"The operation lasted too long: It took 1,586 milliseconds, but should not have lasted longer than 775 milliseconds.",231,167,14,42,http://stload.se.ifmo.ru:8080/?token=518477874&user=-1355069478&config=2,1586,0,0
1776025942145,1399,config 3 request,200,OK,config 3 3-6,text,false,"The operation lasted too long: It took 1,399 milliseconds, but should not have lasted longer than 775 milliseconds.",231,167,14,42,http://stload.se.ifmo.ru:8080/?token=518477874&user=-1355069478&config=3,1399,0,0
1776025941995,1585,config 2 request,200,OK,config 2 2-7,text,false,"The operation lasted too long: It took 1,585 milliseconds, but should not have lasted longer than 775 milliseconds.",231,167,14,42,http://stload.se.ifmo.ru:8080/?token=518477874&user=-1355069478&config=2,1585,0,0
1776025942174,1406,config 3 request,200,OK,config 3 3-12,text,false,"The operation lasted too long: It took 1,406 milliseconds, but should not have lasted longer than 775 milliseconds.",231,167,14,42,http://stload.se.ifmo.ru:8080/?token=518477874&user=-1355069478&config=3,1406,0,0
1776025941996,1584,config 2 request,200,OK,config 2 2-12,text,false,"The operation lasted too long: It took 1,584 milliseconds, but should not have lasted longer than 775 milliseconds.",231,167,14,42,http://stload.se.ifmo.ru:8080/?token=518477874&user=-1355069478&config=2,1584,0,0
1776025942279,1394,config 3 request,200,OK,config 3 3-8,text,false,"The operation lasted too long: It took 1,394 milliseconds, but should not have lasted longer than 775 milliseconds.",231,167,14,42,http://stload.se.ifmo.ru:8080/?token=518477874&user=-1355069478&config=3,1394,0,0
1776025942406,1267,config 3 request,200,OK,config 3 3-5,text,false,"The operation lasted too long: It took 1,267 milliseconds, but should not have lasted longer than 775 milliseconds.",231,167,14,42,http://stload.se.ifmo.ru:8080/?token=518477874&user=-1355069478&config=3,1267,0,0
1776025942456,1330,config 3 request,200,OK,config 3 3-2,text,false,"The operation lasted too long: It took 1,330 milliseconds, but should not have lasted longer than 775 milliseconds.",231,167,14,42,http://stload.se.ifmo.ru:8080/?token=518477874&user=-1355069478&config=3,1330,0,0
1776025942456,1473,config 2 request,200,OK,config 2 2-2,text,false,"The operation lasted too long: It took 1,473 milliseconds, but should not have lasted longer than 775 milliseconds.",231,167,14,42,http://stload.se.ifmo.ru:8080/?token=518477874&user=-1355069478&config=2,1473,0,0
1776025942679,1250,config 3 request,200,OK,config 3 3-14,text,false,"The operation lasted too long: It took 1,250 milliseconds, but should not have lasted longer than 775 milliseconds.",231,167,14,42,http://stload.se.ifmo.ru:8080/?token=518477874&user=-1355069478&config=3,1250,0,0
1776025942556,1373,config 3 request,200,OK,config 3 3-11,text,false,"The operation lasted too long: It took 1,373 milliseconds, but should not have lasted longer than 775 milliseconds.",231,167,14,42,http://stload.se.ifmo.ru:8080/?token=518477874&user=-1355069478&config=3,1373,0,0
1776025942456,1474,config 2 request,200,OK,config 2 2-4,text,false,"The operation lasted too long: It took 1,474 milliseconds, but should not have lasted longer than 775 milliseconds.",231,167,14,42,http://stload.se.ifmo.ru:8080/?token=518477874&user=-1355069478&config=2,1474,0,0
1776025943027,1241,config 3 request,200,OK,config 3 3-1,text,false,"The operation lasted too long: It took 1,241 milliseconds, but should not have lasted longer than 775 milliseconds.",231,167,14,42,http://stload.se.ifmo.ru:8080/?token=518477874&user=-1355069478&config=3,1241,0,0
1776025942834,1434,config 3 request,200,OK,config 3 3-7,text,false,"The operation lasted too long: It took 1,434 milliseconds, but should not have lasted longer than 775 milliseconds.",231,167,14,42,http://stload.se.ifmo.ru:8080/?token=518477874&user=-1355069478&config=3,1434,0,0
1776025943017,1252,config 3 request,200,OK,config 3 3-13,text,false,"The operation lasted too long: It took 1,252 milliseconds, but should not have lasted longer than 775 milliseconds.",231,167,14,42,http://stload.se.ifmo.ru:8080/?token=518477874&user=-1355069478&config=3,1252,0,0
1776025943047,1464,config 3 request,200,OK,config 3 3-10,text,false,"The operation lasted too long: It took 1,464 milliseconds, but should not have lasted longer than 775 milliseconds.",231,167,14,42,http://stload.se.ifmo.ru:8080/?token=518477874&user=-1355069478&config=3,1464,0,0
1776025943017,1494,config 2 request,200,OK,config 2 2-5,text,false,"The operation lasted too long: It took 1,494 milliseconds, but should not have lasted longer than 775 milliseconds.",231,167,14,42,http://stload.se.ifmo.ru:8080/?token=518477874&user=-1355069478&config=2,1494,0,0
1776025943017,1495,config 3 request,200,OK,config 3 3-4,text,false,"The operation lasted too long: It took 1,495 milliseconds, but should not have lasted longer than 775 milliseconds.",231,167,14,42,http://stload.se.ifmo.ru:8080/?token=518477874&user=-1355069478&config=3,1495,0,0
1776025943288,1270,config 3 request,200,OK,config 3 3-9,text,false,"The operation lasted too long: It took 1,270 milliseconds, but should not have lasted longer than 775 milliseconds.",231,167,14,42,http://stload.se.ifmo.ru:8080/?token=518477874&user=-1355069478&config=3,1270,0,0
1776025943017,1597,config 2 request,200,OK,config 2 2-13,text,false,"The operation lasted too long: It took 1,597 milliseconds, but should not have lasted longer than 775 milliseconds.",231,167,14,42,http://stload.se.ifmo.ru:8080/?token=518477874&user=-1355069478&config=2,1597,0,0
1776025943135,1492,config 2 request,200,OK,config 2 2-3,text,false,"The operation lasted too long: It took 1,492 milliseconds, but should not have lasted longer than 775 milliseconds.",231,167,14,42,http://stload.se.ifmo.ru:8080/?token=518477874&user=-1355069478&config=2,1492,0,0
1776025943135,1496,config 2 request,200,OK,config 2 2-1,text,false,"The operation lasted too long: It took 1,496 milliseconds, but should not have lasted longer than 775 milliseconds.",231,167,14,42,http://stload.se.ifmo.ru:8080/?token=518477874&user=-1355069478&config=2,1496,0,0
1776025943180,1485,config 2 request,200,OK,config 2 2-11,text,false,"The operation lasted too long: It took 1,485 milliseconds, but should not have lasted longer than 775 milliseconds.",231,167,14,42,http://stload.se.ifmo.ru:8080/?token=518477874&user=-1355069478&config=2,1485,0,0
1776025943256,1459,config 2 request,200,OK,config 2 2-6,text,false,"The operation lasted too long: It took 1,459 milliseconds, but should not have lasted longer than 775 milliseconds.",231,167,14,42,http://stload.se.ifmo.ru:8080/?token=518477874&user=-1355069478&config=2,1459,0,0
1776025943617,1275,config 3 request,200,OK,config 3 3-3,text,false,"The operation lasted too long: It took 1,275 milliseconds, but should not have lasted longer than 775 milliseconds.",231,167,14,42,http://stload.se.ifmo.ru:8080/?token=518477874&user=-1355069478&config=3,1275,0,0
1776025943478,1478,config 2 request,200,OK,config 2 2-10,text,false,"The operation lasted too long: It took 1,478 milliseconds, but should not have lasted longer than 775 milliseconds.",231,167,14,42,http://stload.se.ifmo.ru:8080/?token=518477874&user=-1355069478&config=2,1478,0,0
1776025943478,1478,config 2 request,200,OK,config 2 2-9,text,false,"The operation lasted too long: It took 1,478 milliseconds, but should not have lasted longer than 775 milliseconds.",231,167,14,42,http://stload.se.ifmo.ru:8080/?token=518477874&user=-1355069478&config=2,1478,0,0
1776025943650,1307,config 3 request,200,OK,config 3 3-6,text,false,"The operation lasted too long: It took 1,307 milliseconds, but should not have lasted longer than 775 milliseconds.",231,167,14,42,http://stload.se.ifmo.ru:8080/?token=518477874&user=-1355069478&config=3,1307,0,0
1776025943479,1478,config 2 request,200,OK,config 2 2-8,text,false,"The operation lasted too long: It took 1,478 milliseconds, but should not have lasted longer than 775 milliseconds.",231,167,14,42,http://stload.se.ifmo.ru:8080/?token=518477874&user=-1355069478&config=2,1477,0,0
1776025943544,1430,config 2 request,200,OK,config 2 2-14,text,false,"The operation lasted too long: It took 1,430 milliseconds, but should not have lasted longer than 775 milliseconds.",231,167,14,42,http://stload.se.ifmo.ru:8080/?token=518477874&user=-1355069478&config=2,1430,0,0
1776025943673,1301,config 3 request,200,OK,config 3 3-12,text,false,"The operation lasted too long: It took 1,301 milliseconds, but should not have lasted longer than 775 milliseconds.",231,167,14,42,http://stload.se.ifmo.ru:8080/?token=518477874&user=-1355069478&config=3,1301,0,0
1776025943581,1912,config 2 request,200,OK,config 2 2-7,text,false,"The operation lasted too long: It took 1,912 milliseconds, but should not have lasted longer than 775 milliseconds.",231,167,14,42,http://stload.se.ifmo.ru:8080/?token=518477874&user=-1355069478&config=2,1912,0,0
1776025943581,1911,config 2 request,200,OK,config 2 2-12,text,false,"The operation lasted too long: It took 1,911 milliseconds, but should not have lasted longer than 775 milliseconds.",231,167,14,42,http://stload.se.ifmo.ru:8080/?token=518477874&user=-1355069478&config=2,1911,0,0
1776025943779,1773,config 3 request,200,OK,config 3 3-8,text,false,"The operation lasted too long: It took 1,773 milliseconds, but should not have lasted longer than 775 milliseconds.",231,167,14,42,http://stload.se.ifmo.ru:8080/?token=518477874&user=-1355069478&config=3,1773,0,0
1776025943902,1665,config 3 request,200,OK,config 3 3-5,text,false,"The operation lasted too long: It took 1,665 milliseconds, but should not have lasted longer than 775 milliseconds.",231,167,14,42,http://stload.se.ifmo.ru:8080/?token=518477874&user=-1355069478&config=3,1665,0,0
1776025943961,1607,config 3 request,200,OK,config 3 3-2,text,false,"The operation lasted too long: It took 1,607 milliseconds, but should not have lasted longer than 775 milliseconds.",231,167,14,42,http://stload.se.ifmo.ru:8080/?token=518477874&user=-1355069478&config=3,1607,0,0
1776025944059,1536,config 3 request,200,OK,config 3 3-11,text,false,"The operation lasted too long: It took 1,536 milliseconds, but should not have lasted longer than 775 milliseconds.",231,167,14,42,http://stload.se.ifmo.ru:8080/?token=518477874&user=-1355069478&config=3,1536,0,0
1776025944184,1411,config 3 request,200,OK,config 3 3-14,text,false,"The operation lasted too long: It took 1,411 milliseconds, but should not have lasted longer than 775 milliseconds.",231,167,14,42,http://stload.se.ifmo.ru:8080/?token=518477874&user=-1355069478&config=3,1411,0,0
1776025943960,1663,config 2 request,200,OK,config 2 2-4,text,false,"The operation lasted too long: It took 1,663 milliseconds, but should not have lasted longer than 775 milliseconds.",231,167,14,42,http://stload.se.ifmo.ru:8080/?token=518477874&user=-1355069478&config=2,1663,0,0
1776025943961,1662,config 2 request,200,OK,config 2 2-2,text,false,"The operation lasted too long: It took 1,662 milliseconds, but should not have lasted longer than 775 milliseconds.",231,167,14,42,http://stload.se.ifmo.ru:8080/?token=518477874&user=-1355069478&config=2,1662,0,0
1776025944515,1136,config 3 request,200,OK,config 3 3-13,text,false,"The operation lasted too long: It took 1,136 milliseconds, but should not have lasted longer than 775 milliseconds.",231,167,14,42,http://stload.se.ifmo.ru:8080/?token=518477874&user=-1355069478&config=3,1136,0,0
1776025944335,1316,config 3 request,200,OK,config 3 3-7,text,false,"The operation lasted too long: It took 1,316 milliseconds, but should not have lasted longer than 775 milliseconds.",231,167,14,42,http://stload.se.ifmo.ru:8080/?token=518477874&user=-1355069478&config=3,1316,0,0
1776025944542,1160,config 3 request,200,OK,config 3 3-10,text,false,"The operation lasted too long: It took 1,160 milliseconds, but should not have lasted longer than 775 milliseconds.",231,167,14,42,http://stload.se.ifmo.ru:8080/?token=518477874&user=-1355069478&config=3,1160,0,0
1776025944526,1176,config 3 request,200,OK,config 3 3-1,text,false,"The operation lasted too long: It took 1,176 milliseconds, but should not have lasted longer than 775 milliseconds.",231,167,14,42,http://stload.se.ifmo.ru:8080/?token=518477874&user=-1355069478&config=3,1176,0,0
1776025944513,1190,config 3 request,200,OK,config 3 3-4,text,false,"The operation lasted too long: It took 1,190 milliseconds, but should not have lasted longer than 775 milliseconds.",231,167,14,42,http://stload.se.ifmo.ru:8080/?token=518477874&user=-1355069478&config=3,1190,0,0
1776025944513,1293,config 2 request,200,OK,config 2 2-5,text,false,"The operation lasted too long: It took 1,293 milliseconds, but should not have lasted longer than 775 milliseconds.",231,167,14,42,http://stload.se.ifmo.ru:8080/?token=518477874&user=-1355069478&config=2,1293,0,0
1776025944614,1364,config 2 request,200,OK,config 2 2-13,text,false,"The operation lasted too long: It took 1,364 milliseconds, but should not have lasted longer than 775 milliseconds.",231,167,14,42,http://stload.se.ifmo.ru:8080/?token=518477874&user=-1355069478&config=2,1364,0,0
1776025944789,1189,config 3 request,200,OK,config 3 3-9,text,false,"The operation lasted too long: It took 1,189 milliseconds, but should not have lasted longer than 775 milliseconds.",231,167,14,42,http://stload.se.ifmo.ru:8080/?token=518477874&user=-1355069478&config=3,1189,0,0
1776025944634,1542,config 2 request,200,OK,config 2 2-1,text,false,"The operation lasted too long: It took 1,542 milliseconds, but should not have lasted longer than 775 milliseconds.",231,167,14,42,http://stload.se.ifmo.ru:8080/?token=518477874&user=-1355069478&config=2,1542,0,0
1776025944634,1542,config 2 request,200,OK,config 2 2-3,text,false,"The operation lasted too long: It took 1,542 milliseconds, but should not have lasted longer than 775 milliseconds.",231,167,14,42,http://stload.se.ifmo.ru:8080/?token=518477874&user=-1355069478&config=2,1542,0,0
1776025944677,1500,config 2 request,200,OK,config 2 2-11,text,false,"The operation lasted too long: It took 1,500 milliseconds, but should not have lasted longer than 775 milliseconds.",231,167,14,42,http://stload.se.ifmo.ru:8080/?token=518477874&user=-1355069478&config=2,1500,0,0
1776025944753,1464,config 2 request,200,OK,config 2 2-6,text,false,"The operation lasted too long: It took 1,464 milliseconds, but should not have lasted longer than 775 milliseconds.",231,167,14,42,http://stload.se.ifmo.ru:8080/?token=518477874&user=-1355069478&config=2,1464,0,0
1776025945117,1163,config 3 request,200,OK,config 3 3-3,text,false,"The operation lasted too long: It took 1,163 milliseconds, but should not have lasted longer than 775 milliseconds.",231,167,14,42,http://stload.se.ifmo.ru:8080/?token=518477874&user=-1355069478&config=3,1163,0,0
1776025944980,1461,config 2 request,200,OK,config 2 2-8,text,false,"The operation lasted too long: It took 1,461 milliseconds, but should not have lasted longer than 775 milliseconds.",231,167,14,42,http://stload.se.ifmo.ru:8080/?token=518477874&user=-1355069478&config=2,1461,0,0
1776025944980,1478,config 2 request,200,OK,config 2 2-10,text,false,"The operation lasted too long: It took 1,478 milliseconds, but should not have lasted longer than 775 milliseconds.",231,167,14,42,http://stload.se.ifmo.ru:8080/?token=518477874&user=-1355069478&config=2,1478,0,0
1776025944982,1476,config 2 request,200,OK,config 2 2-9,text,false,"The operation lasted too long: It took 1,476 milliseconds, but should not have lasted longer than 775 milliseconds.",231,167,14,42,http://stload.se.ifmo.ru:8080/?token=518477874&user=-1355069478&config=2,1476,0,0
1776025945149,1309,config 3 request,200,OK,config 3 3-6,text,false,"The operation lasted too long: It took 1,309 milliseconds, but should not have lasted longer than 775 milliseconds.",231,167,14,42,http://stload.se.ifmo.ru:8080/?token=518477874&user=-1355069478&config=3,1309,0,0
1776025945173,1326,config 3 request,200,OK,config 3 3-12,text,false,"The operation lasted too long: It took 1,326 milliseconds, but should not have lasted longer than 775 milliseconds.",231,167,14,42,http://stload.se.ifmo.ru:8080/?token=518477874&user=-1355069478&config=3,1326,0,0
1776025945046,1453,config 2 request,200,OK,config 2 2-14,text,false,"The operation lasted too long: It took 1,453 milliseconds, but should not have lasted longer than 775 milliseconds.",231,167,14,42,http://stload.se.ifmo.ru:8080/?token=518477874&user=-1355069478&config=2,1453,0,0
1776025945568,1119,config 3 request,200,OK,config 3 3-5,text,false,"The operation lasted too long: It took 1,119 milliseconds, but should not have lasted longer than 775 milliseconds.",231,167,14,42,http://stload.se.ifmo.ru:8080/?token=518477874&user=-1355069478&config=3,1119,0,0
1776025945552,1135,config 3 request,200,OK,config 3 3-8,text,false,"The operation lasted too long: It took 1,135 milliseconds, but should not have lasted longer than 775 milliseconds.",231,167,14,42,http://stload.se.ifmo.ru:8080/?token=518477874&user=-1355069478&config=3,1135,0,0
1776025945568,1368,config 3 request,200,OK,config 3 3-2,text,false,"The operation lasted too long: It took 1,368 milliseconds, but should not have lasted longer than 775 milliseconds.",231,167,14,42,http://stload.se.ifmo.ru:8080/?token=518477874&user=-1355069478&config=3,1368,0,0
1776025945493,1537,config 2 request,200,OK,config 2 2-12,text,false,"The operation lasted too long: It took 1,537 milliseconds, but should not have lasted longer than 775 milliseconds.",231,167,14,42,http://stload.se.ifmo.ru:8080/?token=518477874&user=-1355069478&config=2,1537,0,0
1776025945595,1435,config 3 request,200,OK,config 3 3-11,text,false,"The operation lasted too long: It took 1,435 milliseconds, but should not have lasted longer than 775 milliseconds.",231,167,14,42,http://stload.se.ifmo.ru:8080/?token=518477874&user=-1355069478&config=3,1435,0,0
1776025945493,1537,config 2 request,200,OK,config 2 2-7,text,false,"The operation lasted too long: It took 1,537 milliseconds, but should not have lasted longer than 775 milliseconds.",231,167,14,42,http://stload.se.ifmo.ru:8080/?token=518477874&user=-1355069478&config=2,1537,0,0
1776025945623,1414,config 2 request,200,OK,config 2 2-2,text,false,"The operation lasted too long: It took 1,414 milliseconds, but should not have lasted longer than 775 milliseconds.",231,167,14,42,http://stload.se.ifmo.ru:8080/?token=518477874&user=-1355069478&config=2,1414,0,0
1776025945684,1476,config 3 request,200,OK,config 3 3-14,text,false,"The operation lasted too long: It took 1,476 milliseconds, but should not have lasted longer than 775 milliseconds.",231,167,14,42,http://stload.se.ifmo.ru:8080/?token=518477874&user=-1355069478&config=3,1476,0,0
1776025945836,1351,config 3 request,200,OK,config 3 3-7,text,false,"The operation lasted too long: It took 1,351 milliseconds, but should not have lasted longer than 775 milliseconds.",231,167,14,42,http://stload.se.ifmo.ru:8080/?token=518477874&user=-1355069478&config=3,1351,0,0
1776025946045,1142,config 3 request,200,OK,config 3 3-10,text,false,"The operation lasted too long: It took 1,142 milliseconds, but should not have lasted longer than 775 milliseconds.",231,167,14,42,http://stload.se.ifmo.ru:8080/?token=518477874&user=-1355069478&config=3,1142,0,0
1776025945623,1564,config 2 request,200,OK,config 2 2-4,text,false,"The operation lasted too long: It took 1,564 milliseconds, but should not have lasted longer than 775 milliseconds.",231,167,14,42,http://stload.se.ifmo.ru:8080/?token=518477874&user=-1355069478&config=2,1564,0,0
1776025946029,1189,config 3 request,200,OK,config 3 3-1,text,false,"The operation lasted too long: It took 1,189 milliseconds, but should not have lasted longer than 775 milliseconds.",231,167,14,42,http://stload.se.ifmo.ru:8080/?token=518477874&user=-1355069478&config=3,1189,0,0
1776025946017,1361,config 3 request,200,OK,config 3 3-4,text,false,"The operation lasted too long: It took 1,361 milliseconds, but should not have lasted longer than 775 milliseconds.",231,167,14,42,http://stload.se.ifmo.ru:8080/?token=518477874&user=-1355069478&config=3,1361,0,0
1776025946017,1361,config 3 request,200,OK,config 3 3-13,text,false,"The operation lasted too long: It took 1,361 milliseconds, but should not have lasted longer than 775 milliseconds.",231,167,14,42,http://stload.se.ifmo.ru:8080/?token=518477874&user=-1355069478&config=3,1361,0,0
1776025946288,1231,config 3 request,200,OK,config 3 3-9,text,false,"The operation lasted too long: It took 1,231 milliseconds, but should not have lasted longer than 775 milliseconds.",231,167,14,42,http://stload.se.ifmo.ru:8080/?token=518477874&user=-1355069478&config=3,1231,0,0
1776025946014,1505,config 2 request,200,OK,config 2 2-5,text,false,"The operation lasted too long: It took 1,505 milliseconds, but should not have lasted longer than 775 milliseconds.",231,167,14,42,http://stload.se.ifmo.ru:8080/?token=518477874&user=-1355069478&config=2,1505,0,0
1776025946116,1403,config 2 request,200,OK,config 2 2-13,text,false,"The operation lasted too long: It took 1,403 milliseconds, but should not have lasted longer than 775 milliseconds.",231,167,14,42,http://stload.se.ifmo.ru:8080/?token=518477874&user=-1355069478&config=2,1403,0,0
1776025946177,1438,config 2 request,200,OK,config 2 2-3,text,false,"The operation lasted too long: It took 1,438 milliseconds, but should not have lasted longer than 775 milliseconds.",231,167,14,42,http://stload.se.ifmo.ru:8080/?token=518477874&user=-1355069478&config=2,1438,0,0
1776025946177,1438,config 2 request,200,OK,config 2 2-11,text,false,"The operation lasted too long: It took 1,438 milliseconds, but should not have lasted longer than 775 milliseconds.",231,167,14,42,http://stload.se.ifmo.ru:8080/?token=518477874&user=-1355069478&config=2,1438,0,0
1776025946177,1438,config 2 request,200,OK,config 2 2-1,text,false,"The operation lasted too long: It took 1,438 milliseconds, but should not have lasted longer than 775 milliseconds.",231,167,14,42,http://stload.se.ifmo.ru:8080/?token=518477874&user=-1355069478&config=2,1438,0,0
1776025946255,1394,config 2 request,200,OK,config 2 2-6,text,false,"The operation lasted too long: It took 1,394 milliseconds, but should not have lasted longer than 775 milliseconds.",231,167,14,42,http://stload.se.ifmo.ru:8080/?token=518477874&user=-1355069478&config=2,1394,0,0
1776025946483,1445,config 2 request,200,OK,config 2 2-8,text,false,"The operation lasted too long: It took 1,445 milliseconds, but should not have lasted longer than 775 milliseconds.",231,167,14,42,http://stload.se.ifmo.ru:8080/?token=518477874&user=-1355069478&config=2,1445,0,0
1776025946483,1632,config 2 request,200,OK,config 2 2-10,text,false,"The operation lasted too long: It took 1,632 milliseconds, but should not have lasted longer than 775 milliseconds.",231,167,14,42,http://stload.se.ifmo.ru:8080/?token=518477874&user=-1355069478&config=2,1632,0,0
1776025946617,1498,config 3 request,200,OK,config 3 3-3,text,false,"The operation lasted too long: It took 1,498 milliseconds, but should not have lasted longer than 775 milliseconds.",231,167,14,42,http://stload.se.ifmo.ru:8080/?token=518477874&user=-1355069478&config=3,1498,0,0
1776025946483,1632,config 2 request,200,OK,config 2 2-9,text,false,"The operation lasted too long: It took 1,632 milliseconds, but should not have lasted longer than 775 milliseconds.",231,167,14,42,http://stload.se.ifmo.ru:8080/?token=518477874&user=-1355069478&config=2,1632,0,0
1776025946674,1441,config 3 request,200,OK,config 3 3-12,text,false,"The operation lasted too long: It took 1,441 milliseconds, but should not have lasted longer than 775 milliseconds.",231,167,14,42,http://stload.se.ifmo.ru:8080/?token=518477874&user=-1355069478&config=3,1441,0,0
1776025946649,1526,config 3 request,200,OK,config 3 3-6,text,false,"The operation lasted too long: It took 1,526 milliseconds, but should not have lasted longer than 775 milliseconds.",231,167,14,42,http://stload.se.ifmo.ru:8080/?token=518477874&user=-1355069478&config=3,1526,0,0
1776025946549,1626,config 2 request,200,OK,config 2 2-14,text,false,"The operation lasted too long: It took 1,626 milliseconds, but should not have lasted longer than 775 milliseconds.",231,167,14,42,http://stload.se.ifmo.ru:8080/?token=518477874&user=-1355069478&config=2,1626,0,0
1776025947057,1134,config 3 request,200,OK,config 3 3-8,text,false,"The operation lasted too long: It took 1,134 milliseconds, but should not have lasted longer than 775 milliseconds.",231,167,14,42,http://stload.se.ifmo.ru:8080/?token=518477874&user=-1355069478&config=3,1134,0,0
1776025947071,1120,config 3 request,200,OK,config 3 3-5,text,false,"The operation lasted too long: It took 1,120 milliseconds, but should not have lasted longer than 775 milliseconds.",231,167,14,42,http://stload.se.ifmo.ru:8080/?token=518477874&user=-1355069478&config=3,1120,0,0
1776025947070,1121,config 3 request,200,OK,config 3 3-2,text,false,"The operation lasted too long: It took 1,121 milliseconds, but should not have lasted longer than 775 milliseconds.",231,167,14,42,http://stload.se.ifmo.ru:8080/?token=518477874&user=-1355069478&config=3,1121,0,0
1776025947099,1133,config 3 request,200,OK,config 3 3-11,text,false,"The operation lasted too long: It took 1,133 milliseconds, but should not have lasted longer than 775 milliseconds.",231,167,14,42,http://stload.se.ifmo.ru:8080/?token=518477874&user=-1355069478&config=3,1133,0,0
1776025947180,1272,config 3 request,200,OK,config 3 3-14,text,false,"The operation lasted too long: It took 1,272 milliseconds, but should not have lasted longer than 775 milliseconds.",231,167,14,42,http://stload.se.ifmo.ru:8080/?token=518477874&user=-1355069478&config=3,1272,0,0
1776025947038,1414,config 2 request,200,OK,config 2 2-12,text,false,"The operation lasted too long: It took 1,414 milliseconds, but should not have lasted longer than 775 milliseconds.",231,167,14,42,http://stload.se.ifmo.ru:8080/?token=518477874&user=-1355069478&config=2,1414,0,0
1776025947038,1468,config 2 request,200,OK,config 2 2-7,text,false,"The operation lasted too long: It took 1,468 milliseconds, but should not have lasted longer than 775 milliseconds.",231,167,14,42,http://stload.se.ifmo.ru:8080/?token=518477874&user=-1355069478&config=2,1468,0,0
1776025947126,1380,config 2 request,200,OK,config 2 2-2,text,false,"The operation lasted too long: It took 1,380 milliseconds, but should not have lasted longer than 775 milliseconds.",231,167,14,42,http://stload.se.ifmo.ru:8080/?token=518477874&user=-1355069478&config=2,1380,0,0
1776025947338,1168,config 3 request,200,OK,config 3 3-7,text,false,"The operation lasted too long: It took 1,168 milliseconds, but should not have lasted longer than 775 milliseconds.",231,167,14,42,http://stload.se.ifmo.ru:8080/?token=518477874&user=-1355069478&config=3,1168,0,0
1776025947518,1087,config 3 request,200,OK,config 3 3-4,text,false,"The operation lasted too long: It took 1,087 milliseconds, but should not have lasted longer than 775 milliseconds.",231,167,14,42,http://stload.se.ifmo.ru:8080/?token=518477874&user=-1355069478&config=3,1087,0,0
1776025947518,1087,config 3 request,200,OK,config 3 3-13,text,false,"The operation lasted too long: It took 1,087 milliseconds, but should not have lasted longer than 775 milliseconds.",231,167,14,42,http://stload.se.ifmo.ru:8080/?token=518477874&user=-1355069478&config=3,1087,0,0
1776025947546,1110,config 3 request,200,OK,config 3 3-10,text,false,"The operation lasted too long: It took 1,110 milliseconds, but should not have lasted longer than 775 milliseconds.",231,167,14,42,http://stload.se.ifmo.ru:8080/?token=518477874&user=-1355069478&config=3,1110,0,0
1776025947526,1130,config 3 request,200,OK,config 3 3-1,text,false,"The operation lasted too long: It took 1,130 milliseconds, but should not have lasted longer than 775 milliseconds.",231,167,14,42,http://stload.se.ifmo.ru:8080/?token=518477874&user=-1355069478&config=3,1130,0,0
1776025947187,1469,config 2 request,200,OK,config 2 2-4,text,false,"The operation lasted too long: It took 1,469 milliseconds, but should not have lasted longer than 775 milliseconds.",231,167,14,42,http://stload.se.ifmo.ru:8080/?token=518477874&user=-1355069478&config=2,1469,0,0
1776025947615,1595,config 2 request,200,OK,config 2 2-13,text,false,"The operation lasted too long: It took 1,595 milliseconds, but should not have lasted longer than 775 milliseconds.",231,167,14,42,http://stload.se.ifmo.ru:8080/?token=518477874&user=-1355069478&config=2,1595,0,0
1776025947520,1690,config 2 request,200,OK,config 2 2-5,text,false,"The operation lasted too long: It took 1,690 milliseconds, but should not have lasted longer than 775 milliseconds.",231,167,14,42,http://stload.se.ifmo.ru:8080/?token=518477874&user=-1355069478&config=2,1690,0,0
1776025947785,1425,config 3 request,200,OK,config 3 3-9,text,false,"The operation lasted too long: It took 1,425 milliseconds, but should not have lasted longer than 775 milliseconds.",231,167,14,42,http://stload.se.ifmo.ru:8080/?token=518477874&user=-1355069478&config=3,1425,0,0
1776025947681,1541,config 2 request,200,OK,config 2 2-1,text,false,"The operation lasted too long: It took 1,541 milliseconds, but should not have lasted longer than 775 milliseconds.",231,167,14,42,http://stload.se.ifmo.ru:8080/?token=518477874&user=-1355069478&config=2,1541,0,0
1776025947681,1541,config 2 request,200,OK,config 2 2-3,text,false,"The operation lasted too long: It took 1,541 milliseconds, but should not have lasted longer than 775 milliseconds.",231,167,14,42,http://stload.se.ifmo.ru:8080/?token=518477874&user=-1355069478&config=2,1541,0,0
1776025947681,1541,config 2 request,200,OK,config 2 2-11,text,false,"The operation lasted too long: It took 1,541 milliseconds, but should not have lasted longer than 775 milliseconds.",231,167,14,42,http://stload.se.ifmo.ru:8080/?token=518477874&user=-1355069478&config=2,1541,0,0
1776025948173,1087,config 3 request,200,OK,config 3 3-12,text,false,"The operation lasted too long: It took 1,087 milliseconds, but should not have lasted longer than 775 milliseconds.",231,167,14,42,http://stload.se.ifmo.ru:8080/?token=518477874&user=-1355069478&config=3,1087,0,0
1776025948115,1145,config 3 request,200,OK,config 3 3-3,text,false,"The operation lasted too long: It took 1,145 milliseconds, but should not have lasted longer than 775 milliseconds.",231,167,14,42,http://stload.se.ifmo.ru:8080/?token=518477874&user=-1355069478&config=3,1145,0,0
1776025948175,1135,config 3 request,200,OK,config 3 3-6,text,false,"The operation lasted too long: It took 1,135 milliseconds, but should not have lasted longer than 775 milliseconds.",231,167,14,42,http://stload.se.ifmo.ru:8080/?token=518477874&user=-1355069478&config=3,1135,0,0
1776025947757,1553,config 2 request,200,OK,config 2 2-6,text,false,"The operation lasted too long: It took 1,553 milliseconds, but should not have lasted longer than 775 milliseconds.",231,167,14,42,http://stload.se.ifmo.ru:8080/?token=518477874&user=-1355069478&config=2,1553,0,0
1776025947982,1415,config 2 request,200,OK,config 2 2-8,text,false,"The operation lasted too long: It took 1,415 milliseconds, but should not have lasted longer than 775 milliseconds.",231,167,14,42,http://stload.se.ifmo.ru:8080/?token=518477874&user=-1355069478&config=2,1415,0,0
1776025948115,1423,config 2 request,200,OK,config 2 2-9,text,false,"The operation lasted too long: It took 1,423 milliseconds, but should not have lasted longer than 775 milliseconds.",231,167,14,42,http://stload.se.ifmo.ru:8080/?token=518477874&user=-1355069478&config=2,1423,0,0
1776025948115,1423,config 2 request,200,OK,config 2 2-10,text,false,"The operation lasted too long: It took 1,423 milliseconds, but should not have lasted longer than 775 milliseconds.",231,167,14,42,http://stload.se.ifmo.ru:8080/?token=518477874&user=-1355069478&config=2,1423,0,0
1776025948599,1140,config 3 request,200,OK,config 3 3-11,text,false,"The operation lasted too long: It took 1,140 milliseconds, but should not have lasted longer than 775 milliseconds.",231,167,14,42,http://stload.se.ifmo.ru:8080/?token=518477874&user=-1355069478&config=3,1140,0,0
1776025948556,1183,config 3 request,200,OK,config 3 3-8,text,false,"The operation lasted too long: It took 1,183 milliseconds, but should not have lasted longer than 775 milliseconds.",231,167,14,42,http://stload.se.ifmo.ru:8080/?token=518477874&user=-1355069478&config=3,1183,0,0
1776025948175,1564,config 2 request,200,OK,config 2 2-14,text,false,"The operation lasted too long: It took 1,564 milliseconds, but should not have lasted longer than 775 milliseconds.",231,167,14,42,http://stload.se.ifmo.ru:8080/?token=518477874&user=-1355069478&config=2,1564,0,0
1776025948542,1626,config 2 request,200,OK,config 2 2-7,text,false,"The operation lasted too long: It took 1,626 milliseconds, but should not have lasted longer than 775 milliseconds.",231,167,14,42,http://stload.se.ifmo.ru:8080/?token=518477874&user=-1355069478&config=2,1626,0,0
1776025948539,1629,config 2 request,200,OK,config 2 2-12,text,false,"The operation lasted too long: It took 1,629 milliseconds, but should not have lasted longer than 775 milliseconds.",231,167,14,42,http://stload.se.ifmo.ru:8080/?token=518477874&user=-1355069478&config=2,1629,0,0
1776025948570,1620,config 3 request,200,OK,config 3 3-2,text,false,"The operation lasted too long: It took 1,620 milliseconds, but should not have lasted longer than 775 milliseconds.",231,167,14,42,http://stload.se.ifmo.ru:8080/?token=518477874&user=-1355069478&config=3,1620,0,0
1776025948568,1654,config 3 request,200,OK,config 3 3-5,text,false,"The operation lasted too long: It took 1,654 milliseconds, but should not have lasted longer than 775 milliseconds.",231,167,14,42,http://stload.se.ifmo.ru:8080/?token=518477874&user=-1355069478&config=3,1654,0,0
1776025948683,1539,config 3 request,200,OK,config 3 3-14,text,false,"The operation lasted too long: It took 1,539 milliseconds, but should not have lasted longer than 775 milliseconds.",231,167,14,42,http://stload.se.ifmo.ru:8080/?token=518477874&user=-1355069478&config=3,1539,0,0
1776025949015,1207,config 3 request,200,OK,config 3 3-4,text,false,"The operation lasted too long: It took 1,207 milliseconds, but should not have lasted longer than 775 milliseconds.",231,167,14,42,http://stload.se.ifmo.ru:8080/?token=518477874&user=-1355069478&config=3,1207,0,0
1776025948835,1387,config 3 request,200,OK,config 3 3-7,text,false,"The operation lasted too long: It took 1,387 milliseconds, but should not have lasted longer than 775 milliseconds.",231,167,14,42,http://stload.se.ifmo.ru:8080/?token=518477874&user=-1355069478&config=3,1387,0,0
1776025949017,1217,config 3 request,200,OK,config 3 3-13,text,false,"The operation lasted too long: It took 1,217 milliseconds, but should not have lasted longer than 775 milliseconds.",231,167,14,42,http://stload.se.ifmo.ru:8080/?token=518477874&user=-1355069478&config=3,1217,0,0
1776025949045,1189,config 3 request,200,OK,config 3 3-10,text,false,"The operation lasted too long: It took 1,189 milliseconds, but should not have lasted longer than 775 milliseconds.",231,167,14,42,http://stload.se.ifmo.ru:8080/?token=518477874&user=-1355069478&config=3,1189,0,0
1776025949027,1207,config 3 request,200,OK,config 3 3-1,text,false,"The operation lasted too long: It took 1,207 milliseconds, but should not have lasted longer than 775 milliseconds.",231,167,14,42,http://stload.se.ifmo.ru:8080/?token=518477874&user=-1355069478&config=3,1207,0,0
1776025948628,1755,config 2 request,200,OK,config 2 2-2,text,false,"The operation lasted too long: It took 1,755 milliseconds, but should not have lasted longer than 775 milliseconds.",231,167,14,42,http://stload.se.ifmo.ru:8080/?token=518477874&user=-1355069478&config=2,1755,0,0
1776025948690,1693,config 2 request,200,OK,config 2 2-4,text,false,"The operation lasted too long: It took 1,693 milliseconds, but should not have lasted longer than 775 milliseconds.",231,167,14,42,http://stload.se.ifmo.ru:8080/?token=518477874&user=-1355069478&config=2,1693,0,0
1776025949210,1377,config 2 request,200,OK,config 2 2-5,text,false,"The operation lasted too long: It took 1,377 milliseconds, but should not have lasted longer than 775 milliseconds.",231,167,14,42,http://stload.se.ifmo.ru:8080/?token=518477874&user=-1355069478&config=2,1377,0,0
1776025949210,1377,config 2 request,200,OK,config 2 2-13,text,false,"The operation lasted too long: It took 1,377 milliseconds, but should not have lasted longer than 775 milliseconds.",231,167,14,42,http://stload.se.ifmo.ru:8080/?token=518477874&user=-1355069478&config=2,1377,0,0
1776025949289,1298,config 3 request,200,OK,config 3 3-9,text,false,"The operation lasted too long: It took 1,298 milliseconds, but should not have lasted longer than 775 milliseconds.",231,167,14,42,http://stload.se.ifmo.ru:8080/?token=518477874&user=-1355069478&config=3,1298,0,0
1776025949222,1656,config 2 request,200,OK,config 2 2-1,text,false,"The operation lasted too long: It took 1,656 milliseconds, but should not have lasted longer than 775 milliseconds.",231,167,14,42,http://stload.se.ifmo.ru:8080/?token=518477874&user=-1355069478&config=2,1656,0,0
1776025949222,1656,config 2 request,200,OK,config 2 2-3,text,false,"The operation lasted too long: It took 1,656 milliseconds, but should not have lasted longer than 775 milliseconds.",231,167,14,42,http://stload.se.ifmo.ru:8080/?token=518477874&user=-1355069478&config=2,1656,0,0
1776025949222,1656,config 2 request,200,OK,config 2 2-11,text,false,"The operation lasted too long: It took 1,656 milliseconds, but should not have lasted longer than 775 milliseconds.",231,167,14,42,http://stload.se.ifmo.ru:8080/?token=518477874&user=-1355069478&config=2,1656,0,0
1776025949310,1568,config 2 request,200,OK,config 2 2-6,text,false,"The operation lasted too long: It took 1,568 milliseconds, but should not have lasted longer than 775 milliseconds.",231,167,14,42,http://stload.se.ifmo.ru:8080/?token=518477874&user=-1355069478&config=2,1568,0,0
1776025949483,1455,config 2 request,200,OK,config 2 2-8,text,false,"The operation lasted too long: It took 1,455 milliseconds, but should not have lasted longer than 775 milliseconds.",231,167,14,42,http://stload.se.ifmo.ru:8080/?token=518477874&user=-1355069478&config=2,1455,0,0
1776025949615,1323,config 3 request,200,OK,config 3 3-3,text,false,"The operation lasted too long: It took 1,323 milliseconds, but should not have lasted longer than 775 milliseconds.",231,167,14,42,http://stload.se.ifmo.ru:8080/?token=518477874&user=-1355069478&config=3,1323,0,0
1776025949674,1277,config 3 request,200,OK,config 3 3-12,text,false,"The operation lasted too long: It took 1,277 milliseconds, but should not have lasted longer than 775 milliseconds.",231,167,14,42,http://stload.se.ifmo.ru:8080/?token=518477874&user=-1355069478&config=3,1277,0,0
1776025949615,1366,config 2 request,200,OK,config 2 2-10,text,false,"The operation lasted too long: It took 1,366 milliseconds, but should not have lasted longer than 775 milliseconds.",231,167,14,42,http://stload.se.ifmo.ru:8080/?token=518477874&user=-1355069478&config=2,1366,0,0
1776025949678,1303,config 3 request,200,OK,config 3 3-6,text,false,"The operation lasted too long: It took 1,303 milliseconds, but should not have lasted longer than 775 milliseconds.",231,167,14,42,http://stload.se.ifmo.ru:8080/?token=518477874&user=-1355069478&config=3,1303,0,0
1776025949615,1549,config 2 request,200,OK,config 2 2-9,text,false,"The operation lasted too long: It took 1,549 milliseconds, but should not have lasted longer than 775 milliseconds.",231,167,14,42,http://stload.se.ifmo.ru:8080/?token=518477874&user=-1355069478&config=2,1549,0,0
1776025950057,1107,config 3 request,200,OK,config 3 3-8,text,false,"The operation lasted too long: It took 1,107 milliseconds, but should not have lasted longer than 775 milliseconds.",231,167,14,42,http://stload.se.ifmo.ru:8080/?token=518477874&user=-1355069478&config=3,1107,0,0
1776025949740,1566,config 2 request,200,OK,config 2 2-14,text,false,"The operation lasted too long: It took 1,566 milliseconds, but should not have lasted longer than 775 milliseconds.",231,167,14,42,http://stload.se.ifmo.ru:8080/?token=518477874&user=-1355069478&config=2,1566,0,0
1776025950190,1116,config 3 request,200,OK,config 3 3-2,text,false,"The operation lasted too long: It took 1,116 milliseconds, but should not have lasted longer than 775 milliseconds.",231,167,14,42,http://stload.se.ifmo.ru:8080/?token=518477874&user=-1355069478&config=3,1116,0,0
1776025950096,1210,config 3 request,200,OK,config 3 3-11,text,false,"The operation lasted too long: It took 1,210 milliseconds, but should not have lasted longer than 775 milliseconds.",231,167,14,42,http://stload.se.ifmo.ru:8080/?token=518477874&user=-1355069478&config=3,1210,0,0
1776025950222,1212,config 3 request,200,OK,config 3 3-5,text,false,"The operation lasted too long: It took 1,212 milliseconds, but should not have lasted longer than 775 milliseconds.",231,167,14,42,http://stload.se.ifmo.ru:8080/?token=518477874&user=-1355069478&config=3,1212,0,0
1776025950223,1283,config 3 request,200,OK,config 3 3-14,text,false,"The operation lasted too long: It took 1,283 milliseconds, but should not have lasted longer than 775 milliseconds.",231,167,14,42,http://stload.se.ifmo.ru:8080/?token=518477874&user=-1355069478&config=3,1283,0,0
1776025950182,1324,config 2 request,200,OK,config 2 2-7,text,false,"The operation lasted too long: It took 1,324 milliseconds, but should not have lasted longer than 775 milliseconds.",231,167,14,42,http://stload.se.ifmo.ru:8080/?token=518477874&user=-1355069478&config=2,1324,0,0
1776025950168,1338,config 2 request,200,OK,config 2 2-12,text,false,"The operation lasted too long: It took 1,338 milliseconds, but should not have lasted longer than 775 milliseconds.",231,167,14,42,http://stload.se.ifmo.ru:8080/?token=518477874&user=-1355069478&config=2,1338,0,0
1776025950334,1172,config 3 request,200,OK,config 3 3-7,text,false,"The operation lasted too long: It took 1,172 milliseconds, but should not have lasted longer than 775 milliseconds.",231,167,14,42,http://stload.se.ifmo.ru:8080/?token=518477874&user=-1355069478&config=3,1172,0,0
1776025950514,1206,config 3 request,200,OK,config 3 3-13,text,false,"The operation lasted too long: It took 1,206 milliseconds, but should not have lasted longer than 775 milliseconds.",231,167,14,42,http://stload.se.ifmo.ru:8080/?token=518477874&user=-1355069478&config=3,1206,0,0
1776025950545,1334,config 3 request,200,OK,config 3 3-10,text,false,"The operation lasted too long: It took 1,334 milliseconds, but should not have lasted longer than 775 milliseconds.",231,167,14,42,http://stload.se.ifmo.ru:8080/?token=518477874&user=-1355069478&config=3,1334,0,0
1776025950383,1496,config 2 request,200,OK,config 2 2-2,text,false,"The operation lasted too long: It took 1,496 milliseconds, but should not have lasted longer than 775 milliseconds.",231,167,14,42,http://stload.se.ifmo.ru:8080/?token=518477874&user=-1355069478&config=2,1496,0,0
1776025950516,1363,config 3 request,200,OK,config 3 3-4,text,false,"The operation lasted too long: It took 1,363 milliseconds, but should not have lasted longer than 775 milliseconds.",231,167,14,42,http://stload.se.ifmo.ru:8080/?token=518477874&user=-1355069478&config=3,1363,0,0
1776025950383,1497,config 2 request,200,OK,config 2 2-4,text,false,"The operation lasted too long: It took 1,497 milliseconds, but should not have lasted longer than 775 milliseconds.",231,167,14,42,http://stload.se.ifmo.ru:8080/?token=518477874&user=-1355069478&config=2,1497,0,0
1776025950526,1354,config 3 request,200,OK,config 3 3-1,text,false,"The operation lasted too long: It took 1,354 milliseconds, but should not have lasted longer than 775 milliseconds.",231,167,14,42,http://stload.se.ifmo.ru:8080/?token=518477874&user=-1355069478&config=3,1354,0,0
1776025950787,1140,config 3 request,200,OK,config 3 3-9,text,false,"The operation lasted too long: It took 1,140 milliseconds, but should not have lasted longer than 775 milliseconds.",231,167,14,42,http://stload.se.ifmo.ru:8080/?token=518477874&user=-1355069478&config=3,1140,0,0
1776025950712,1505,config 2 request,200,OK,config 2 2-13,text,false,"The operation lasted too long: It took 1,505 milliseconds, but should not have lasted longer than 775 milliseconds.",231,167,14,42,http://stload.se.ifmo.ru:8080/?token=518477874&user=-1355069478&config=2,1505,0,0
1776025950878,1340,config 2 request,200,OK,config 2 2-1,text,false,"The operation lasted too long: It took 1,340 milliseconds, but should not have lasted longer than 775 milliseconds.",231,167,14,42,http://stload.se.ifmo.ru:8080/?token=518477874&user=-1355069478&config=2,1340,0,0
1776025950712,1505,config 2 request,200,OK,config 2 2-5,text,false,"The operation lasted too long: It took 1,505 milliseconds, but should not have lasted longer than 775 milliseconds.",231,167,14,42,http://stload.se.ifmo.ru:8080/?token=518477874&user=-1355069478&config=2,1505,0,0
1776025950878,1339,config 2 request,200,OK,config 2 2-11,text,false,"The operation lasted too long: It took 1,339 milliseconds, but should not have lasted longer than 775 milliseconds.",231,167,14,42,http://stload.se.ifmo.ru:8080/?token=518477874&user=-1355069478&config=2,1339,0,0
1776025951115,1315,config 3 request,200,OK,config 3 3-3,text,false,"The operation lasted too long: It took 1,315 milliseconds, but should not have lasted longer than 775 milliseconds.",231,167,14,42,http://stload.se.ifmo.ru:8080/?token=518477874&user=-1355069478&config=3,1315,0,0
1776025950878,1553,config 2 request,200,OK,config 2 2-6,text,false,"The operation lasted too long: It took 1,553 milliseconds, but should not have lasted longer than 775 milliseconds.",231,167,14,42,http://stload.se.ifmo.ru:8080/?token=518477874&user=-1355069478&config=2,1553,0,0
1776025950979,1452,config 2 request,200,OK,config 2 2-8,text,false,"The operation lasted too long: It took 1,452 milliseconds, but should not have lasted longer than 775 milliseconds.",231,167,14,42,http://stload.se.ifmo.ru:8080/?token=518477874&user=-1355069478&config=2,1452,0,0
1776025950878,1553,config 2 request,200,OK,config 2 2-3,text,false,"The operation lasted too long: It took 1,553 milliseconds, but should not have lasted longer than 775 milliseconds.",231,167,14,42,http://stload.se.ifmo.ru:8080/?token=518477874&user=-1355069478&config=2,1553,0,0
1776025951172,1519,config 3 request,200,OK,config 3 3-12,text,false,"The operation lasted too long: It took 1,519 milliseconds, but should not have lasted longer than 775 milliseconds.",231,167,14,42,http://stload.se.ifmo.ru:8080/?token=518477874&user=-1355069478&config=3,1519,0,0
1776025951176,1515,config 3 request,200,OK,config 3 3-6,text,false,"The operation lasted too long: It took 1,515 milliseconds, but should not have lasted longer than 775 milliseconds.",231,167,14,42,http://stload.se.ifmo.ru:8080/?token=518477874&user=-1355069478&config=3,1515,0,0
1776025951115,1576,config 2 request,200,OK,config 2 2-10,text,false,"The operation lasted too long: It took 1,576 milliseconds, but should not have lasted longer than 775 milliseconds.",231,167,14,42,http://stload.se.ifmo.ru:8080/?token=518477874&user=-1355069478&config=2,1576,0,0
1776025951163,1528,config 2 request,200,OK,config 2 2-9,text,false,"The operation lasted too long: It took 1,528 milliseconds, but should not have lasted longer than 775 milliseconds.",231,167,14,42,http://stload.se.ifmo.ru:8080/?token=518477874&user=-1355069478&config=2,1528,0,0
1776025951305,1412,config 2 request,200,OK,config 2 2-14,text,false,"The operation lasted too long: It took 1,412 milliseconds, but should not have lasted longer than 775 milliseconds.",231,167,14,42,http://stload.se.ifmo.ru:8080/?token=518477874&user=-1355069478&config=2,1412,0,0
1776025951557,1290,config 3 request,200,OK,config 3 3-8,text,false,"The operation lasted too long: It took 1,290 milliseconds, but should not have lasted longer than 775 milliseconds.",231,167,14,42,http://stload.se.ifmo.ru:8080/?token=518477874&user=-1355069478&config=3,1290,0,0
1776025951689,1237,config 3 request,200,OK,config 3 3-2,text,false,"The operation lasted too long: It took 1,237 milliseconds, but should not have lasted longer than 775 milliseconds.",231,167,14,42,http://stload.se.ifmo.ru:8080/?token=518477874&user=-1355069478&config=3,1237,0,0
1776025951597,1329,config 3 request,200,OK,config 3 3-11,text,false,"The operation lasted too long: It took 1,329 milliseconds, but should not have lasted longer than 775 milliseconds.",231,167,14,42,http://stload.se.ifmo.ru:8080/?token=518477874&user=-1355069478&config=3,1329,0,0
1776025951725,1407,config 3 request,200,OK,config 3 3-14,text,false,"The operation lasted too long: It took 1,407 milliseconds, but should not have lasted longer than 775 milliseconds.",231,167,14,42,http://stload.se.ifmo.ru:8080/?token=518477874&user=-1355069478&config=3,1407,0,0
1776025951724,1408,config 3 request,200,OK,config 3 3-5,text,false,"The operation lasted too long: It took 1,408 milliseconds, but should not have lasted longer than 775 milliseconds.",231,167,14,42,http://stload.se.ifmo.ru:8080/?token=518477874&user=-1355069478&config=3,1408,0,0
1776025951832,1300,config 3 request,200,OK,config 3 3-7,text,false,"The operation lasted too long: It took 1,300 milliseconds, but should not have lasted longer than 775 milliseconds.",231,167,14,42,http://stload.se.ifmo.ru:8080/?token=518477874&user=-1355069478&config=3,1300,0,0
1776025951686,1447,config 2 request,200,OK,config 2 2-7,text,false,"The operation lasted too long: It took 1,447 milliseconds, but should not have lasted longer than 775 milliseconds.",231,167,14,42,http://stload.se.ifmo.ru:8080/?token=518477874&user=-1355069478&config=2,1447,0,0
1776025951672,1520,config 2 request,200,OK,config 2 2-12,text,false,"The operation lasted too long: It took 1,520 milliseconds, but should not have lasted longer than 775 milliseconds.",231,167,14,42,http://stload.se.ifmo.ru:8080/?token=518477874&user=-1355069478&config=2,1520,0,0
1776025952027,1165,config 3 request,200,OK,config 3 3-1,text,false,"The operation lasted too long: It took 1,165 milliseconds, but should not have lasted longer than 775 milliseconds.",231,167,14,42,http://stload.se.ifmo.ru:8080/?token=518477874&user=-1355069478&config=3,1165,0,0
1776025952013,1185,config 3 request,200,OK,config 3 3-4,text,false,"The operation lasted too long: It took 1,185 milliseconds, but should not have lasted longer than 775 milliseconds.",231,167,14,42,http://stload.se.ifmo.ru:8080/?token=518477874&user=-1355069478&config=3,1185,0,0
1776025951883,1398,config 2 request,200,OK,config 2 2-4,text,false,"The operation lasted too long: It took 1,398 milliseconds, but should not have lasted longer than 775 milliseconds.",231,167,14,42,http://stload.se.ifmo.ru:8080/?token=518477874&user=-1355069478&config=2,1398,0,0
1776025951883,1398,config 2 request,200,OK,config 2 2-2,text,false,"The operation lasted too long: It took 1,398 milliseconds, but should not have lasted longer than 775 milliseconds.",231,167,14,42,http://stload.se.ifmo.ru:8080/?token=518477874&user=-1355069478&config=2,1398,0,0
1776025952012,1269,config 3 request,200,OK,config 3 3-13,text,false,"The operation lasted too long: It took 1,269 milliseconds, but should not have lasted longer than 775 milliseconds.",231,167,14,42,http://stload.se.ifmo.ru:8080/?token=518477874&user=-1355069478&config=3,1269,0,0
1776025952045,1236,config 3 request,200,OK,config 3 3-10,text,false,"The operation lasted too long: It took 1,236 milliseconds, but should not have lasted longer than 775 milliseconds.",231,167,14,42,http://stload.se.ifmo.ru:8080/?token=518477874&user=-1355069478&config=3,1236,0,0
1776025952217,1576,config 2 request,200,OK,config 2 2-13,text,false,"The operation lasted too long: It took 1,576 milliseconds, but should not have lasted longer than 775 milliseconds.",231,167,14,42,http://stload.se.ifmo.ru:8080/?token=518477874&user=-1355069478&config=2,1576,0,0
1776025952217,1576,config 2 request,200,OK,config 2 2-5,text,false,"The operation lasted too long: It took 1,576 milliseconds, but should not have lasted longer than 775 milliseconds.",231,167,14,42,http://stload.se.ifmo.ru:8080/?token=518477874&user=-1355069478&config=2,1576,0,0
1776025952286,1508,config 3 request,200,OK,config 3 3-9,text,false,"The operation lasted too long: It took 1,508 milliseconds, but should not have lasted longer than 775 milliseconds.",231,167,14,42,http://stload.se.ifmo.ru:8080/?token=518477874&user=-1355069478&config=3,1508,0,0
1776025952615,1215,config 3 request,200,OK,config 3 3-3,text,false,"The operation lasted too long: It took 1,215 milliseconds, but should not have lasted longer than 775 milliseconds.",231,167,14,42,http://stload.se.ifmo.ru:8080/?token=518477874&user=-1355069478&config=3,1215,0,0
1776025952691,1205,config 3 request,200,OK,config 3 3-12,text,false,"The operation lasted too long: It took 1,205 milliseconds, but should not have lasted longer than 775 milliseconds.",231,167,14,42,http://stload.se.ifmo.ru:8080/?token=518477874&user=-1355069478&config=3,1205,0,0
1776025952382,1514,config 2 request,200,OK,config 2 2-11,text,false,"The operation lasted too long: It took 1,514 milliseconds, but should not have lasted longer than 775 milliseconds.",231,167,14,42,http://stload.se.ifmo.ru:8080/?token=518477874&user=-1355069478&config=2,1514,0,0
1776025952383,1513,config 2 request,200,OK,config 2 2-1,text,false,"The operation lasted too long: It took 1,513 milliseconds, but should not have lasted longer than 775 milliseconds.",231,167,14,42,http://stload.se.ifmo.ru:8080/?token=518477874&user=-1355069478&config=2,1513,0,0
1776025952430,1635,config 2 request,200,OK,config 2 2-6,text,false,"The operation lasted too long: It took 1,635 milliseconds, but should not have lasted longer than 775 milliseconds.",231,167,14,42,http://stload.se.ifmo.ru:8080/?token=518477874&user=-1355069478&config=2,1635,0,0
1776025952483,1582,config 2 request,200,OK,config 2 2-8,text,false,"The operation lasted too long: It took 1,582 milliseconds, but should not have lasted longer than 775 milliseconds.",231,167,14,42,http://stload.se.ifmo.ru:8080/?token=518477874&user=-1355069478&config=2,1582,0,0
1776025952430,1636,config 2 request,200,OK,config 2 2-3,text,false,"The operation lasted too long: It took 1,636 milliseconds, but should not have lasted longer than 775 milliseconds.",231,167,14,42,http://stload.se.ifmo.ru:8080/?token=518477874&user=-1355069478&config=2,1636,0,0
1776025952691,1375,config 2 request,200,OK,config 2 2-10,text,false,"The operation lasted too long: It took 1,375 milliseconds, but should not have lasted longer than 775 milliseconds.",231,167,14,42,http://stload.se.ifmo.ru:8080/?token=518477874&user=-1355069478&config=2,1375,0,0
1776025952691,1374,config 3 request,200,OK,config 3 3-6,text,false,"The operation lasted too long: It took 1,374 milliseconds, but should not have lasted longer than 775 milliseconds.",231,167,14,42,http://stload.se.ifmo.ru:8080/?token=518477874&user=-1355069478&config=3,1374,0,0
1776025952692,1549,config 2 request,200,OK,config 2 2-9,text,false,"The operation lasted too long: It took 1,549 milliseconds, but should not have lasted longer than 775 milliseconds.",231,167,14,42,http://stload.se.ifmo.ru:8080/?token=518477874&user=-1355069478&config=2,1549,0,0
1776025953057,1184,config 3 request,200,OK,config 3 3-8,text,false,"The operation lasted too long: It took 1,184 milliseconds, but should not have lasted longer than 775 milliseconds.",231,167,14,42,http://stload.se.ifmo.ru:8080/?token=518477874&user=-1355069478&config=3,1184,0,0
1776025953099,1210,config 3 request,200,OK,config 3 3-11,text,false,"The operation lasted too long: It took 1,210 milliseconds, but should not have lasted longer than 775 milliseconds.",231,167,14,42,http://stload.se.ifmo.ru:8080/?token=518477874&user=-1355069478&config=3,1210,0,0
1776025953190,1201,config 3 request,200,OK,config 3 3-2,text,false,"The operation lasted too long: It took 1,201 milliseconds, but should not have lasted longer than 775 milliseconds.",231,167,14,42,http://stload.se.ifmo.ru:8080/?token=518477874&user=-1355069478&config=3,1201,0,0
1776025953226,1166,config 3 request,200,OK,config 3 3-14,text,false,"The operation lasted too long: It took 1,166 milliseconds, but should not have lasted longer than 775 milliseconds.",231,167,14,42,http://stload.se.ifmo.ru:8080/?token=518477874&user=-1355069478&config=3,1166,0,0
1776025952808,1584,config 2 request,200,OK,config 2 2-14,text,false,"The operation lasted too long: It took 1,584 milliseconds, but should not have lasted longer than 775 milliseconds.",231,167,14,42,http://stload.se.ifmo.ru:8080/?token=518477874&user=-1355069478&config=2,1583,0,0
1776025953337,1257,config 3 request,200,OK,config 3 3-7,text,false,"The operation lasted too long: It took 1,257 milliseconds, but should not have lasted longer than 775 milliseconds.",231,167,14,42,http://stload.se.ifmo.ru:8080/?token=518477874&user=-1355069478&config=3,1257,0,0
1776025953223,1371,config 3 request,200,OK,config 3 3-5,text,false,"The operation lasted too long: It took 1,371 milliseconds, but should not have lasted longer than 775 milliseconds.",231,167,14,42,http://stload.se.ifmo.ru:8080/?token=518477874&user=-1355069478&config=3,1371,0,0
1776025953184,1411,config 2 request,200,OK,config 2 2-7,text,false,"The operation lasted too long: It took 1,411 milliseconds, but should not have lasted longer than 775 milliseconds.",231,167,14,42,http://stload.se.ifmo.ru:8080/?token=518477874&user=-1355069478&config=2,1411,0,0
1776025953192,1403,config 2 request,200,OK,config 2 2-12,text,false,"The operation lasted too long: It took 1,403 milliseconds, but should not have lasted longer than 775 milliseconds.",231,167,14,42,http://stload.se.ifmo.ru:8080/?token=518477874&user=-1355069478&config=2,1403,0,0
1776025953544,1259,config 3 request,200,OK,config 3 3-10,text,false,"The operation lasted too long: It took 1,259 milliseconds, but should not have lasted longer than 775 milliseconds.",231,167,14,42,http://stload.se.ifmo.ru:8080/?token=518477874&user=-1355069478&config=3,1259,0,0
1776025953528,1275,config 3 request,200,OK,config 3 3-1,text,false,"The operation lasted too long: It took 1,275 milliseconds, but should not have lasted longer than 775 milliseconds.",231,167,14,42,http://stload.se.ifmo.ru:8080/?token=518477874&user=-1355069478&config=3,1275,0,0
1776025953516,1752,config 3 request,200,OK,config 3 3-13,text,false,"The operation lasted too long: It took 1,752 milliseconds, but should not have lasted longer than 775 milliseconds.",231,167,14,42,http://stload.se.ifmo.ru:8080/?token=518477874&user=-1355069478&config=3,1752,0,0
1776025953515,1753,config 3 request,200,OK,config 3 3-4,text,false,"The operation lasted too long: It took 1,753 milliseconds, but should not have lasted longer than 775 milliseconds.",231,167,14,42,http://stload.se.ifmo.ru:8080/?token=518477874&user=-1355069478&config=3,1753,0,0
1776025953386,1882,config 2 request,200,OK,config 2 2-2,text,false,"The operation lasted too long: It took 1,882 milliseconds, but should not have lasted longer than 775 milliseconds.",231,167,14,42,http://stload.se.ifmo.ru:8080/?token=518477874&user=-1355069478&config=2,1882,0,0
1776025953387,1881,config 2 request,200,OK,config 2 2-4,text,false,"The operation lasted too long: It took 1,881 milliseconds, but should not have lasted longer than 775 milliseconds.",231,167,14,42,http://stload.se.ifmo.ru:8080/?token=518477874&user=-1355069478&config=2,1881,0,0
1776025953794,1619,config 3 request,200,OK,config 3 3-9,text,false,"The operation lasted too long: It took 1,619 milliseconds, but should not have lasted longer than 775 milliseconds.",231,167,14,42,http://stload.se.ifmo.ru:8080/?token=518477874&user=-1355069478&config=3,1619,0,0
1776025954115,1299,config 3 request,200,OK,config 3 3-3,text,false,"The operation lasted too long: It took 1,299 milliseconds, but should not have lasted longer than 775 milliseconds.",231,167,14,42,http://stload.se.ifmo.ru:8080/?token=518477874&user=-1355069478&config=3,1299,0,0
1776025954066,1348,config 2 request,200,OK,config 2 2-8,text,false,"The operation lasted too long: It took 1,348 milliseconds, but should not have lasted longer than 775 milliseconds.",231,167,14,42,http://stload.se.ifmo.ru:8080/?token=518477874&user=-1355069478&config=2,1348,0,0
1776025953897,1517,config 2 request,200,OK,config 2 2-11,text,false,"The operation lasted too long: It took 1,517 milliseconds, but should not have lasted longer than 775 milliseconds.",231,167,14,42,http://stload.se.ifmo.ru:8080/?token=518477874&user=-1355069478&config=2,1517,0,0
1776025953897,1517,config 2 request,200,OK,config 2 2-1,text,false,"The operation lasted too long: It took 1,517 milliseconds, but should not have lasted longer than 775 milliseconds.",231,167,14,42,http://stload.se.ifmo.ru:8080/?token=518477874&user=-1355069478&config=2,1517,0,0
1776025953795,1619,config 2 request,200,OK,config 2 2-5,text,false,"The operation lasted too long: It took 1,619 milliseconds, but should not have lasted longer than 775 milliseconds.",231,167,14,42,http://stload.se.ifmo.ru:8080/?token=518477874&user=-1355069478&config=2,1619,0,0
1776025953793,1621,config 2 request,200,OK,config 2 2-13,text,false,"The operation lasted too long: It took 1,621 milliseconds, but should not have lasted longer than 775 milliseconds.",231,167,14,42,http://stload.se.ifmo.ru:8080/?token=518477874&user=-1355069478&config=2,1621,0,0
1776025954066,1493,config 2 request,200,OK,config 2 2-3,text,false,"The operation lasted too long: It took 1,493 milliseconds, but should not have lasted longer than 775 milliseconds.",231,167,14,42,http://stload.se.ifmo.ru:8080/?token=518477874&user=-1355069478&config=2,1493,0,0
1776025954066,1493,config 2 request,200,OK,config 2 2-6,text,false,"The operation lasted too long: It took 1,493 milliseconds, but should not have lasted longer than 775 milliseconds.",231,167,14,42,http://stload.se.ifmo.ru:8080/?token=518477874&user=-1355069478&config=2,1493,0,0
1776025954191,1368,config 3 request,200,OK,config 3 3-6,text,false,"The operation lasted too long: It took 1,368 milliseconds, but should not have lasted longer than 775 milliseconds.",231,167,14,42,http://stload.se.ifmo.ru:8080/?token=518477874&user=-1355069478&config=3,1368,0,0
1776025954193,1404,config 3 request,200,OK,config 3 3-12,text,false,"The operation lasted too long: It took 1,404 milliseconds, but should not have lasted longer than 775 milliseconds.",231,167,14,42,http://stload.se.ifmo.ru:8080/?token=518477874&user=-1355069478&config=3,1404,0,0
1776025954555,1304,config 3 request,200,OK,config 3 3-8,text,false,"The operation lasted too long: It took 1,304 milliseconds, but should not have lasted longer than 775 milliseconds.",231,167,14,42,http://stload.se.ifmo.ru:8080/?token=518477874&user=-1355069478&config=3,1304,0,0
1776025954193,1666,config 2 request,200,OK,config 2 2-10,text,false,"The operation lasted too long: It took 1,666 milliseconds, but should not have lasted longer than 775 milliseconds.",231,167,14,42,http://stload.se.ifmo.ru:8080/?token=518477874&user=-1355069478&config=2,1666,0,0
1776025954598,1261,config 3 request,200,OK,config 3 3-11,text,false,"The operation lasted too long: It took 1,261 milliseconds, but should not have lasted longer than 775 milliseconds.",231,167,14,42,http://stload.se.ifmo.ru:8080/?token=518477874&user=-1355069478&config=3,1261,0,0
1776025954241,1618,config 2 request,200,OK,config 2 2-9,text,false,"The operation lasted too long: It took 1,618 milliseconds, but should not have lasted longer than 775 milliseconds.",231,167,14,42,http://stload.se.ifmo.ru:8080/?token=518477874&user=-1355069478&config=2,1618,0,0
1776025954688,1172,config 3 request,200,OK,config 3 3-2,text,false,"The operation lasted too long: It took 1,172 milliseconds, but should not have lasted longer than 775 milliseconds.",231,167,14,42,http://stload.se.ifmo.ru:8080/?token=518477874&user=-1355069478&config=3,1172,0,0
1776025954722,1138,config 3 request,200,OK,config 3 3-14,text,false,"The operation lasted too long: It took 1,138 milliseconds, but should not have lasted longer than 775 milliseconds.",231,167,14,42,http://stload.se.ifmo.ru:8080/?token=518477874&user=-1355069478&config=3,1138,0,0
1776025954392,1502,config 2 request,200,OK,config 2 2-14,text,false,"The operation lasted too long: It took 1,502 milliseconds, but should not have lasted longer than 775 milliseconds.",231,167,14,42,http://stload.se.ifmo.ru:8080/?token=518477874&user=-1355069478&config=2,1502,0,0
1776025954725,1338,config 3 request,200,OK,config 3 3-5,text,false,"The operation lasted too long: It took 1,338 milliseconds, but should not have lasted longer than 775 milliseconds.",231,167,14,42,http://stload.se.ifmo.ru:8080/?token=518477874&user=-1355069478&config=3,1338,0,0
1776025954684,1380,config 2 request,200,OK,config 2 2-7,text,false,"The operation lasted too long: It took 1,380 milliseconds, but should not have lasted longer than 775 milliseconds.",231,167,14,42,http://stload.se.ifmo.ru:8080/?token=518477874&user=-1355069478&config=2,1380,0,0
1776025954834,1229,config 3 request,200,OK,config 3 3-7,text,false,"The operation lasted too long: It took 1,229 milliseconds, but should not have lasted longer than 775 milliseconds.",231,167,14,42,http://stload.se.ifmo.ru:8080/?token=518477874&user=-1355069478&config=3,1229,0,0
1776025954694,1444,config 2 request,200,OK,config 2 2-12,text,false,"The operation lasted too long: It took 1,444 milliseconds, but should not have lasted longer than 775 milliseconds.",231,167,14,42,http://stload.se.ifmo.ru:8080/?token=518477874&user=-1355069478&config=2,1444,0,0
1776025955043,1153,config 3 request,200,OK,config 3 3-10,text,false,"The operation lasted too long: It took 1,153 milliseconds, but should not have lasted longer than 775 milliseconds.",231,167,14,42,http://stload.se.ifmo.ru:8080/?token=518477874&user=-1355069478&config=3,1153,0,0
1776025955024,1172,config 3 request,200,OK,config 3 3-1,text,false,"The operation lasted too long: It took 1,172 milliseconds, but should not have lasted longer than 775 milliseconds.",231,167,14,42,http://stload.se.ifmo.ru:8080/?token=518477874&user=-1355069478&config=3,1172,0,0
1776025955268,1068,config 3 request,200,OK,config 3 3-13,text,false,"The operation lasted too long: It took 1,068 milliseconds, but should not have lasted longer than 775 milliseconds.",231,167,14,42,http://stload.se.ifmo.ru:8080/?token=518477874&user=-1355069478&config=3,1068,0,0
1776025955268,1320,config 3 request,200,OK,config 3 3-4,text,false,"The operation lasted too long: It took 1,320 milliseconds, but should not have lasted longer than 775 milliseconds.",231,167,14,42,http://stload.se.ifmo.ru:8080/?token=518477874&user=-1355069478&config=3,1320,0,0
1776025955415,1249,config 3 request,200,OK,config 3 3-9,text,false,"The operation lasted too long: It took 1,249 milliseconds, but should not have lasted longer than 775 milliseconds.",231,167,14,42,http://stload.se.ifmo.ru:8080/?token=518477874&user=-1355069478&config=3,1249,0,0
1776025955269,1395,config 2 request,200,OK,config 2 2-4,text,false,"The operation lasted too long: It took 1,395 milliseconds, but should not have lasted longer than 775 milliseconds.",231,167,14,42,http://stload.se.ifmo.ru:8080/?token=518477874&user=-1355069478&config=2,1395,0,0
1776025955268,1396,config 2 request,200,OK,config 2 2-2,text,false,"The operation lasted too long: It took 1,396 milliseconds, but should not have lasted longer than 775 milliseconds.",231,167,14,42,http://stload.se.ifmo.ru:8080/?token=518477874&user=-1355069478&config=2,1396,0,0
1776025955415,1376,config 2 request,200,OK,config 2 2-5,text,false,"The operation lasted too long: It took 1,376 milliseconds, but should not have lasted longer than 775 milliseconds.",231,167,14,42,http://stload.se.ifmo.ru:8080/?token=518477874&user=-1355069478&config=2,1376,0,0
1776025955415,1376,config 2 request,200,OK,config 2 2-11,text,false,"The operation lasted too long: It took 1,376 milliseconds, but should not have lasted longer than 775 milliseconds.",231,167,14,42,http://stload.se.ifmo.ru:8080/?token=518477874&user=-1355069478&config=2,1376,0,0
1776025955415,1409,config 2 request,200,OK,config 2 2-1,text,false,"The operation lasted too long: It took 1,409 milliseconds, but should not have lasted longer than 775 milliseconds.",231,167,14,42,http://stload.se.ifmo.ru:8080/?token=518477874&user=-1355069478&config=2,1409,0,0
1776025955415,1409,config 2 request,200,OK,config 2 2-13,text,false,"The operation lasted too long: It took 1,409 milliseconds, but should not have lasted longer than 775 milliseconds.",231,167,14,42,http://stload.se.ifmo.ru:8080/?token=518477874&user=-1355069478&config=2,1409,0,0
1776025955618,1206,config 3 request,200,OK,config 3 3-3,text,false,"The operation lasted too long: It took 1,206 milliseconds, but should not have lasted longer than 775 milliseconds.",231,167,14,42,http://stload.se.ifmo.ru:8080/?token=518477874&user=-1355069478&config=3,1206,0,0
1776025955695,1129,config 3 request,200,OK,config 3 3-6,text,false,"The operation lasted too long: It took 1,129 milliseconds, but should not have lasted longer than 775 milliseconds.",231,167,14,42,http://stload.se.ifmo.ru:8080/?token=518477874&user=-1355069478&config=3,1129,0,0
1776025955695,1135,config 3 request,200,OK,config 3 3-12,text,false,"The operation lasted too long: It took 1,135 milliseconds, but should not have lasted longer than 775 milliseconds.",231,167,14,42,http://stload.se.ifmo.ru:8080/?token=518477874&user=-1355069478&config=3,1135,0,0
1776025955566,1304,config 2 request,200,OK,config 2 2-6,text,false,"The operation lasted too long: It took 1,304 milliseconds, but should not have lasted longer than 775 milliseconds.",231,167,14,42,http://stload.se.ifmo.ru:8080/?token=518477874&user=-1355069478&config=2,1304,0,0
1776025955569,1501,config 2 request,200,OK,config 2 2-8,text,false,"The operation lasted too long: It took 1,501 milliseconds, but should not have lasted longer than 775 milliseconds.",231,167,14,42,http://stload.se.ifmo.ru:8080/?token=518477874&user=-1355069478&config=2,1501,0,0
1776025955567,1503,config 2 request,200,OK,config 2 2-3,text,false,"The operation lasted too long: It took 1,503 milliseconds, but should not have lasted longer than 775 milliseconds.",231,167,14,42,http://stload.se.ifmo.ru:8080/?token=518477874&user=-1355069478&config=2,1503,0,0
1776025955859,1367,config 2 request,200,OK,config 2 2-10,text,false,"The operation lasted too long: It took 1,367 milliseconds, but should not have lasted longer than 775 milliseconds.",231,167,14,42,http://stload.se.ifmo.ru:8080/?token=518477874&user=-1355069478&config=2,1367,0,0
1776025956061,1165,config 3 request,200,OK,config 3 3-8,text,false,"The operation lasted too long: It took 1,165 milliseconds, but should not have lasted longer than 775 milliseconds.",231,167,14,42,http://stload.se.ifmo.ru:8080/?token=518477874&user=-1355069478&config=3,1165,0,0
1776025955860,1367,config 2 request,200,OK,config 2 2-9,text,false,"The operation lasted too long: It took 1,367 milliseconds, but should not have lasted longer than 775 milliseconds.",231,167,14,42,http://stload.se.ifmo.ru:8080/?token=518477874&user=-1355069478&config=2,1367,0,0
1776025956098,1432,config 3 request,200,OK,config 3 3-11,text,false,"The operation lasted too long: It took 1,432 milliseconds, but should not have lasted longer than 775 milliseconds.",231,167,14,42,http://stload.se.ifmo.ru:8080/?token=518477874&user=-1355069478&config=3,1432,0,0
1776025955894,1636,config 2 request,200,OK,config 2 2-14,text,false,"The operation lasted too long: It took 1,636 milliseconds, but should not have lasted longer than 775 milliseconds.",231,167,14,42,http://stload.se.ifmo.ru:8080/?token=518477874&user=-1355069478&config=2,1636,0,0
1776025956183,1398,config 2 request,200,OK,config 2 2-7,text,false,"The operation lasted too long: It took 1,398 milliseconds, but should not have lasted longer than 775 milliseconds.",231,167,14,42,http://stload.se.ifmo.ru:8080/?token=518477874&user=-1355069478&config=2,1398,0,0
1776025956224,1357,config 3 request,200,OK,config 3 3-5,text,false,"The operation lasted too long: It took 1,357 milliseconds, but should not have lasted longer than 775 milliseconds.",231,167,14,42,http://stload.se.ifmo.ru:8080/?token=518477874&user=-1355069478&config=3,1357,0,0
1776025956193,1389,config 3 request,200,OK,config 3 3-2,text,false,"The operation lasted too long: It took 1,389 milliseconds, but should not have lasted longer than 775 milliseconds.",231,167,14,42,http://stload.se.ifmo.ru:8080/?token=518477874&user=-1355069478&config=3,1389,0,0
1776025956226,1356,config 3 request,200,OK,config 3 3-14,text,false,"The operation lasted too long: It took 1,356 milliseconds, but should not have lasted longer than 775 milliseconds.",231,167,14,42,http://stload.se.ifmo.ru:8080/?token=518477874&user=-1355069478&config=3,1356,0,0
1776025956523,1251,config 3 request,200,OK,config 3 3-1,text,false,"The operation lasted too long: It took 1,251 milliseconds, but should not have lasted longer than 775 milliseconds.",231,167,14,42,http://stload.se.ifmo.ru:8080/?token=518477874&user=-1355069478&config=3,1251,0,0
1776025956194,1580,config 2 request,200,OK,config 2 2-12,text,false,"The operation lasted too long: It took 1,580 milliseconds, but should not have lasted longer than 775 milliseconds.",231,167,14,42,http://stload.se.ifmo.ru:8080/?token=518477874&user=-1355069478&config=2,1580,0,0
1776025956543,1231,config 3 request,200,OK,config 3 3-10,text,false,"The operation lasted too long: It took 1,231 milliseconds, but should not have lasted longer than 775 milliseconds.",231,167,14,42,http://stload.se.ifmo.ru:8080/?token=518477874&user=-1355069478&config=3,1231,0,0
1776025956773,1082,config 3 request,200,OK,config 3 3-4,text,false,"The operation lasted too long: It took 1,082 milliseconds, but should not have lasted longer than 775 milliseconds.",231,167,14,42,http://stload.se.ifmo.ru:8080/?token=518477874&user=-1355069478&config=3,1082,0,0
1776025956337,1518,config 3 request,200,OK,config 3 3-7,text,false,"The operation lasted too long: It took 1,518 milliseconds, but should not have lasted longer than 775 milliseconds.",231,167,14,42,http://stload.se.ifmo.ru:8080/?token=518477874&user=-1355069478&config=3,1518,0,0
1776025956769,1359,config 3 request,200,OK,config 3 3-13,text,false,"The operation lasted too long: It took 1,359 milliseconds, but should not have lasted longer than 775 milliseconds.",231,167,14,42,http://stload.se.ifmo.ru:8080/?token=518477874&user=-1355069478&config=3,1359,0,0
1776025956915,1213,config 3 request,200,OK,config 3 3-9,text,false,"The operation lasted too long: It took 1,213 milliseconds, but should not have lasted longer than 775 milliseconds.",231,167,14,42,http://stload.se.ifmo.ru:8080/?token=518477874&user=-1355069478&config=3,1213,0,0
1776025956773,1355,config 2 request,200,OK,config 2 2-2,text,false,"The operation lasted too long: It took 1,355 milliseconds, but should not have lasted longer than 775 milliseconds.",231,167,14,42,http://stload.se.ifmo.ru:8080/?token=518477874&user=-1355069478&config=2,1355,0,0
1776025957115,1227,config 3 request,200,OK,config 3 3-3,text,false,"The operation lasted too long: It took 1,227 milliseconds, but should not have lasted longer than 775 milliseconds.",231,167,14,42,http://stload.se.ifmo.ru:8080/?token=518477874&user=-1355069478&config=3,1227,0,0
1776025956769,1573,config 2 request,200,OK,config 2 2-4,text,false,"The operation lasted too long: It took 1,573 milliseconds, but should not have lasted longer than 775 milliseconds.",231,167,14,42,http://stload.se.ifmo.ru:8080/?token=518477874&user=-1355069478&config=2,1573,0,0
1776025956916,1427,config 2 request,200,OK,config 2 2-11,text,false,"The operation lasted too long: It took 1,427 milliseconds, but should not have lasted longer than 775 milliseconds.",231,167,14,42,http://stload.se.ifmo.ru:8080/?token=518477874&user=-1355069478&config=2,1427,0,0
1776025956916,1427,config 2 request,200,OK,config 2 2-5,text,false,"The operation lasted too long: It took 1,427 milliseconds, but should not have lasted longer than 775 milliseconds.",231,167,14,42,http://stload.se.ifmo.ru:8080/?token=518477874&user=-1355069478&config=2,1427,0,0
1776025956916,1427,config 2 request,200,OK,config 2 2-1,text,false,"The operation lasted too long: It took 1,427 milliseconds, but should not have lasted longer than 775 milliseconds.",231,167,14,42,http://stload.se.ifmo.ru:8080/?token=518477874&user=-1355069478&config=2,1427,0,0
1776025956920,1423,config 2 request,200,OK,config 2 2-13,text,false,"The operation lasted too long: It took 1,423 milliseconds, but should not have lasted longer than 775 milliseconds.",231,167,14,42,http://stload.se.ifmo.ru:8080/?token=518477874&user=-1355069478&config=2,1423,0,0
1776025957070,1354,config 2 request,200,OK,config 2 2-3,text,false,"The operation lasted too long: It took 1,354 milliseconds, but should not have lasted longer than 775 milliseconds.",231,167,14,42,http://stload.se.ifmo.ru:8080/?token=518477874&user=-1355069478&config=2,1354,0,0
1776025957195,1229,config 3 request,200,OK,config 3 3-12,text,false,"The operation lasted too long: It took 1,229 milliseconds, but should not have lasted longer than 775 milliseconds.",231,167,14,42,http://stload.se.ifmo.ru:8080/?token=518477874&user=-1355069478&config=3,1229,0,0
1776025957070,1354,config 2 request,200,OK,config 2 2-6,text,false,"The operation lasted too long: It took 1,354 milliseconds, but should not have lasted longer than 775 milliseconds.",231,167,14,42,http://stload.se.ifmo.ru:8080/?token=518477874&user=-1355069478&config=2,1354,0,0
1776025957070,1355,config 2 request,200,OK,config 2 2-8,text,false,"The operation lasted too long: It took 1,355 milliseconds, but should not have lasted longer than 775 milliseconds.",231,167,14,42,http://stload.se.ifmo.ru:8080/?token=518477874&user=-1355069478&config=2,1355,0,0
1776025957195,1332,config 3 request,200,OK,config 3 3-6,text,false,"The operation lasted too long: It took 1,332 milliseconds, but should not have lasted longer than 775 milliseconds.",231,167,14,42,http://stload.se.ifmo.ru:8080/?token=518477874&user=-1355069478&config=3,1332,0,0
1776025957556,1194,config 3 request,200,OK,config 3 3-8,text,false,"The operation lasted too long: It took 1,194 milliseconds, but should not have lasted longer than 775 milliseconds.",231,167,14,42,http://stload.se.ifmo.ru:8080/?token=518477874&user=-1355069478&config=3,1194,0,0
1776025957595,1257,config 3 request,200,OK,config 3 3-11,text,false,"The operation lasted too long: It took 1,257 milliseconds, but should not have lasted longer than 775 milliseconds.",231,167,14,42,http://stload.se.ifmo.ru:8080/?token=518477874&user=-1355069478&config=3,1257,0,0
1776025957364,1488,config 2 request,200,OK,config 2 2-9,text,false,"The operation lasted too long: It took 1,488 milliseconds, but should not have lasted longer than 775 milliseconds.",231,167,14,42,http://stload.se.ifmo.ru:8080/?token=518477874&user=-1355069478&config=2,1488,0,0
1776025957364,1488,config 2 request,200,OK,config 2 2-10,text,false,"The operation lasted too long: It took 1,488 milliseconds, but should not have lasted longer than 775 milliseconds.",231,167,14,42,http://stload.se.ifmo.ru:8080/?token=518477874&user=-1355069478&config=2,1488,0,0
1776025957531,1559,config 2 request,200,OK,config 2 2-14,text,false,"The operation lasted too long: It took 1,559 milliseconds, but should not have lasted longer than 775 milliseconds.",231,167,14,42,http://stload.se.ifmo.ru:8080/?token=518477874&user=-1355069478&config=2,1558,0,0
1776025957689,1402,config 3 request,200,OK,config 3 3-2,text,false,"The operation lasted too long: It took 1,402 milliseconds, but should not have lasted longer than 775 milliseconds.",231,167,14,42,http://stload.se.ifmo.ru:8080/?token=518477874&user=-1355069478&config=3,1402,0,0
1776025957724,1367,config 3 request,200,OK,config 3 3-5,text,false,"The operation lasted too long: It took 1,367 milliseconds, but should not have lasted longer than 775 milliseconds.",231,167,14,42,http://stload.se.ifmo.ru:8080/?token=518477874&user=-1355069478&config=3,1367,0,0
1776025957725,1366,config 3 request,200,OK,config 3 3-14,text,false,"The operation lasted too long: It took 1,366 milliseconds, but should not have lasted longer than 775 milliseconds.",231,167,14,42,http://stload.se.ifmo.ru:8080/?token=518477874&user=-1355069478&config=3,1366,0,0
1776025957686,1405,config 2 request,200,OK,config 2 2-7,text,false,"The operation lasted too long: It took 1,405 milliseconds, but should not have lasted longer than 775 milliseconds.",231,167,14,42,http://stload.se.ifmo.ru:8080/?token=518477874&user=-1355069478&config=2,1405,0,0
1776025958041,1211,config 3 request,200,OK,config 3 3-10,text,false,"The operation lasted too long: It took 1,211 milliseconds, but should not have lasted longer than 775 milliseconds.",231,167,14,42,http://stload.se.ifmo.ru:8080/?token=518477874&user=-1355069478&config=3,1211,0,0
1776025957855,1397,config 3 request,200,OK,config 3 3-7,text,false,"The operation lasted too long: It took 1,397 milliseconds, but should not have lasted longer than 775 milliseconds.",231,167,14,42,http://stload.se.ifmo.ru:8080/?token=518477874&user=-1355069478&config=3,1397,0,0
1776025958028,1224,config 3 request,200,OK,config 3 3-1,text,false,"The operation lasted too long: It took 1,224 milliseconds, but should not have lasted longer than 775 milliseconds.",231,167,14,42,http://stload.se.ifmo.ru:8080/?token=518477874&user=-1355069478&config=3,1224,0,0
1776025958270,1083,config 3 request,200,OK,config 3 3-13,text,false,"The operation lasted too long: It took 1,083 milliseconds, but should not have lasted longer than 775 milliseconds.",231,167,14,42,http://stload.se.ifmo.ru:8080/?token=518477874&user=-1355069478&config=3,1083,0,0
1776025957774,1682,config 2 request,200,OK,config 2 2-12,text,false,"The operation lasted too long: It took 1,682 milliseconds, but should not have lasted longer than 775 milliseconds.",231,167,14,42,http://stload.se.ifmo.ru:8080/?token=518477874&user=-1355069478&config=2,1682,0,0
1776025958273,1183,config 3 request,200,OK,config 3 3-4,text,false,"The operation lasted too long: It took 1,183 milliseconds, but should not have lasted longer than 775 milliseconds.",231,167,14,42,http://stload.se.ifmo.ru:8080/?token=518477874&user=-1355069478&config=3,1183,0,0
1776025958270,1348,config 2 request,200,OK,config 2 2-2,text,false,"The operation lasted too long: It took 1,348 milliseconds, but should not have lasted longer than 775 milliseconds.",231,167,14,42,http://stload.se.ifmo.ru:8080/?token=518477874&user=-1355069478&config=2,1348,0,0
1776025958415,1203,config 3 request,200,OK,config 3 3-9,text,false,"The operation lasted too long: It took 1,203 milliseconds, but should not have lasted longer than 775 milliseconds.",231,167,14,42,http://stload.se.ifmo.ru:8080/?token=518477874&user=-1355069478&config=3,1203,0,0
1776025958415,1288,config 2 request,200,OK,config 2 2-1,text,false,"The operation lasted too long: It took 1,288 milliseconds, but should not have lasted longer than 775 milliseconds.",231,167,14,42,http://stload.se.ifmo.ru:8080/?token=518477874&user=-1355069478&config=2,1288,0,0
1776025958343,1360,config 2 request,200,OK,config 2 2-4,text,false,"The operation lasted too long: It took 1,360 milliseconds, but should not have lasted longer than 775 milliseconds.",231,167,14,42,http://stload.se.ifmo.ru:8080/?token=518477874&user=-1355069478&config=2,1360,0,0
1776025958417,1286,config 2 request,200,OK,config 2 2-13,text,false,"The operation lasted too long: It took 1,286 milliseconds, but should not have lasted longer than 775 milliseconds.",231,167,14,42,http://stload.se.ifmo.ru:8080/?token=518477874&user=-1355069478&config=2,1286,0,0
1776025958415,1485,config 2 request,200,OK,config 2 2-11,text,false,"The operation lasted too long: It took 1,485 milliseconds, but should not have lasted longer than 775 milliseconds.",231,167,14,42,http://stload.se.ifmo.ru:8080/?token=518477874&user=-1355069478&config=2,1485,0,0
1776025958414,1486,config 2 request,200,OK,config 2 2-5,text,false,"The operation lasted too long: It took 1,486 milliseconds, but should not have lasted longer than 775 milliseconds.",231,167,14,42,http://stload.se.ifmo.ru:8080/?token=518477874&user=-1355069478&config=2,1486,0,0
1776025958619,1281,config 3 request,200,OK,config 3 3-3,text,false,"The operation lasted too long: It took 1,281 milliseconds, but should not have lasted longer than 775 milliseconds.",231,167,14,42,http://stload.se.ifmo.ru:8080/?token=518477874&user=-1355069478&config=3,1281,0,0
1776025958693,1248,config 3 request,200,OK,config 3 3-6,text,false,"The operation lasted too long: It took 1,248 milliseconds, but should not have lasted longer than 775 milliseconds.",231,167,14,42,http://stload.se.ifmo.ru:8080/?token=518477874&user=-1355069478&config=3,1248,0,0
1776025958690,1251,config 3 request,200,OK,config 3 3-12,text,false,"The operation lasted too long: It took 1,251 milliseconds, but should not have lasted longer than 775 milliseconds.",231,167,14,42,http://stload.se.ifmo.ru:8080/?token=518477874&user=-1355069478&config=3,1251,0,0
1776025958572,1449,config 2 request,200,OK,config 2 2-6,text,false,"The operation lasted too long: It took 1,449 milliseconds, but should not have lasted longer than 775 milliseconds.",231,167,14,42,http://stload.se.ifmo.ru:8080/?token=518477874&user=-1355069478&config=2,1448,0,0
1776025958573,1730,config 2 request,200,OK,config 2 2-3,text,false,"The operation lasted too long: It took 1,730 milliseconds, but should not have lasted longer than 775 milliseconds.",231,167,14,42,http://stload.se.ifmo.ru:8080/?token=518477874&user=-1355069478&config=2,1730,0,0
1776025958573,1730,config 2 request,200,OK,config 2 2-8,text,false,"The operation lasted too long: It took 1,730 milliseconds, but should not have lasted longer than 775 milliseconds.",231,167,14,42,http://stload.se.ifmo.ru:8080/?token=518477874&user=-1355069478&config=2,1730,0,0
1776025959056,1307,config 3 request,200,OK,config 3 3-8,text,false,"The operation lasted too long: It took 1,307 milliseconds, but should not have lasted longer than 775 milliseconds.",231,167,14,42,http://stload.se.ifmo.ru:8080/?token=518477874&user=-1355069478&config=3,1307,0,0
1776025958861,1502,config 2 request,200,OK,config 2 2-10,text,false,"The operation lasted too long: It took 1,502 milliseconds, but should not have lasted longer than 775 milliseconds.",231,167,14,42,http://stload.se.ifmo.ru:8080/?token=518477874&user=-1355069478&config=2,1502,0,0
1776025958861,1502,config 2 request,200,OK,config 2 2-9,text,false,"The operation lasted too long: It took 1,502 milliseconds, but should not have lasted longer than 775 milliseconds.",231,167,14,42,http://stload.se.ifmo.ru:8080/?token=518477874&user=-1355069478&config=2,1502,0,0
1776025959098,1265,config 3 request,200,OK,config 3 3-11,text,false,"The operation lasted too long: It took 1,265 milliseconds, but should not have lasted longer than 775 milliseconds.",231,167,14,42,http://stload.se.ifmo.ru:8080/?token=518477874&user=-1355069478&config=3,1265,0,0
1776025959226,1147,config 3 request,200,OK,config 3 3-5,text,false,"The operation lasted too long: It took 1,147 milliseconds, but should not have lasted longer than 775 milliseconds.",231,167,14,42,http://stload.se.ifmo.ru:8080/?token=518477874&user=-1355069478&config=3,1147,0,0
1776025959194,1179,config 3 request,200,OK,config 3 3-2,text,false,"The operation lasted too long: It took 1,179 milliseconds, but should not have lasted longer than 775 milliseconds.",231,167,14,42,http://stload.se.ifmo.ru:8080/?token=518477874&user=-1355069478&config=3,1179,0,0
1776025959226,1164,config 3 request,200,OK,config 3 3-14,text,false,"The operation lasted too long: It took 1,164 milliseconds, but should not have lasted longer than 775 milliseconds.",231,167,14,42,http://stload.se.ifmo.ru:8080/?token=518477874&user=-1355069478&config=3,1164,0,0
1776025959090,1374,config 2 request,200,OK,config 2 2-14,text,false,"The operation lasted too long: It took 1,374 milliseconds, but should not have lasted longer than 775 milliseconds.",231,167,14,42,http://stload.se.ifmo.ru:8080/?token=518477874&user=-1355069478&config=2,1374,0,0
1776025959182,1353,config 2 request,200,OK,config 2 2-7,text,false,"The operation lasted too long: It took 1,353 milliseconds, but should not have lasted longer than 775 milliseconds.",231,167,14,42,http://stload.se.ifmo.ru:8080/?token=518477874&user=-1355069478&config=2,1353,0,0
1776025959361,1379,config 3 request,200,OK,config 3 3-7,text,false,"The operation lasted too long: It took 1,379 milliseconds, but should not have lasted longer than 775 milliseconds.",231,167,14,42,http://stload.se.ifmo.ru:8080/?token=518477874&user=-1355069478&config=3,1379,0,0
1776025959526,1214,config 3 request,200,OK,config 3 3-1,text,false,"The operation lasted too long: It took 1,214 milliseconds, but should not have lasted longer than 775 milliseconds.",231,167,14,42,http://stload.se.ifmo.ru:8080/?token=518477874&user=-1355069478&config=3,1214,0,0
1776025959773,1107,config 3 request,200,OK,config 3 3-4,text,false,"The operation lasted too long: It took 1,107 milliseconds, but should not have lasted longer than 775 milliseconds.",231,167,12,37,http://stload.se.ifmo.ru:8080/?token=518477874&user=-1355069478&config=3,1107,0,0
1776025959773,1167,config 3 request,200,OK,config 3 3-13,text,false,"The operation lasted too long: It took 1,167 milliseconds, but should not have lasted longer than 775 milliseconds.",231,167,11,35,http://stload.se.ifmo.ru:8080/?token=518477874&user=-1355069478&config=3,1167,0,0
1776025959545,1395,config 3 request,200,OK,config 3 3-10,text,false,"The operation lasted too long: It took 1,395 milliseconds, but should not have lasted longer than 775 milliseconds.",231,167,11,35,http://stload.se.ifmo.ru:8080/?token=518477874&user=-1355069478&config=3,1395,0,0
1776025959456,1486,config 2 request,200,OK,config 2 2-12,text,false,"The operation lasted too long: It took 1,486 milliseconds, but should not have lasted longer than 775 milliseconds.",231,167,14,35,http://stload.se.ifmo.ru:8080/?token=518477874&user=-1355069478&config=2,1486,0,0
1776025959773,1388,config 2 request,200,OK,config 2 2-2,text,false,"The operation lasted too long: It took 1,388 milliseconds, but should not have lasted longer than 775 milliseconds.",231,167,13,30,http://stload.se.ifmo.ru:8080/?token=518477874&user=-1355069478&config=2,1388,0,0
1776025959917,1244,config 3 request,200,OK,config 3 3-9,text,false,"The operation lasted too long: It took 1,244 milliseconds, but should not have lasted longer than 775 milliseconds.",231,167,9,30,http://stload.se.ifmo.ru:8080/?token=518477874&user=-1355069478&config=3,1244,0,0
1776025959847,1335,config 2 request,200,OK,config 2 2-4,text,false,"The operation lasted too long: It took 1,335 milliseconds, but should not have lasted longer than 775 milliseconds.",231,167,12,26,http://stload.se.ifmo.ru:8080/?token=518477874&user=-1355069478&config=2,1335,0,0
1776025959915,1347,config 2 request,200,OK,config 2 2-5,text,false,"The operation lasted too long: It took 1,347 milliseconds, but should not have lasted longer than 775 milliseconds.",231,167,11,24,http://stload.se.ifmo.ru:8080/?token=518477874&user=-1355069478&config=2,1347,0,0
1776025960195,1127,config 3 request,200,OK,config 3 3-6,text,false,"The operation lasted too long: It took 1,127 milliseconds, but should not have lasted longer than 775 milliseconds.",231,167,8,23,http://stload.se.ifmo.ru:8080/?token=518477874&user=-1355069478&config=3,1127,0,0
1776025960115,1207,config 3 request,200,OK,config 3 3-3,text,false,"The operation lasted too long: It took 1,207 milliseconds, but should not have lasted longer than 775 milliseconds.",231,167,8,23,http://stload.se.ifmo.ru:8080/?token=518477874&user=-1355069478&config=3,1207,0,0
1776025960193,1129,config 3 request,200,OK,config 3 3-12,text,false,"The operation lasted too long: It took 1,129 milliseconds, but should not have lasted longer than 775 milliseconds.",231,167,8,23,http://stload.se.ifmo.ru:8080/?token=518477874&user=-1355069478&config=3,1129,0,0
1776025959919,1519,config 2 request,200,OK,config 2 2-13,text,false,"The operation lasted too long: It took 1,519 milliseconds, but should not have lasted longer than 775 milliseconds.",231,167,10,20,http://stload.se.ifmo.ru:8080/?token=518477874&user=-1355069478&config=2,1519,0,0
1776025959917,1522,config 2 request,200,OK,config 2 2-11,text,false,"The operation lasted too long: It took 1,522 milliseconds, but should not have lasted longer than 775 milliseconds.",231,167,10,20,http://stload.se.ifmo.ru:8080/?token=518477874&user=-1355069478&config=2,1522,0,0
1776025959918,1521,config 2 request,200,OK,config 2 2-1,text,false,"The operation lasted too long: It took 1,521 milliseconds, but should not have lasted longer than 775 milliseconds.",231,167,10,20,http://stload.se.ifmo.ru:8080/?token=518477874&user=-1355069478&config=2,1521,0,0
1776025960068,1472,config 2 request,200,OK,config 2 2-6,text,false,"The operation lasted too long: It took 1,472 milliseconds, but should not have lasted longer than 775 milliseconds.",231,167,7,17,http://stload.se.ifmo.ru:8080/?token=518477874&user=-1355069478&config=2,1472,0,0
1776025960303,1352,config 2 request,200,OK,config 2 2-8,text,false,"The operation lasted too long: It took 1,352 milliseconds, but should not have lasted longer than 775 milliseconds.",231,167,6,15,http://stload.se.ifmo.ru:8080/?token=518477874&user=-1355069478&config=2,1352,0,0
1776025960303,1352,config 2 request,200,OK,config 2 2-3,text,false,"The operation lasted too long: It took 1,352 milliseconds, but should not have lasted longer than 775 milliseconds.",231,167,6,15,http://stload.se.ifmo.ru:8080/?token=518477874&user=-1355069478&config=2,1352,0,0
1776025960364,1332,config 2 request,200,OK,config 2 2-10,text,false,"The operation lasted too long: It took 1,332 milliseconds, but should not have lasted longer than 775 milliseconds.",231,167,4,12,http://stload.se.ifmo.ru:8080/?token=518477874&user=-1355069478&config=2,1332,0,0
1776025960555,1141,config 3 request,200,OK,config 3 3-8,text,false,"The operation lasted too long: It took 1,141 milliseconds, but should not have lasted longer than 775 milliseconds.",231,167,5,12,http://stload.se.ifmo.ru:8080/?token=518477874&user=-1355069478&config=3,1141,0,0
1776025960364,1493,config 2 request,200,OK,config 2 2-9,text,false,"The operation lasted too long: It took 1,493 milliseconds, but should not have lasted longer than 775 milliseconds.",231,167,3,10,http://stload.se.ifmo.ru:8080/?token=518477874&user=-1355069478&config=2,1493,0,0
1776025960724,1193,config 3 request,200,OK,config 3 3-5,text,false,"The operation lasted too long: It took 1,193 milliseconds, but should not have lasted longer than 775 milliseconds.",231,167,4,9,http://stload.se.ifmo.ru:8080/?token=518477874&user=-1355069478&config=3,1193,0,0
1776025960693,1224,config 3 request,200,OK,config 3 3-2,text,false,"The operation lasted too long: It took 1,224 milliseconds, but should not have lasted longer than 775 milliseconds.",231,167,4,9,http://stload.se.ifmo.ru:8080/?token=518477874&user=-1355069478&config=3,1224,0,0
1776025960596,1321,config 3 request,200,OK,config 3 3-11,text,false,"The operation lasted too long: It took 1,321 milliseconds, but should not have lasted longer than 775 milliseconds.",231,167,4,9,http://stload.se.ifmo.ru:8080/?token=518477874&user=-1355069478&config=3,1321,0,0
1776025960725,1202,config 3 request,200,OK,config 3 3-14,text,false,"The operation lasted too long: It took 1,202 milliseconds, but should not have lasted longer than 775 milliseconds.",231,167,1,6,http://stload.se.ifmo.ru:8080/?token=518477874&user=-1355069478&config=3,1202,0,0
1776025960594,1403,config 2 request,200,OK,config 2 2-14,text,false,"The operation lasted too long: It took 1,403 milliseconds, but should not have lasted longer than 775 milliseconds.",231,167,2,5,http://stload.se.ifmo.ru:8080/?token=518477874&user=-1355069478&config=2,1403,0,0
1776025960685,1504,config 2 request,200,OK,config 2 2-7,text,false,"The operation lasted too long: It took 1,504 milliseconds, but should not have lasted longer than 775 milliseconds.",231,167,1,4,http://stload.se.ifmo.ru:8080/?token=518477874&user=-1355069478&config=2,1504,0,0
