timeStamp,elapsed,label,responseCode,responseMessage,threadName,dataType,success,failureMessage,bytes,sentBytes,grpThreads,allThreads,URL,Latency,IdleTime,Connect
1776025781000,1441,config 1 request,200,OK,config 1 1-1,text,false,"The operation lasted too long: It took 1,441 milliseconds, but should not have lasted longer than 775 milliseconds.",231,167,2,6,http://stload.se.ifmo.ru:8080/?token=518477874&user=-1355069478&config=1,1441,0,227
1776025781750,1480,config 1 request,200,OK,config 1 1-2,text,false,"The operation lasted too long: It took 1,480 milliseconds, but should not have lasted longer than 775 milliseconds.",231,167,3,9,http://stload.se.ifmo.ru:8080/?token=518477874&user=-1355069478&config=1,1480,0,185
1776025782443,1252,config 1 request,200,OK,config 1 1-1,text,false,"The operation lasted too long: It took 1,252 milliseconds, but should not have lasted longer than 775 milliseconds.",231,167,3,9,http://stload.se.ifmo.ru:8080/?token=518477874&user=-1355069478&config=1,1251,0,0
1776025782731,1351,config 1 request,200,OK,config 1 1-3,text,false,"The operation lasted too long: It took 1,351 milliseconds, but should not have lasted longer than 775 milliseconds.",231,167,4,12,http://stload.se.ifmo.ru:8080/?token=518477874&user=-1355069478&config=1,1351,0,96
1776025783249,1258,config 1 request,200,OK,config 1 1-2,text,false,"The operation lasted too long: It took 1,258 milliseconds, but should not have lasted longer than 775 milliseconds.",231,167,4,12,http://stload.se.ifmo.ru:8080/?token=518477874&user=-1355069478&config=1,1258,0,0
1776025783724,1454,config 1 request,200,OK,config 1 1-4,text,false,"The operation lasted too long: It took 1,454 milliseconds, but should not have lasted longer than 775 milliseconds.",231,167,5,15,http://stload.se.ifmo.ru:8080/?token=518477874&user=-1355069478&config=1,1454,0,131
1776025783945,1233,config 1 request,200,OK,config 1 1-1,text,false,"The operation lasted too long: It took 1,233 milliseconds, but should not have lasted longer than 775 milliseconds.",231,167,5,15,http://stload.se.ifmo.ru:8080/?token=518477874&user=-1355069478&config=1,1233,0,0
1776025784235,1218,config 1 request,200,OK,config 1 1-3,text,false,"The operation lasted too long: It took 1,218 milliseconds, but should not have lasted longer than 775 milliseconds.",231,167,5,15,http://stload.se.ifmo.ru:8080/?token=518477874&user=-1355069478&config=1,1218,0,0
1776025784752,1231,config 1 request,200,OK,config 1 1-2,text,false,"The operation lasted too long: It took 1,231 milliseconds, but should not have lasted longer than 775 milliseconds.",231,167,6,18,http://stload.se.ifmo.ru:8080/?token=518477874&user=-1355069478&config=1,1231,0,0
1776025784724,1396,config 1 request,200,OK,config 1 1-5,text,false,"The operation lasted too long: It took 1,396 milliseconds, but should not have lasted longer than 775 milliseconds.",231,167,6,18,http://stload.se.ifmo.ru:8080/?token=518477874&user=-1355069478&config=1,1396,0,124
1776025785227,1279,config 1 request,200,OK,config 1 1-4,text,false,"The operation lasted too long: It took 1,279 milliseconds, but should not have lasted longer than 775 milliseconds.",231,167,6,18,http://stload.se.ifmo.ru:8080/?token=518477874&user=-1355069478&config=1,1279,0,0
1776025785449,1224,config 1 request,200,OK,config 1 1-1,text,false,"The operation lasted too long: It took 1,224 milliseconds, but should not have lasted longer than 775 milliseconds.",231,167,6,18,http://stload.se.ifmo.ru:8080/?token=518477874&user=-1355069478&config=1,1224,0,0
1776025785732,1310,config 1 request,200,OK,config 1 1-3,text,false,"The operation lasted too long: It took 1,310 milliseconds, but should not have lasted longer than 775 milliseconds.",231,167,7,21,http://stload.se.ifmo.ru:8080/?token=518477874&user=-1355069478&config=1,1310,0,0
1776025785723,1419,config 1 request,200,OK,config 1 1-6,text,false,"The operation lasted too long: It took 1,419 milliseconds, but should not have lasted longer than 775 milliseconds.",231,167,7,21,http://stload.se.ifmo.ru:8080/?token=518477874&user=-1355069478&config=1,1419,0,97
1776025786225,1307,config 1 request,200,OK,config 1 1-5,text,false,"The operation lasted too long: It took 1,307 milliseconds, but should not have lasted longer than 775 milliseconds.",231,167,7,21,http://stload.se.ifmo.ru:8080/?token=518477874&user=-1355069478&config=1,1307,0,0
1776025786251,1323,config 1 request,200,OK,config 1 1-2,text,false,"The operation lasted too long: It took 1,323 milliseconds, but should not have lasted longer than 775 milliseconds.",231,167,7,21,http://stload.se.ifmo.ru:8080/?token=518477874&user=-1355069478&config=1,1323,0,0
1776025786728,1289,config 1 request,200,OK,config 1 1-4,text,false,"The operation lasted too long: It took 1,289 milliseconds, but should not have lasted longer than 775 milliseconds.",231,167,8,24,http://stload.se.ifmo.ru:8080/?token=518477874&user=-1355069478&config=1,1289,0,0
1776025786724,1386,config 1 request,200,OK,config 1 1-7,text,false,"The operation lasted too long: It took 1,386 milliseconds, but should not have lasted longer than 775 milliseconds.",231,167,8,24,http://stload.se.ifmo.ru:8080/?token=518477874&user=-1355069478&config=1,1386,0,136
1776025786947,1292,config 1 request,200,OK,config 1 1-1,text,false,"The operation lasted too long: It took 1,292 milliseconds, but should not have lasted longer than 775 milliseconds.",231,167,8,24,http://stload.se.ifmo.ru:8080/?token=518477874&user=-1355069478&config=1,1292,0,0
1776025787223,1293,config 1 request,200,OK,config 1 1-6,text,false,"The operation lasted too long: It took 1,293 milliseconds, but should not have lasted longer than 775 milliseconds.",231,167,8,24,http://stload.se.ifmo.ru:8080/?token=518477874&user=-1355069478&config=1,1293,0,0
1776025787233,1325,config 1 request,200,OK,config 1 1-3,text,false,"The operation lasted too long: It took 1,325 milliseconds, but should not have lasted longer than 775 milliseconds.",231,167,8,24,http://stload.se.ifmo.ru:8080/?token=518477874&user=-1355069478&config=1,1325,0,0
1776025787723,1293,config 1 request,200,OK,config 1 1-5,text,false,"The operation lasted too long: It took 1,293 milliseconds, but should not have lasted longer than 775 milliseconds.",231,167,9,27,http://stload.se.ifmo.ru:8080/?token=518477874&user=-1355069478&config=1,1293,0,0
1776025787750,1360,config 1 request,200,OK,config 1 1-2,text,false,"The operation lasted too long: It took 1,360 milliseconds, but should not have lasted longer than 775 milliseconds.",231,167,9,27,http://stload.se.ifmo.ru:8080/?token=518477874&user=-1355069478&config=1,1360,0,0
1776025787721,1473,config 1 request,200,OK,config 1 1-8,text,false,"The operation lasted too long: It took 1,473 milliseconds, but should not have lasted longer than 775 milliseconds.",231,167,9,27,http://stload.se.ifmo.ru:8080/?token=518477874&user=-1355069478&config=1,1473,0,161
1776025788224,1340,config 1 request,200,OK,config 1 1-4,text,false,"The operation lasted too long: It took 1,340 milliseconds, but should not have lasted longer than 775 milliseconds.",231,167,9,27,http://stload.se.ifmo.ru:8080/?token=518477874&user=-1355069478&config=1,1340,0,0
1776025788226,1338,config 1 request,200,OK,config 1 1-7,text,false,"The operation lasted too long: It took 1,338 milliseconds, but should not have lasted longer than 775 milliseconds.",231,167,9,27,http://stload.se.ifmo.ru:8080/?token=518477874&user=-1355069478&config=1,1338,0,0
1776025788444,1306,config 1 request,200,OK,config 1 1-1,text,false,"The operation lasted too long: It took 1,306 milliseconds, but should not have lasted longer than 775 milliseconds.",231,167,10,29,http://stload.se.ifmo.ru:8080/?token=518477874&user=-1355069478&config=1,1306,0,0
1776025788730,1305,config 1 request,200,OK,config 1 1-3,text,false,"The operation lasted too long: It took 1,305 milliseconds, but should not have lasted longer than 775 milliseconds.",231,167,10,30,http://stload.se.ifmo.ru:8080/?token=518477874&user=-1355069478&config=1,1305,0,0
1776025788725,1311,config 1 request,200,OK,config 1 1-6,text,false,"The operation lasted too long: It took 1,311 milliseconds, but should not have lasted longer than 775 milliseconds.",231,167,10,30,http://stload.se.ifmo.ru:8080/?token=518477874&user=-1355069478&config=1,1310,0,0
1776025788725,1480,config 1 request,200,OK,config 1 1-9,text,false,"The operation lasted too long: It took 1,480 milliseconds, but should not have lasted longer than 775 milliseconds.",231,167,10,30,http://stload.se.ifmo.ru:8080/?token=518477874&user=-1355069478&config=1,1480,0,159
1776025789226,1337,config 1 request,200,OK,config 1 1-5,text,false,"The operation lasted too long: It took 1,337 milliseconds, but should not have lasted longer than 775 milliseconds.",231,167,10,30,http://stload.se.ifmo.ru:8080/?token=518477874&user=-1355069478&config=1,1337,0,0
1776025789225,1338,config 1 request,200,OK,config 1 1-8,text,false,"The operation lasted too long: It took 1,338 milliseconds, but should not have lasted longer than 775 milliseconds.",231,167,10,30,http://stload.se.ifmo.ru:8080/?token=518477874&user=-1355069478&config=1,1338,0,0
1776025789251,1405,config 1 request,200,OK,config 1 1-2,text,false,"The operation lasted too long: It took 1,405 milliseconds, but should not have lasted longer than 775 milliseconds.",231,167,10,30,http://stload.se.ifmo.ru:8080/?token=518477874&user=-1355069478&config=1,1405,0,0
1776025789725,1350,config 1 request,200,OK,config 1 1-4,text,false,"The operation lasted too long: It took 1,350 milliseconds, but should not have lasted longer than 775 milliseconds.",231,167,11,33,http://stload.se.ifmo.ru:8080/?token=518477874&user=-1355069478&config=1,1350,0,0
1776025789728,1347,config 1 request,200,OK,config 1 1-7,text,false,"The operation lasted too long: It took 1,347 milliseconds, but should not have lasted longer than 775 milliseconds.",231,167,11,33,http://stload.se.ifmo.ru:8080/?token=518477874&user=-1355069478&config=1,1347,0,0
1776025789722,1452,config 1 request,200,OK,config 1 1-10,text,false,"The operation lasted too long: It took 1,452 milliseconds, but should not have lasted longer than 775 milliseconds.",231,167,11,33,http://stload.se.ifmo.ru:8080/?token=518477874&user=-1355069478&config=1,1452,0,110
1776025789948,1336,config 1 request,200,OK,config 1 1-1,text,false,"The operation lasted too long: It took 1,336 milliseconds, but should not have lasted longer than 775 milliseconds.",231,167,11,33,http://stload.se.ifmo.ru:8080/?token=518477874&user=-1355069478&config=1,1336,0,0
1776025790228,1334,config 1 request,200,OK,config 1 1-9,text,false,"The operation lasted too long: It took 1,334 milliseconds, but should not have lasted longer than 775 milliseconds.",231,167,11,33,http://stload.se.ifmo.ru:8080/?token=518477874&user=-1355069478&config=1,1334,0,0
1776025790228,1335,config 1 request,200,OK,config 1 1-6,text,false,"The operation lasted too long: It took 1,335 milliseconds, but should not have lasted longer than 775 milliseconds.",231,167,11,33,http://stload.se.ifmo.ru:8080/?token=518477874&user=-1355069478&config=1,1335,0,0
1776025790232,1330,config 1 request,200,OK,config 1 1-3,text,false,"The operation lasted too long: It took 1,330 milliseconds, but should not have lasted longer than 775 milliseconds.",231,167,11,33,http://stload.se.ifmo.ru:8080/?token=518477874&user=-1355069478&config=1,1330,0,0
1776025790722,1377,config 1 request,200,OK,config 1 1-5,text,false,"The operation lasted too long: It took 1,377 milliseconds, but should not have lasted longer than 775 milliseconds.",231,167,12,36,http://stload.se.ifmo.ru:8080/?token=518477874&user=-1355069478&config=1,1377,0,0
1776025790725,1374,config 1 request,200,OK,config 1 1-8,text,false,"The operation lasted too long: It took 1,374 milliseconds, but should not have lasted longer than 775 milliseconds.",231,167,12,36,http://stload.se.ifmo.ru:8080/?token=518477874&user=-1355069478&config=1,1374,0,0
1776025790749,1447,config 1 request,200,OK,config 1 1-2,text,false,"The operation lasted too long: It took 1,447 milliseconds, but should not have lasted longer than 775 milliseconds.",231,167,12,36,http://stload.se.ifmo.ru:8080/?token=518477874&user=-1355069478&config=1,1446,0,0
1776025790725,1508,config 1 request,200,OK,config 1 1-11,text,false,"The operation lasted too long: It took 1,508 milliseconds, but should not have lasted longer than 775 milliseconds.",231,167,12,36,http://stload.se.ifmo.ru:8080/?token=518477874&user=-1355069478&config=1,1508,0,121
1776025791225,1390,config 1 request,200,OK,config 1 1-7,text,false,"The operation lasted too long: It took 1,390 milliseconds, but should not have lasted longer than 775 milliseconds.",231,167,12,36,http://stload.se.ifmo.ru:8080/?token=518477874&user=-1355069478&config=1,1390,0,0
1776025791225,1390,config 1 request,200,OK,config 1 1-4,text,false,"The operation lasted too long: It took 1,390 milliseconds, but should not have lasted longer than 775 milliseconds.",231,167,12,36,http://stload.se.ifmo.ru:8080/?token=518477874&user=-1355069478&config=1,1390,0,0
1776025791221,1396,config 1 request,200,OK,config 1 1-10,text,false,"The operation lasted too long: It took 1,396 milliseconds, but should not have lasted longer than 775 milliseconds.",231,167,12,36,http://stload.se.ifmo.ru:8080/?token=518477874&user=-1355069478&config=1,1394,0,0
1776025791446,1397,config 1 request,200,OK,config 1 1-1,text,false,"The operation lasted too long: It took 1,397 milliseconds, but should not have lasted longer than 775 milliseconds.",231,167,13,39,http://stload.se.ifmo.ru:8080/?token=518477874&user=-1355069478&config=1,1397,0,0
1776025791724,1389,config 1 request,200,OK,config 1 1-9,text,false,"The operation lasted too long: It took 1,389 milliseconds, but should not have lasted longer than 775 milliseconds.",231,167,13,39,http://stload.se.ifmo.ru:8080/?token=518477874&user=-1355069478&config=1,1389,0,0
1776025791726,1387,config 1 request,200,OK,config 1 1-6,text,false,"The operation lasted too long: It took 1,387 milliseconds, but should not have lasted longer than 775 milliseconds.",231,167,13,39,http://stload.se.ifmo.ru:8080/?token=518477874&user=-1355069478&config=1,1387,0,0
1776025791733,1399,config 1 request,200,OK,config 1 1-3,text,false,"The operation lasted too long: It took 1,399 milliseconds, but should not have lasted longer than 775 milliseconds.",231,167,13,39,http://stload.se.ifmo.ru:8080/?token=518477874&user=-1355069478&config=1,1399,0,0
1776025791726,1555,config 1 request,200,OK,config 1 1-12,text,false,"The operation lasted too long: It took 1,555 milliseconds, but should not have lasted longer than 775 milliseconds.",231,167,13,39,http://stload.se.ifmo.ru:8080/?token=518477874&user=-1355069478&config=1,1555,0,110
1776025792221,1415,config 1 request,200,OK,config 1 1-8,text,false,"The operation lasted too long: It took 1,415 milliseconds, but should not have lasted longer than 775 milliseconds.",231,167,13,39,http://stload.se.ifmo.ru:8080/?token=518477874&user=-1355069478&config=1,1415,0,0
1776025792225,1411,config 1 request,200,OK,config 1 1-5,text,false,"The operation lasted too long: It took 1,411 milliseconds, but should not have lasted longer than 775 milliseconds.",231,167,13,39,http://stload.se.ifmo.ru:8080/?token=518477874&user=-1355069478&config=1,1411,0,0
1776025792234,1452,config 1 request,200,OK,config 1 1-11,text,false,"The operation lasted too long: It took 1,452 milliseconds, but should not have lasted longer than 775 milliseconds.",231,167,13,39,http://stload.se.ifmo.ru:8080/?token=518477874&user=-1355069478&config=1,1452,0,0
1776025792251,1480,config 1 request,200,OK,config 1 1-2,text,false,"The operation lasted too long: It took 1,480 milliseconds, but should not have lasted longer than 775 milliseconds.",231,167,14,40,http://stload.se.ifmo.ru:8080/?token=518477874&user=-1355069478&config=1,1480,0,0
1776025792725,1416,config 1 request,200,OK,config 1 1-10,text,false,"The operation lasted too long: It took 1,416 milliseconds, but should not have lasted longer than 775 milliseconds.",231,167,14,42,http://stload.se.ifmo.ru:8080/?token=518477874&user=-1355069478&config=1,1416,0,0
1776025792726,1448,config 1 request,200,OK,config 1 1-7,text,false,"The operation lasted too long: It took 1,448 milliseconds, but should not have lasted longer than 775 milliseconds.",231,167,14,42,http://stload.se.ifmo.ru:8080/?token=518477874&user=-1355069478&config=1,1448,0,0
1776025792725,1449,config 1 request,200,OK,config 1 1-4,text,false,"The operation lasted too long: It took 1,449 milliseconds, but should not have lasted longer than 775 milliseconds.",231,167,14,42,http://stload.se.ifmo.ru:8080/?token=518477874&user=-1355069478&config=1,1449,0,0
1776025792721,1608,config 1 request,200,OK,config 1 1-13,text,false,"The operation lasted too long: It took 1,608 milliseconds, but should not have lasted longer than 775 milliseconds.",231,167,14,42,http://stload.se.ifmo.ru:8080/?token=518477874&user=-1355069478&config=1,1608,0,122
1776025792946,1461,config 1 request,200,OK,config 1 1-1,text,false,"The operation lasted too long: It took 1,461 milliseconds, but should not have lasted longer than 775 milliseconds.",231,167,14,42,http://stload.se.ifmo.ru:8080/?token=518477874&user=-1355069478&config=1,1461,0,0
1776025793222,1456,config 1 request,200,OK,config 1 1-6,text,false,"The operation lasted too long: It took 1,456 milliseconds, but should not have lasted longer than 775 milliseconds.",231,167,14,42,http://stload.se.ifmo.ru:8080/?token=518477874&user=-1355069478&config=1,1456,0,0
1776025793230,1448,config 1 request,200,OK,config 1 1-3,text,false,"The operation lasted too long: It took 1,448 milliseconds, but should not have lasted longer than 775 milliseconds.",231,167,14,42,http://stload.se.ifmo.ru:8080/?token=518477874&user=-1355069478&config=1,1448,0,0
1776025793226,1452,config 1 request,200,OK,config 1 1-9,text,false,"The operation lasted too long: It took 1,452 milliseconds, but should not have lasted longer than 775 milliseconds.",231,167,14,42,http://stload.se.ifmo.ru:8080/?token=518477874&user=-1355069478&config=1,1452,0,0
1776025793282,1477,config 1 request,200,OK,config 1 1-12,text,false,"The operation lasted too long: It took 1,477 milliseconds, but should not have lasted longer than 775 milliseconds.",231,167,14,42,http://stload.se.ifmo.ru:8080/?token=518477874&user=-1355069478&config=1,1477,0,0
1776025793722,1513,config 1 request,200,OK,config 1 1-8,text,false,"The operation lasted too long: It took 1,513 milliseconds, but should not have lasted longer than 775 milliseconds.",231,167,14,42,http://stload.se.ifmo.ru:8080/?token=518477874&user=-1355069478&config=1,1513,0,0
1776025793730,1505,config 1 request,200,OK,config 1 1-5,text,false,"The operation lasted too long: It took 1,505 milliseconds, but should not have lasted longer than 775 milliseconds.",231,167,14,42,http://stload.se.ifmo.ru:8080/?token=518477874&user=-1355069478&config=1,1505,0,0
1776025793746,1490,config 1 request,200,OK,config 1 1-2,text,false,"The operation lasted too long: It took 1,490 milliseconds, but should not have lasted longer than 775 milliseconds.",231,167,14,42,http://stload.se.ifmo.ru:8080/?token=518477874&user=-1355069478&config=1,1490,0,0
1776025793739,1496,config 1 request,200,OK,config 1 1-11,text,false,"The operation lasted too long: It took 1,496 milliseconds, but should not have lasted longer than 775 milliseconds.",231,167,14,42,http://stload.se.ifmo.ru:8080/?token=518477874&user=-1355069478&config=1,1496,0,0
1776025793732,1613,config 1 request,200,OK,config 1 1-14,text,false,"The operation lasted too long: It took 1,613 milliseconds, but should not have lasted longer than 775 milliseconds.",231,167,14,42,http://stload.se.ifmo.ru:8080/?token=518477874&user=-1355069478&config=1,1613,0,109
1776025794228,1503,config 1 request,200,OK,config 1 1-4,text,false,"The operation lasted too long: It took 1,503 milliseconds, but should not have lasted longer than 775 milliseconds.",231,167,14,42,http://stload.se.ifmo.ru:8080/?token=518477874&user=-1355069478&config=1,1503,0,0
1776025794225,1506,config 1 request,200,OK,config 1 1-10,text,false,"The operation lasted too long: It took 1,506 milliseconds, but should not have lasted longer than 775 milliseconds.",231,167,14,42,http://stload.se.ifmo.ru:8080/?token=518477874&user=-1355069478&config=1,1506,0,0
1776025794228,1503,config 1 request,200,OK,config 1 1-7,text,false,"The operation lasted too long: It took 1,503 milliseconds, but should not have lasted longer than 775 milliseconds.",231,167,14,42,http://stload.se.ifmo.ru:8080/?token=518477874&user=-1355069478&config=1,1503,0,0
1776025794330,1530,config 1 request,200,OK,config 1 1-13,text,false,"The operation lasted too long: It took 1,530 milliseconds, but should not have lasted longer than 775 milliseconds.",231,167,14,42,http://stload.se.ifmo.ru:8080/?token=518477874&user=-1355069478&config=1,1529,0,0
1776025794448,1537,config 1 request,200,OK,config 1 1-1,text,false,"The operation lasted too long: It took 1,537 milliseconds, but should not have lasted longer than 775 milliseconds.",231,167,14,42,http://stload.se.ifmo.ru:8080/?token=518477874&user=-1355069478&config=1,1537,0,0
1776025794728,1516,config 1 request,200,OK,config 1 1-9,text,false,"The operation lasted too long: It took 1,516 milliseconds, but should not have lasted longer than 775 milliseconds.",231,167,14,42,http://stload.se.ifmo.ru:8080/?token=518477874&user=-1355069478&config=1,1516,0,0
1776025794725,1519,config 1 request,200,OK,config 1 1-6,text,false,"The operation lasted too long: It took 1,519 milliseconds, but should not have lasted longer than 775 milliseconds.",231,167,14,42,http://stload.se.ifmo.ru:8080/?token=518477874&user=-1355069478&config=1,1519,0,0
1776025794730,1554,config 1 request,200,OK,config 1 1-3,text,false,"The operation lasted too long: It took 1,554 milliseconds, but should not have lasted longer than 775 milliseconds.",231,167,14,42,http://stload.se.ifmo.ru:8080/?token=518477874&user=-1355069478&config=1,1554,0,0
1776025794787,1638,config 1 request,200,OK,config 1 1-12,text,false,"The operation lasted too long: It took 1,638 milliseconds, but should not have lasted longer than 775 milliseconds.",231,167,14,42,http://stload.se.ifmo.ru:8080/?token=518477874&user=-1355069478&config=1,1638,0,0
1776025795238,1527,config 1 request,200,OK,config 1 1-11,text,false,"The operation lasted too long: It took 1,527 milliseconds, but should not have lasted longer than 775 milliseconds.",231,167,14,42,http://stload.se.ifmo.ru:8080/?token=518477874&user=-1355069478&config=1,1527,0,0
1776025795249,1548,config 1 request,200,OK,config 1 1-2,text,false,"The operation lasted too long: It took 1,548 milliseconds, but should not have lasted longer than 775 milliseconds.",231,167,14,42,http://stload.se.ifmo.ru:8080/?token=518477874&user=-1355069478&config=1,1548,0,0
1776025795236,1561,config 1 request,200,OK,config 1 1-8,text,false,"The operation lasted too long: It took 1,561 milliseconds, but should not have lasted longer than 775 milliseconds.",231,167,14,42,http://stload.se.ifmo.ru:8080/?token=518477874&user=-1355069478&config=1,1561,0,0
1776025795236,1561,config 1 request,200,OK,config 1 1-5,text,false,"The operation lasted too long: It took 1,561 milliseconds, but should not have lasted longer than 775 milliseconds.",231,167,14,42,http://stload.se.ifmo.ru:8080/?token=518477874&user=-1355069478&config=1,1561,0,0
1776025795347,1849,config 1 request,200,OK,config 1 1-14,text,false,"The operation lasted too long: It took 1,849 milliseconds, but should not have lasted longer than 775 milliseconds.",231,167,14,42,http://stload.se.ifmo.ru:8080/?token=518477874&user=-1355069478&config=1,1849,0,0
1776025795732,1559,config 1 request,200,OK,config 1 1-4,text,false,"The operation lasted too long: It took 1,559 milliseconds, but should not have lasted longer than 775 milliseconds.",231,167,14,42,http://stload.se.ifmo.ru:8080/?token=518477874&user=-1355069478&config=1,1558,0,0
1776025795732,1601,config 1 request,200,OK,config 1 1-10,text,false,"The operation lasted too long: It took 1,601 milliseconds, but should not have lasted longer than 775 milliseconds.",231,167,14,42,http://stload.se.ifmo.ru:8080/?token=518477874&user=-1355069478&config=1,1601,0,0
1776025795732,1601,config 1 request,200,OK,config 1 1-7,text,false,"The operation lasted too long: It took 1,601 milliseconds, but should not have lasted longer than 775 milliseconds.",231,167,14,42,http://stload.se.ifmo.ru:8080/?token=518477874&user=-1355069478&config=1,1601,0,0
1776025795860,1566,config 1 request,200,OK,config 1 1-13,text,false,"The operation lasted too long: It took 1,566 milliseconds, but should not have lasted longer than 775 milliseconds.",231,167,14,42,http://stload.se.ifmo.ru:8080/?token=518477874&user=-1355069478&config=1,1566,0,0
1776025795986,1675,config 1 request,200,OK,config 1 1-1,text,false,"The operation lasted too long: It took 1,675 milliseconds, but should not have lasted longer than 775 milliseconds.",231,167,14,42,http://stload.se.ifmo.ru:8080/?token=518477874&user=-1355069478&config=1,1675,0,0
1776025796244,1585,config 1 request,200,OK,config 1 1-6,text,false,"The operation lasted too long: It took 1,585 milliseconds, but should not have lasted longer than 775 milliseconds.",231,167,14,42,http://stload.se.ifmo.ru:8080/?token=518477874&user=-1355069478&config=1,1585,0,0
1776025796285,1655,config 1 request,200,OK,config 1 1-3,text,false,"The operation lasted too long: It took 1,655 milliseconds, but should not have lasted longer than 775 milliseconds.",231,167,14,42,http://stload.se.ifmo.ru:8080/?token=518477874&user=-1355069478&config=1,1655,0,0
1776025796244,1696,config 1 request,200,OK,config 1 1-9,text,false,"The operation lasted too long: It took 1,696 milliseconds, but should not have lasted longer than 775 milliseconds.",231,167,14,42,http://stload.se.ifmo.ru:8080/?token=518477874&user=-1355069478&config=1,1696,0,0
1776025796426,1597,config 1 request,200,OK,config 1 1-12,text,false,"The operation lasted too long: It took 1,597 milliseconds, but should not have lasted longer than 775 milliseconds.",231,167,14,42,http://stload.se.ifmo.ru:8080/?token=518477874&user=-1355069478&config=1,1597,0,0
1776025796765,1658,config 1 request,200,OK,config 1 1-11,text,false,"The operation lasted too long: It took 1,658 milliseconds, but should not have lasted longer than 775 milliseconds.",231,167,14,42,http://stload.se.ifmo.ru:8080/?token=518477874&user=-1355069478&config=1,1658,0,0
1776025796798,1769,config 1 request,200,OK,config 1 1-5,text,false,"The operation lasted too long: It took 1,769 milliseconds, but should not have lasted longer than 775 milliseconds.",231,167,14,42,http://stload.se.ifmo.ru:8080/?token=518477874&user=-1355069478&config=1,1769,0,0
1776025796798,1772,config 1 request,200,OK,config 1 1-8,text,false,"The operation lasted too long: It took 1,772 milliseconds, but should not have lasted longer than 775 milliseconds.",231,167,14,42,http://stload.se.ifmo.ru:8080/?token=518477874&user=-1355069478&config=1,1772,0,0
1776025796799,1771,config 1 request,200,OK,config 1 1-2,text,false,"The operation lasted too long: It took 1,771 milliseconds, but should not have lasted longer than 775 milliseconds.",231,167,14,42,http://stload.se.ifmo.ru:8080/?token=518477874&user=-1355069478&config=1,1771,0,0
1776025797197,1690,config 1 request,200,OK,config 1 1-14,text,false,"The operation lasted too long: It took 1,690 milliseconds, but should not have lasted longer than 775 milliseconds.",231,167,14,42,http://stload.se.ifmo.ru:8080/?token=518477874&user=-1355069478&config=1,1690,0,0
1776025797335,1657,config 1 request,200,OK,config 1 1-10,text,false,"The operation lasted too long: It took 1,657 milliseconds, but should not have lasted longer than 775 milliseconds.",231,167,14,42,http://stload.se.ifmo.ru:8080/?token=518477874&user=-1355069478&config=1,1657,0,0
1776025797292,1700,config 1 request,200,OK,config 1 1-4,text,false,"The operation lasted too long: It took 1,700 milliseconds, but should not have lasted longer than 775 milliseconds.",231,167,14,42,http://stload.se.ifmo.ru:8080/?token=518477874&user=-1355069478&config=1,1700,0,0
1776025797335,1684,config 1 request,200,OK,config 1 1-7,text,false,"The operation lasted too long: It took 1,684 milliseconds, but should not have lasted longer than 775 milliseconds.",231,167,14,42,http://stload.se.ifmo.ru:8080/?token=518477874&user=-1355069478&config=1,1684,0,0
1776025797427,1865,config 1 request,200,OK,config 1 1-13,text,false,"The operation lasted too long: It took 1,865 milliseconds, but should not have lasted longer than 775 milliseconds.",231,167,14,42,http://stload.se.ifmo.ru:8080/?token=518477874&user=-1355069478&config=1,1865,0,0
1776025797662,1826,config 1 request,200,OK,config 1 1-1,text,false,"The operation lasted too long: It took 1,826 milliseconds, but should not have lasted longer than 775 milliseconds.",231,167,14,42,http://stload.se.ifmo.ru:8080/?token=518477874&user=-1355069478&config=1,1826,0,0
1776025797830,1727,config 1 request,200,OK,config 1 1-6,text,false,"The operation lasted too long: It took 1,727 milliseconds, but should not have lasted longer than 775 milliseconds.",231,167,14,42,http://stload.se.ifmo.ru:8080/?token=518477874&user=-1355069478&config=1,1727,0,0
1776025797942,1748,config 1 request,200,OK,config 1 1-3,text,false,"The operation lasted too long: It took 1,748 milliseconds, but should not have lasted longer than 775 milliseconds.",231,167,14,42,http://stload.se.ifmo.ru:8080/?token=518477874&user=-1355069478&config=1,1747,0,0
1776025797942,1748,config 1 request,200,OK,config 1 1-9,text,false,"The operation lasted too long: It took 1,748 milliseconds, but should not have lasted longer than 775 milliseconds.",231,167,14,42,http://stload.se.ifmo.ru:8080/?token=518477874&user=-1355069478&config=1,1747,0,0
1776025798023,1748,config 1 request,200,OK,config 1 1-12,text,false,"The operation lasted too long: It took 1,748 milliseconds, but should not have lasted longer than 775 milliseconds.",231,167,14,42,http://stload.se.ifmo.ru:8080/?token=518477874&user=-1355069478&config=1,1748,0,0
1776025798425,1806,config 1 request,200,OK,config 1 1-11,text,false,"The operation lasted too long: It took 1,806 milliseconds, but should not have lasted longer than 775 milliseconds.",231,167,14,42,http://stload.se.ifmo.ru:8080/?token=518477874&user=-1355069478&config=1,1806,0,0
1776025798567,1664,config 1 request,200,OK,config 1 1-5,text,false,"The operation lasted too long: It took 1,664 milliseconds, but should not have lasted longer than 775 milliseconds.",231,167,14,42,http://stload.se.ifmo.ru:8080/?token=518477874&user=-1355069478&config=1,1664,0,0
1776025798571,1709,config 1 request,200,OK,config 1 1-8,text,false,"The operation lasted too long: It took 1,709 milliseconds, but should not have lasted longer than 775 milliseconds.",231,167,14,42,http://stload.se.ifmo.ru:8080/?token=518477874&user=-1355069478&config=1,1709,0,0
1776025798571,1709,config 1 request,200,OK,config 1 1-2,text,false,"The operation lasted too long: It took 1,709 milliseconds, but should not have lasted longer than 775 milliseconds.",231,167,14,42,http://stload.se.ifmo.ru:8080/?token=518477874&user=-1355069478&config=1,1709,0,0
1776025798890,1816,config 1 request,200,OK,config 1 1-14,text,false,"The operation lasted too long: It took 1,816 milliseconds, but should not have lasted longer than 775 milliseconds.",231,167,14,42,http://stload.se.ifmo.ru:8080/?token=518477874&user=-1355069478&config=1,1816,0,0
1776025798993,1713,config 1 request,200,OK,config 1 1-4,text,false,"The operation lasted too long: It took 1,713 milliseconds, but should not have lasted longer than 775 milliseconds.",231,167,14,42,http://stload.se.ifmo.ru:8080/?token=518477874&user=-1355069478&config=1,1713,0,0
1776025798994,1753,config 1 request,200,OK,config 1 1-10,text,false,"The operation lasted too long: It took 1,753 milliseconds, but should not have lasted longer than 775 milliseconds.",231,167,14,42,http://stload.se.ifmo.ru:8080/?token=518477874&user=-1355069478&config=1,1753,0,0
1776025799021,2001,config 1 request,200,OK,config 1 1-7,text,false,"The operation lasted too long: It took 2,001 milliseconds, but should not have lasted longer than 775 milliseconds.",231,167,14,42,http://stload.se.ifmo.ru:8080/?token=518477874&user=-1355069478&config=1,2001,0,0
1776025799293,1856,config 1 request,200,OK,config 1 1-13,text,false,"The operation lasted too long: It took 1,856 milliseconds, but should not have lasted longer than 775 milliseconds.",231,167,14,42,http://stload.se.ifmo.ru:8080/?token=518477874&user=-1355069478&config=1,1856,0,0
1776025799489,1817,config 1 request,200,OK,config 1 1-1,text,false,"The operation lasted too long: It took 1,817 milliseconds, but should not have lasted longer than 775 milliseconds.",231,167,14,42,http://stload.se.ifmo.ru:8080/?token=518477874&user=-1355069478&config=1,1817,0,0
1776025799557,1749,config 1 request,200,OK,config 1 1-6,text,false,"The operation lasted too long: It took 1,749 milliseconds, but should not have lasted longer than 775 milliseconds.",231,167,14,42,http://stload.se.ifmo.ru:8080/?token=518477874&user=-1355069478&config=1,1749,0,0
1776025799690,1743,config 1 request,200,OK,config 1 1-9,text,false,"The operation lasted too long: It took 1,743 milliseconds, but should not have lasted longer than 775 milliseconds.",231,167,14,42,http://stload.se.ifmo.ru:8080/?token=518477874&user=-1355069478&config=1,1743,0,0
1776025799690,1855,config 1 request,200,OK,config 1 1-3,text,false,"The operation lasted too long: It took 1,855 milliseconds, but should not have lasted longer than 775 milliseconds.",231,167,14,42,http://stload.se.ifmo.ru:8080/?token=518477874&user=-1355069478&config=1,1855,0,0
1776025799772,1971,config 1 request,200,OK,config 1 1-12,text,false,"The operation lasted too long: It took 1,971 milliseconds, but should not have lasted longer than 775 milliseconds.",231,167,14,42,http://stload.se.ifmo.ru:8080/?token=518477874&user=-1355069478&config=1,1971,0,0
1776025800231,1965,config 1 request,200,OK,config 1 1-11,text,false,"The operation lasted too long: It took 1,965 milliseconds, but should not have lasted longer than 775 milliseconds.",231,167,14,42,http://stload.se.ifmo.ru:8080/?token=518477874&user=-1355069478&config=1,1965,0,0
1776025800232,1964,config 1 request,200,OK,config 1 1-5,text,false,"The operation lasted too long: It took 1,964 milliseconds, but should not have lasted longer than 775 milliseconds.",231,167,14,42,http://stload.se.ifmo.ru:8080/?token=518477874&user=-1355069478&config=1,1964,0,0
1776025800281,1944,config 1 request,200,OK,config 1 1-8,text,false,"The operation lasted too long: It took 1,944 milliseconds, but should not have lasted longer than 775 milliseconds.",231,167,14,42,http://stload.se.ifmo.ru:8080/?token=518477874&user=-1355069478&config=1,1944,0,0
1776025800708,1887,config 1 request,200,OK,config 1 1-4,text,false,"The operation lasted too long: It took 1,887 milliseconds, but should not have lasted longer than 775 milliseconds.",231,167,14,42,http://stload.se.ifmo.ru:8080/?token=518477874&user=-1355069478&config=1,1887,0,0
1776025800281,2313,config 1 request,200,OK,config 1 1-2,text,false,"The operation lasted too long: It took 2,313 milliseconds, but should not have lasted longer than 775 milliseconds.",231,167,14,42,http://stload.se.ifmo.ru:8080/?token=518477874&user=-1355069478&config=1,2313,0,0
1776025800708,1930,config 1 request,200,OK,config 1 1-14,text,false,"The operation lasted too long: It took 1,930 milliseconds, but should not have lasted longer than 775 milliseconds.",231,167,14,42,http://stload.se.ifmo.ru:8080/?token=518477874&user=-1355069478&config=1,1930,0,0
1776025800749,1945,config 1 request,200,OK,config 1 1-10,text,false,"The operation lasted too long: It took 1,945 milliseconds, but should not have lasted longer than 775 milliseconds.",231,167,14,42,http://stload.se.ifmo.ru:8080/?token=518477874&user=-1355069478&config=1,1945,0,0
1776025801023,1767,config 1 request,200,OK,config 1 1-7,text,false,"The operation lasted too long: It took 1,767 milliseconds, but should not have lasted longer than 775 milliseconds.",231,167,14,42,http://stload.se.ifmo.ru:8080/?token=518477874&user=-1355069478&config=1,1767,0,0
1776025801150,1776,config 1 request,200,OK,config 1 1-13,text,false,"The operation lasted too long: It took 1,776 milliseconds, but should not have lasted longer than 775 milliseconds.",231,167,14,42,http://stload.se.ifmo.ru:8080/?token=518477874&user=-1355069478&config=1,1776,0,0
1776025801307,1881,config 1 request,200,OK,config 1 1-6,text,false,"The operation lasted too long: It took 1,881 milliseconds, but should not have lasted longer than 775 milliseconds.",231,167,14,42,http://stload.se.ifmo.ru:8080/?token=518477874&user=-1355069478&config=1,1881,0,0
1776025801307,1942,config 1 request,200,OK,config 1 1-1,text,false,"The operation lasted too long: It took 1,942 milliseconds, but should not have lasted longer than 775 milliseconds.",231,167,14,42,http://stload.se.ifmo.ru:8080/?token=518477874&user=-1355069478&config=1,1942,0,0
1776025801434,1887,config 1 request,200,OK,config 1 1-9,text,false,"The operation lasted too long: It took 1,887 milliseconds, but should not have lasted longer than 775 milliseconds.",231,167,14,42,http://stload.se.ifmo.ru:8080/?token=518477874&user=-1355069478&config=1,1887,0,0
1776025801546,1938,config 1 request,200,OK,config 1 1-3,text,false,"The operation lasted too long: It took 1,938 milliseconds, but should not have lasted longer than 775 milliseconds.",231,167,14,42,http://stload.se.ifmo.ru:8080/?token=518477874&user=-1355069478&config=1,1938,0,0
1776025801743,2250,config 1 request,200,OK,config 1 1-12,text,false,"The operation lasted too long: It took 2,250 milliseconds, but should not have lasted longer than 775 milliseconds.",231,167,14,42,http://stload.se.ifmo.ru:8080/?token=518477874&user=-1355069478&config=1,2250,0,0
1776025802196,1890,config 1 request,200,OK,config 1 1-11,text,false,"The operation lasted too long: It took 1,890 milliseconds, but should not have lasted longer than 775 milliseconds.",231,167,14,42,http://stload.se.ifmo.ru:8080/?token=518477874&user=-1355069478&config=1,1890,0,0
1776025802196,1890,config 1 request,200,OK,config 1 1-5,text,false,"The operation lasted too long: It took 1,890 milliseconds, but should not have lasted longer than 775 milliseconds.",231,167,14,42,http://stload.se.ifmo.ru:8080/?token=518477874&user=-1355069478&config=1,1890,0,0
1776025802226,1925,config 1 request,200,OK,config 1 1-8,text,false,"The operation lasted too long: It took 1,925 milliseconds, but should not have lasted longer than 775 milliseconds.",231,167,14,42,http://stload.se.ifmo.ru:8080/?token=518477874&user=-1355069478&config=1,1925,0,0
1776025802597,1751,config 1 request,200,OK,config 1 1-2,text,false,"The operation lasted too long: It took 1,751 milliseconds, but should not have lasted longer than 775 milliseconds.",231,167,14,42,http://stload.se.ifmo.ru:8080/?token=518477874&user=-1355069478&config=1,1751,0,0
1776025802595,1753,config 1 request,200,OK,config 1 1-4,text,false,"The operation lasted too long: It took 1,753 milliseconds, but should not have lasted longer than 775 milliseconds.",231,167,14,42,http://stload.se.ifmo.ru:8080/?token=518477874&user=-1355069478&config=1,1753,0,0
1776025802638,1838,config 1 request,200,OK,config 1 1-14,text,false,"The operation lasted too long: It took 1,838 milliseconds, but should not have lasted longer than 775 milliseconds.",231,167,14,42,http://stload.se.ifmo.ru:8080/?token=518477874&user=-1355069478&config=1,1838,0,0
1776025802694,1870,config 1 request,200,OK,config 1 1-10,text,false,"The operation lasted too long: It took 1,870 milliseconds, but should not have lasted longer than 775 milliseconds.",231,167,14,42,http://stload.se.ifmo.ru:8080/?token=518477874&user=-1355069478&config=1,1870,0,0
1776025802791,2035,config 1 request,200,OK,config 1 1-7,text,false,"The operation lasted too long: It took 2,035 milliseconds, but should not have lasted longer than 775 milliseconds.",231,167,14,42,http://stload.se.ifmo.ru:8080/?token=518477874&user=-1355069478&config=1,2035,0,0
1776025802927,1990,config 1 request,200,OK,config 1 1-13,text,false,"The operation lasted too long: It took 1,990 milliseconds, but should not have lasted longer than 775 milliseconds.",231,167,14,42,http://stload.se.ifmo.ru:8080/?token=518477874&user=-1355069478&config=1,1990,0,0
1776025803189,2074,config 1 request,200,OK,config 1 1-6,text,false,"The operation lasted too long: It took 2,074 milliseconds, but should not have lasted longer than 775 milliseconds.",231,167,14,42,http://stload.se.ifmo.ru:8080/?token=518477874&user=-1355069478&config=1,2074,0,0
1776025803250,2094,config 1 request,200,OK,config 1 1-1,text,false,"The operation lasted too long: It took 2,094 milliseconds, but should not have lasted longer than 775 milliseconds.",231,167,14,42,http://stload.se.ifmo.ru:8080/?token=518477874&user=-1355069478&config=1,2094,0,0
1776025803321,2095,config 1 request,200,OK,config 1 1-9,text,false,"The operation lasted too long: It took 2,095 milliseconds, but should not have lasted longer than 775 milliseconds.",231,167,14,42,http://stload.se.ifmo.ru:8080/?token=518477874&user=-1355069478&config=1,2095,0,0
1776025803485,2046,config 1 request,200,OK,config 1 1-3,text,false,"The operation lasted too long: It took 2,046 milliseconds, but should not have lasted longer than 775 milliseconds.",231,167,14,42,http://stload.se.ifmo.ru:8080/?token=518477874&user=-1355069478&config=1,2046,0,0
1776025803993,1764,config 1 request,200,OK,config 1 1-12,text,false,"The operation lasted too long: It took 1,764 milliseconds, but should not have lasted longer than 775 milliseconds.",231,167,14,42,http://stload.se.ifmo.ru:8080/?token=518477874&user=-1355069478&config=1,1764,0,0
1776025804087,1811,config 1 request,200,OK,config 1 1-11,text,false,"The operation lasted too long: It took 1,811 milliseconds, but should not have lasted longer than 775 milliseconds.",231,167,14,42,http://stload.se.ifmo.ru:8080/?token=518477874&user=-1355069478&config=1,1811,0,0
1776025804087,1921,config 1 request,200,OK,config 1 1-5,text,false,"The operation lasted too long: It took 1,921 milliseconds, but should not have lasted longer than 775 milliseconds.",231,167,14,42,http://stload.se.ifmo.ru:8080/?token=518477874&user=-1355069478&config=1,1921,0,0
1776025804152,1876,config 1 request,200,OK,config 1 1-8,text,false,"The operation lasted too long: It took 1,876 milliseconds, but should not have lasted longer than 775 milliseconds.",231,167,14,42,http://stload.se.ifmo.ru:8080/?token=518477874&user=-1355069478&config=1,1876,0,0
1776025804349,2023,config 1 request,200,OK,config 1 1-2,text,false,"The operation lasted too long: It took 2,023 milliseconds, but should not have lasted longer than 775 milliseconds.",231,167,14,42,http://stload.se.ifmo.ru:8080/?token=518477874&user=-1355069478&config=1,2023,0,0
1776025804349,2023,config 1 request,200,OK,config 1 1-4,text,false,"The operation lasted too long: It took 2,023 milliseconds, but should not have lasted longer than 775 milliseconds.",231,167,14,42,http://stload.se.ifmo.ru:8080/?token=518477874&user=-1355069478&config=1,2023,0,0
1776025804476,2047,config 1 request,200,OK,config 1 1-14,text,false,"The operation lasted too long: It took 2,047 milliseconds, but should not have lasted longer than 775 milliseconds.",231,167,14,42,http://stload.se.ifmo.ru:8080/?token=518477874&user=-1355069478&config=1,2047,0,0
1776025804565,1958,config 1 request,200,OK,config 1 1-10,text,false,"The operation lasted too long: It took 1,958 milliseconds, but should not have lasted longer than 775 milliseconds.",231,167,14,42,http://stload.se.ifmo.ru:8080/?token=518477874&user=-1355069478&config=1,1958,0,0
1776025804826,1884,config 1 request,200,OK,config 1 1-7,text,false,"The operation lasted too long: It took 1,884 milliseconds, but should not have lasted longer than 775 milliseconds.",231,167,14,42,http://stload.se.ifmo.ru:8080/?token=518477874&user=-1355069478&config=1,1884,0,0
1776025804917,1995,config 1 request,200,OK,config 1 1-13,text,false,"The operation lasted too long: It took 1,995 milliseconds, but should not have lasted longer than 775 milliseconds.",231,167,14,42,http://stload.se.ifmo.ru:8080/?token=518477874&user=-1355069478&config=1,1995,0,0
1776025805264,1765,config 1 request,200,OK,config 1 1-6,text,false,"The operation lasted too long: It took 1,765 milliseconds, but should not have lasted longer than 775 milliseconds.",231,167,14,42,http://stload.se.ifmo.ru:8080/?token=518477874&user=-1355069478&config=1,1765,0,0
1776025805345,1699,config 1 request,200,OK,config 1 1-1,text,false,"The operation lasted too long: It took 1,699 milliseconds, but should not have lasted longer than 775 milliseconds.",231,167,14,42,http://stload.se.ifmo.ru:8080/?token=518477874&user=-1355069478&config=1,1699,0,0
1776025805416,1721,config 1 request,200,OK,config 1 1-9,text,false,"The operation lasted too long: It took 1,721 milliseconds, but should not have lasted longer than 775 milliseconds.",231,167,14,42,http://stload.se.ifmo.ru:8080/?token=518477874&user=-1355069478&config=1,1721,0,0
1776025805532,1811,config 1 request,200,OK,config 1 1-3,text,false,"The operation lasted too long: It took 1,811 milliseconds, but should not have lasted longer than 775 milliseconds.",231,167,14,42,http://stload.se.ifmo.ru:8080/?token=518477874&user=-1355069478&config=1,1811,0,0
1776025805757,2059,config 1 request,200,OK,config 1 1-12,text,false,"The operation lasted too long: It took 2,059 milliseconds, but should not have lasted longer than 775 milliseconds.",231,167,14,42,http://stload.se.ifmo.ru:8080/?token=518477874&user=-1355069478&config=1,2059,0,0
1776025805899,1978,config 1 request,200,OK,config 1 1-11,text,false,"The operation lasted too long: It took 1,978 milliseconds, but should not have lasted longer than 775 milliseconds.",231,167,14,42,http://stload.se.ifmo.ru:8080/?token=518477874&user=-1355069478&config=1,1978,0,0
1776025806008,1870,config 1 request,200,OK,config 1 1-5,text,false,"The operation lasted too long: It took 1,870 milliseconds, but should not have lasted longer than 775 milliseconds.",231,167,14,42,http://stload.se.ifmo.ru:8080/?token=518477874&user=-1355069478&config=1,1870,0,0
1776025806029,2032,config 1 request,200,OK,config 1 1-8,text,false,"The operation lasted too long: It took 2,032 milliseconds, but should not have lasted longer than 775 milliseconds.",231,167,14,42,http://stload.se.ifmo.ru:8080/?token=518477874&user=-1355069478&config=1,2032,0,0
1776025806373,1828,config 1 request,200,OK,config 1 1-4,text,false,"The operation lasted too long: It took 1,828 milliseconds, but should not have lasted longer than 775 milliseconds.",231,167,14,42,http://stload.se.ifmo.ru:8080/?token=518477874&user=-1355069478&config=1,1828,0,0
1776025806373,1828,config 1 request,200,OK,config 1 1-2,text,false,"The operation lasted too long: It took 1,828 milliseconds, but should not have lasted longer than 775 milliseconds.",231,167,14,42,http://stload.se.ifmo.ru:8080/?token=518477874&user=-1355069478&config=1,1828,0,0
1776025806524,1805,config 1 request,200,OK,config 1 1-10,text,false,"The operation lasted too long: It took 1,805 milliseconds, but should not have lasted longer than 775 milliseconds.",231,167,14,42,http://stload.se.ifmo.ru:8080/?token=518477874&user=-1355069478&config=1,1805,0,0
1776025806524,1938,config 1 request,200,OK,config 1 1-14,text,false,"The operation lasted too long: It took 1,938 milliseconds, but should not have lasted longer than 775 milliseconds.",231,167,14,42,http://stload.se.ifmo.ru:8080/?token=518477874&user=-1355069478&config=1,1938,0,0
1776025806711,1806,config 1 request,200,OK,config 1 1-7,text,false,"The operation lasted too long: It took 1,806 milliseconds, but should not have lasted longer than 775 milliseconds.",231,167,14,42,http://stload.se.ifmo.ru:8080/?token=518477874&user=-1355069478&config=1,1806,0,0
1776025806913,1743,config 1 request,200,OK,config 1 1-13,text,false,"The operation lasted too long: It took 1,743 milliseconds, but should not have lasted longer than 775 milliseconds.",231,167,14,42,http://stload.se.ifmo.ru:8080/?token=518477874&user=-1355069478&config=1,1743,0,0
1776025807030,1702,config 1 request,200,OK,config 1 1-6,text,false,"The operation lasted too long: It took 1,702 milliseconds, but should not have lasted longer than 775 milliseconds.",231,167,14,42,http://stload.se.ifmo.ru:8080/?token=518477874&user=-1355069478&config=1,1702,0,0
1776025807045,1794,config 1 request,200,OK,config 1 1-1,text,false,"The operation lasted too long: It took 1,794 milliseconds, but should not have lasted longer than 775 milliseconds.",231,167,14,42,http://stload.se.ifmo.ru:8080/?token=518477874&user=-1355069478&config=1,1793,0,0
1776025807137,1965,config 1 request,200,OK,config 1 1-9,text,false,"The operation lasted too long: It took 1,965 milliseconds, but should not have lasted longer than 775 milliseconds.",231,167,14,42,http://stload.se.ifmo.ru:8080/?token=518477874&user=-1355069478&config=1,1965,0,0
1776025807344,2100,config 1 request,200,OK,config 1 1-3,text,false,"The operation lasted too long: It took 2,100 milliseconds, but should not have lasted longer than 775 milliseconds.",231,167,14,42,http://stload.se.ifmo.ru:8080/?token=518477874&user=-1355069478&config=1,2100,0,0
1776025807878,1898,config 1 request,200,OK,config 1 1-5,text,false,"The operation lasted too long: It took 1,898 milliseconds, but should not have lasted longer than 775 milliseconds.",231,167,14,42,http://stload.se.ifmo.ru:8080/?token=518477874&user=-1355069478&config=1,1898,0,0
1776025807817,1959,config 1 request,200,OK,config 1 1-12,text,false,"The operation lasted too long: It took 1,959 milliseconds, but should not have lasted longer than 775 milliseconds.",231,167,14,42,http://stload.se.ifmo.ru:8080/?token=518477874&user=-1355069478&config=1,1959,0,0
1776025807878,1898,config 1 request,200,OK,config 1 1-11,text,false,"The operation lasted too long: It took 1,898 milliseconds, but should not have lasted longer than 775 milliseconds.",231,167,14,42,http://stload.se.ifmo.ru:8080/?token=518477874&user=-1355069478&config=1,1898,0,0
1776025808061,1762,config 1 request,200,OK,config 1 1-8,text,false,"The operation lasted too long: It took 1,762 milliseconds, but should not have lasted longer than 775 milliseconds.",231,167,14,42,http://stload.se.ifmo.ru:8080/?token=518477874&user=-1355069478&config=1,1762,0,0
1776025808202,1723,config 1 request,200,OK,config 1 1-4,text,false,"The operation lasted too long: It took 1,723 milliseconds, but should not have lasted longer than 775 milliseconds.",231,167,14,42,http://stload.se.ifmo.ru:8080/?token=518477874&user=-1355069478&config=1,1723,0,0
1776025808202,1816,config 1 request,200,OK,config 1 1-2,text,false,"The operation lasted too long: It took 1,816 milliseconds, but should not have lasted longer than 775 milliseconds.",231,167,14,42,http://stload.se.ifmo.ru:8080/?token=518477874&user=-1355069478&config=1,1816,0,0
1776025808329,1823,config 1 request,200,OK,config 1 1-10,text,false,"The operation lasted too long: It took 1,823 milliseconds, but should not have lasted longer than 775 milliseconds.",231,167,14,42,http://stload.se.ifmo.ru:8080/?token=518477874&user=-1355069478&config=1,1823,0,0
1776025808462,1740,config 1 request,200,OK,config 1 1-14,text,false,"The operation lasted too long: It took 1,740 milliseconds, but should not have lasted longer than 775 milliseconds.",231,167,14,42,http://stload.se.ifmo.ru:8080/?token=518477874&user=-1355069478&config=1,1740,0,0
1776025808517,1766,config 1 request,200,OK,config 1 1-7,text,false,"The operation lasted too long: It took 1,766 milliseconds, but should not have lasted longer than 775 milliseconds.",231,167,14,42,http://stload.se.ifmo.ru:8080/?token=518477874&user=-1355069478&config=1,1766,0,0
1776025808657,1757,config 1 request,200,OK,config 1 1-13,text,false,"The operation lasted too long: It took 1,757 milliseconds, but should not have lasted longer than 775 milliseconds.",231,167,14,42,http://stload.se.ifmo.ru:8080/?token=518477874&user=-1355069478&config=1,1757,0,0
1776025808732,1997,config 1 request,200,OK,config 1 1-6,text,false,"The operation lasted too long: It took 1,997 milliseconds, but should not have lasted longer than 775 milliseconds.",231,167,14,42,http://stload.se.ifmo.ru:8080/?token=518477874&user=-1355069478&config=1,1997,0,0
1776025808839,2004,config 1 request,200,OK,config 1 1-1,text,false,"The operation lasted too long: It took 2,004 milliseconds, but should not have lasted longer than 775 milliseconds.",231,167,14,42,http://stload.se.ifmo.ru:8080/?token=518477874&user=-1355069478&config=1,2004,0,0
1776025809102,1836,config 1 request,200,OK,config 1 1-9,text,false,"The operation lasted too long: It took 1,836 milliseconds, but should not have lasted longer than 775 milliseconds.",231,167,14,42,http://stload.se.ifmo.ru:8080/?token=518477874&user=-1355069478&config=1,1836,0,0
1776025809444,1958,config 1 request,200,OK,config 1 1-3,text,false,"The operation lasted too long: It took 1,958 milliseconds, but should not have lasted longer than 775 milliseconds.",231,167,14,42,http://stload.se.ifmo.ru:8080/?token=518477874&user=-1355069478&config=1,1958,0,0
1776025809777,1703,config 1 request,200,OK,config 1 1-5,text,false,"The operation lasted too long: It took 1,703 milliseconds, but should not have lasted longer than 775 milliseconds.",231,167,14,42,http://stload.se.ifmo.ru:8080/?token=518477874&user=-1355069478&config=1,1703,0,0
1776025809824,1697,config 1 request,200,OK,config 1 1-8,text,false,"The operation lasted too long: It took 1,697 milliseconds, but should not have lasted longer than 775 milliseconds.",231,167,14,42,http://stload.se.ifmo.ru:8080/?token=518477874&user=-1355069478&config=1,1697,0,0
1776025809777,1746,config 1 request,200,OK,config 1 1-11,text,false,"The operation lasted too long: It took 1,746 milliseconds, but should not have lasted longer than 775 milliseconds.",231,167,14,42,http://stload.se.ifmo.ru:8080/?token=518477874&user=-1355069478&config=1,1746,0,0
1776025809778,1785,config 1 request,200,OK,config 1 1-12,text,false,"The operation lasted too long: It took 1,785 milliseconds, but should not have lasted longer than 775 milliseconds.",231,167,14,42,http://stload.se.ifmo.ru:8080/?token=518477874&user=-1355069478&config=1,1785,0,0
1776025809926,1730,config 1 request,200,OK,config 1 1-4,text,false,"The operation lasted too long: It took 1,730 milliseconds, but should not have lasted longer than 775 milliseconds.",231,167,14,42,http://stload.se.ifmo.ru:8080/?token=518477874&user=-1355069478&config=1,1730,0,0
1776025810018,1732,config 1 request,200,OK,config 1 1-2,text,false,"The operation lasted too long: It took 1,732 milliseconds, but should not have lasted longer than 775 milliseconds.",231,167,14,42,http://stload.se.ifmo.ru:8080/?token=518477874&user=-1355069478&config=1,1732,0,0
1776025810153,1876,config 1 request,200,OK,config 1 1-10,text,false,"The operation lasted too long: It took 1,876 milliseconds, but should not have lasted longer than 775 milliseconds.",231,167,14,42,http://stload.se.ifmo.ru:8080/?token=518477874&user=-1355069478&config=1,1876,0,0
1776025810203,1826,config 1 request,200,OK,config 1 1-14,text,false,"The operation lasted too long: It took 1,826 milliseconds, but should not have lasted longer than 775 milliseconds.",231,167,14,42,http://stload.se.ifmo.ru:8080/?token=518477874&user=-1355069478&config=1,1826,0,0
1776025810283,2097,config 1 request,200,OK,config 1 1-7,text,false,"The operation lasted too long: It took 2,097 milliseconds, but should not have lasted longer than 775 milliseconds.",231,167,14,42,http://stload.se.ifmo.ru:8080/?token=518477874&user=-1355069478&config=1,2097,0,0
1776025810415,1965,config 1 request,200,OK,config 1 1-13,text,false,"The operation lasted too long: It took 1,965 milliseconds, but should not have lasted longer than 775 milliseconds.",231,167,14,42,http://stload.se.ifmo.ru:8080/?token=518477874&user=-1355069478&config=1,1965,0,0
1776025810740,1773,config 1 request,200,OK,config 1 1-6,text,false,"The operation lasted too long: It took 1,773 milliseconds, but should not have lasted longer than 775 milliseconds.",231,167,14,42,http://stload.se.ifmo.ru:8080/?token=518477874&user=-1355069478&config=1,1773,0,0
1776025810843,2019,config 1 request,200,OK,config 1 1-1,text,false,"The operation lasted too long: It took 2,019 milliseconds, but should not have lasted longer than 775 milliseconds.",231,167,14,42,http://stload.se.ifmo.ru:8080/?token=518477874&user=-1355069478&config=1,2019,0,0
1776025810939,1940,config 1 request,200,OK,config 1 1-9,text,false,"The operation lasted too long: It took 1,940 milliseconds, but should not have lasted longer than 775 milliseconds.",231,167,14,42,http://stload.se.ifmo.ru:8080/?token=518477874&user=-1355069478&config=1,1940,0,0
1776025811404,1701,config 1 request,200,OK,config 1 1-3,text,false,"The operation lasted too long: It took 1,701 milliseconds, but should not have lasted longer than 775 milliseconds.",231,167,14,42,http://stload.se.ifmo.ru:8080/?token=518477874&user=-1355069478&config=1,1701,0,0
1776025811521,1770,config 1 request,200,OK,config 1 1-8,text,false,"The operation lasted too long: It took 1,770 milliseconds, but should not have lasted longer than 775 milliseconds.",231,167,14,42,http://stload.se.ifmo.ru:8080/?token=518477874&user=-1355069478&config=1,1770,0,0
1776025811480,1811,config 1 request,200,OK,config 1 1-5,text,false,"The operation lasted too long: It took 1,811 milliseconds, but should not have lasted longer than 775 milliseconds.",231,167,14,42,http://stload.se.ifmo.ru:8080/?token=518477874&user=-1355069478&config=1,1811,0,0
1776025811523,1807,config 1 request,200,OK,config 1 1-11,text,false,"The operation lasted too long: It took 1,807 milliseconds, but should not have lasted longer than 775 milliseconds.",231,167,14,42,http://stload.se.ifmo.ru:8080/?token=518477874&user=-1355069478&config=1,1807,0,0
1776025811562,1768,config 1 request,200,OK,config 1 1-12,text,false,"The operation lasted too long: It took 1,768 milliseconds, but should not have lasted longer than 775 milliseconds.",231,167,14,42,http://stload.se.ifmo.ru:8080/?token=518477874&user=-1355069478&config=1,1768,0,0
1776025811655,1815,config 1 request,200,OK,config 1 1-4,text,false,"The operation lasted too long: It took 1,815 milliseconds, but should not have lasted longer than 775 milliseconds.",231,167,14,42,http://stload.se.ifmo.ru:8080/?token=518477874&user=-1355069478&config=1,1815,0,0
1776025811749,2100,config 1 request,200,OK,config 1 1-2,text,false,"The operation lasted too long: It took 2,100 milliseconds, but should not have lasted longer than 775 milliseconds.",231,167,14,42,http://stload.se.ifmo.ru:8080/?token=518477874&user=-1355069478&config=1,2100,0,0
1776025812029,1861,config 1 request,200,OK,config 1 1-14,text,false,"The operation lasted too long: It took 1,861 milliseconds, but should not have lasted longer than 775 milliseconds.",231,167,14,42,http://stload.se.ifmo.ru:8080/?token=518477874&user=-1355069478&config=1,1861,0,0
1776025812029,1861,config 1 request,200,OK,config 1 1-10,text,false,"The operation lasted too long: It took 1,861 milliseconds, but should not have lasted longer than 775 milliseconds.",231,167,14,42,http://stload.se.ifmo.ru:8080/?token=518477874&user=-1355069478&config=1,1861,0,0
1776025812379,1889,config 1 request,200,OK,config 1 1-13,text,false,"The operation lasted too long: It took 1,889 milliseconds, but should not have lasted longer than 775 milliseconds.",231,167,14,42,http://stload.se.ifmo.ru:8080/?token=518477874&user=-1355069478&config=1,1889,0,0
1776025812512,1847,config 1 request,200,OK,config 1 1-6,text,false,"The operation lasted too long: It took 1,847 milliseconds, but should not have lasted longer than 775 milliseconds.",231,167,14,42,http://stload.se.ifmo.ru:8080/?token=518477874&user=-1355069478&config=1,1847,0,0
1776025812379,1982,config 1 request,200,OK,config 1 1-7,text,false,"The operation lasted too long: It took 1,982 milliseconds, but should not have lasted longer than 775 milliseconds.",231,167,14,42,http://stload.se.ifmo.ru:8080/?token=518477874&user=-1355069478&config=1,1982,0,0
1776025812861,1994,config 1 request,200,OK,config 1 1-1,text,false,"The operation lasted too long: It took 1,994 milliseconds, but should not have lasted longer than 775 milliseconds.",231,167,14,42,http://stload.se.ifmo.ru:8080/?token=518477874&user=-1355069478&config=1,1994,0,0
1776025812878,2010,config 1 request,200,OK,config 1 1-9,text,false,"The operation lasted too long: It took 2,010 milliseconds, but should not have lasted longer than 775 milliseconds.",231,167,14,42,http://stload.se.ifmo.ru:8080/?token=518477874&user=-1355069478&config=1,2010,0,0
1776025813106,1913,config 1 request,200,OK,config 1 1-3,text,false,"The operation lasted too long: It took 1,913 milliseconds, but should not have lasted longer than 775 milliseconds.",231,167,14,42,http://stload.se.ifmo.ru:8080/?token=518477874&user=-1355069478&config=1,1913,0,0
1776025813292,1961,config 1 request,200,OK,config 1 1-5,text,false,"The operation lasted too long: It took 1,961 milliseconds, but should not have lasted longer than 775 milliseconds.",231,167,14,42,http://stload.se.ifmo.ru:8080/?token=518477874&user=-1355069478&config=1,1961,0,0
1776025813331,1975,config 1 request,200,OK,config 1 1-12,text,false,"The operation lasted too long: It took 1,975 milliseconds, but should not have lasted longer than 775 milliseconds.",231,167,14,42,http://stload.se.ifmo.ru:8080/?token=518477874&user=-1355069478&config=1,1975,0,0
1776025813292,2014,config 1 request,200,OK,config 1 1-8,text,false,"The operation lasted too long: It took 2,014 milliseconds, but should not have lasted longer than 775 milliseconds.",231,167,14,42,http://stload.se.ifmo.ru:8080/?token=518477874&user=-1355069478&config=1,2014,0,0
1776025813331,1975,config 1 request,200,OK,config 1 1-11,text,false,"The operation lasted too long: It took 1,975 milliseconds, but should not have lasted longer than 775 milliseconds.",231,167,14,42,http://stload.se.ifmo.ru:8080/?token=518477874&user=-1355069478&config=1,1975,0,0
1776025813471,1924,config 1 request,200,OK,config 1 1-4,text,false,"The operation lasted too long: It took 1,924 milliseconds, but should not have lasted longer than 775 milliseconds.",231,167,14,42,http://stload.se.ifmo.ru:8080/?token=518477874&user=-1355069478&config=1,1924,0,0
1776025813850,1916,config 1 request,200,OK,config 1 1-2,text,false,"The operation lasted too long: It took 1,916 milliseconds, but should not have lasted longer than 775 milliseconds.",231,167,14,42,http://stload.se.ifmo.ru:8080/?token=518477874&user=-1355069478&config=1,1916,0,0
1776025813890,2023,config 1 request,200,OK,config 1 1-14,text,false,"The operation lasted too long: It took 2,023 milliseconds, but should not have lasted longer than 775 milliseconds.",231,167,14,42,http://stload.se.ifmo.ru:8080/?token=518477874&user=-1355069478&config=1,2022,0,0
1776025813890,2065,config 1 request,200,OK,config 1 1-10,text,false,"The operation lasted too long: It took 2,065 milliseconds, but should not have lasted longer than 775 milliseconds.",231,167,14,42,http://stload.se.ifmo.ru:8080/?token=518477874&user=-1355069478&config=1,2065,0,0
1776025814269,1737,config 1 request,200,OK,config 1 1-13,text,false,"The operation lasted too long: It took 1,737 milliseconds, but should not have lasted longer than 775 milliseconds.",231,167,14,42,http://stload.se.ifmo.ru:8080/?token=518477874&user=-1355069478&config=1,1737,0,0
1776025814360,1692,config 1 request,200,OK,config 1 1-6,text,false,"The operation lasted too long: It took 1,692 milliseconds, but should not have lasted longer than 775 milliseconds.",231,167,14,42,http://stload.se.ifmo.ru:8080/?token=518477874&user=-1355069478&config=1,1692,0,0
1776025814361,1728,config 1 request,200,OK,config 1 1-7,text,false,"The operation lasted too long: It took 1,728 milliseconds, but should not have lasted longer than 775 milliseconds.",231,167,14,42,http://stload.se.ifmo.ru:8080/?token=518477874&user=-1355069478&config=1,1728,0,0
1776025814856,1917,config 1 request,200,OK,config 1 1-1,text,false,"The operation lasted too long: It took 1,917 milliseconds, but should not have lasted longer than 775 milliseconds.",231,167,14,42,http://stload.se.ifmo.ru:8080/?token=518477874&user=-1355069478&config=1,1917,0,0
1776025814888,1885,config 1 request,200,OK,config 1 1-9,text,false,"The operation lasted too long: It took 1,885 milliseconds, but should not have lasted longer than 775 milliseconds.",231,167,14,42,http://stload.se.ifmo.ru:8080/?token=518477874&user=-1355069478&config=1,1885,0,0
1776025815020,1784,config 1 request,200,OK,config 1 1-3,text,false,"The operation lasted too long: It took 1,784 milliseconds, but should not have lasted longer than 775 milliseconds.",231,167,14,42,http://stload.se.ifmo.ru:8080/?token=518477874&user=-1355069478&config=1,1784,0,0
1776025815254,1736,config 1 request,200,OK,config 1 1-5,text,false,"The operation lasted too long: It took 1,736 milliseconds, but should not have lasted longer than 775 milliseconds.",231,167,14,42,http://stload.se.ifmo.ru:8080/?token=518477874&user=-1355069478&config=1,1736,0,0
1776025815307,1828,config 1 request,200,OK,config 1 1-11,text,false,"The operation lasted too long: It took 1,828 milliseconds, but should not have lasted longer than 775 milliseconds.",231,167,14,42,http://stload.se.ifmo.ru:8080/?token=518477874&user=-1355069478&config=1,1828,0,0
1776025815307,1854,config 1 request,200,OK,config 1 1-8,text,false,"The operation lasted too long: It took 1,854 milliseconds, but should not have lasted longer than 775 milliseconds.",231,167,14,42,http://stload.se.ifmo.ru:8080/?token=518477874&user=-1355069478&config=1,1854,0,0
1776025815306,1935,config 1 request,200,OK,config 1 1-12,text,false,"The operation lasted too long: It took 1,935 milliseconds, but should not have lasted longer than 775 milliseconds.",231,167,14,42,http://stload.se.ifmo.ru:8080/?token=518477874&user=-1355069478&config=1,1935,0,0
1776025815396,1951,config 1 request,200,OK,config 1 1-4,text,false,"The operation lasted too long: It took 1,951 milliseconds, but should not have lasted longer than 775 milliseconds.",231,167,14,42,http://stload.se.ifmo.ru:8080/?token=518477874&user=-1355069478&config=1,1951,0,0
1776025815766,1755,config 1 request,200,OK,config 1 1-2,text,false,"The operation lasted too long: It took 1,755 milliseconds, but should not have lasted longer than 775 milliseconds.",231,167,14,42,http://stload.se.ifmo.ru:8080/?token=518477874&user=-1355069478&config=1,1755,0,0
1776025815913,1741,config 1 request,200,OK,config 1 1-14,text,false,"The operation lasted too long: It took 1,741 milliseconds, but should not have lasted longer than 775 milliseconds.",231,167,14,42,http://stload.se.ifmo.ru:8080/?token=518477874&user=-1355069478&config=1,1741,0,0
1776025815955,1793,config 1 request,200,OK,config 1 1-10,text,false,"The operation lasted too long: It took 1,793 milliseconds, but should not have lasted longer than 775 milliseconds.",231,167,14,42,http://stload.se.ifmo.ru:8080/?token=518477874&user=-1355069478&config=1,1793,0,0
1776025816007,2114,config 1 request,200,OK,config 1 1-13,text,false,"The operation lasted too long: It took 2,114 milliseconds, but should not have lasted longer than 775 milliseconds.",231,167,14,42,http://stload.se.ifmo.ru:8080/?token=518477874&user=-1355069478&config=1,2114,0,0
1776025816053,2068,config 1 request,200,OK,config 1 1-6,text,false,"The operation lasted too long: It took 2,068 milliseconds, but should not have lasted longer than 775 milliseconds.",231,167,14,42,http://stload.se.ifmo.ru:8080/?token=518477874&user=-1355069478&config=1,2068,0,0
1776025816089,2033,config 1 request,200,OK,config 1 1-7,text,false,"The operation lasted too long: It took 2,033 milliseconds, but should not have lasted longer than 775 milliseconds.",231,167,14,42,http://stload.se.ifmo.ru:8080/?token=518477874&user=-1355069478&config=1,2033,0,0
1776025816773,1885,config 1 request,200,OK,config 1 1-1,text,false,"The operation lasted too long: It took 1,885 milliseconds, but should not have lasted longer than 775 milliseconds.",231,167,14,42,http://stload.se.ifmo.ru:8080/?token=518477874&user=-1355069478&config=1,1885,0,0
1776025816773,1885,config 1 request,200,OK,config 1 1-9,text,false,"The operation lasted too long: It took 1,885 milliseconds, but should not have lasted longer than 775 milliseconds.",231,167,14,42,http://stload.se.ifmo.ru:8080/?token=518477874&user=-1355069478&config=1,1885,0,0
1776025816804,1942,config 1 request,200,OK,config 1 1-3,text,false,"The operation lasted too long: It took 1,942 milliseconds, but should not have lasted longer than 775 milliseconds.",231,167,14,42,http://stload.se.ifmo.ru:8080/?token=518477874&user=-1355069478&config=1,1942,0,0
1776025816991,1800,config 1 request,200,OK,config 1 1-5,text,false,"The operation lasted too long: It took 1,800 milliseconds, but should not have lasted longer than 775 milliseconds.",231,167,14,42,http://stload.se.ifmo.ru:8080/?token=518477874&user=-1355069478&config=1,1800,0,0
1776025817136,1723,config 1 request,200,OK,config 1 1-11,text,false,"The operation lasted too long: It took 1,723 milliseconds, but should not have lasted longer than 775 milliseconds.",231,167,14,42,http://stload.se.ifmo.ru:8080/?token=518477874&user=-1355069478&config=1,1723,0,0
1776025817162,1762,config 1 request,200,OK,config 1 1-8,text,false,"The operation lasted too long: It took 1,762 milliseconds, but should not have lasted longer than 775 milliseconds.",231,167,14,42,http://stload.se.ifmo.ru:8080/?token=518477874&user=-1355069478&config=1,1762,0,0
1776025817241,1844,config 1 request,200,OK,config 1 1-12,text,false,"The operation lasted too long: It took 1,844 milliseconds, but should not have lasted longer than 775 milliseconds.",231,167,14,42,http://stload.se.ifmo.ru:8080/?token=518477874&user=-1355069478&config=1,1844,0,0
1776025817347,2022,config 1 request,200,OK,config 1 1-4,text,false,"The operation lasted too long: It took 2,022 milliseconds, but should not have lasted longer than 775 milliseconds.",231,167,14,42,http://stload.se.ifmo.ru:8080/?token=518477874&user=-1355069478&config=1,2022,0,0
1776025817521,1986,config 1 request,200,OK,config 1 1-2,text,false,"The operation lasted too long: It took 1,986 milliseconds, but should not have lasted longer than 775 milliseconds.",231,167,14,42,http://stload.se.ifmo.ru:8080/?token=518477874&user=-1355069478&config=1,1986,0,0
1776025817654,1854,config 1 request,200,OK,config 1 1-14,text,false,"The operation lasted too long: It took 1,854 milliseconds, but should not have lasted longer than 775 milliseconds.",231,167,14,42,http://stload.se.ifmo.ru:8080/?token=518477874&user=-1355069478&config=1,1854,0,0
1776025817749,1891,config 1 request,200,OK,config 1 1-10,text,false,"The operation lasted too long: It took 1,891 milliseconds, but should not have lasted longer than 775 milliseconds.",231,167,14,42,http://stload.se.ifmo.ru:8080/?token=518477874&user=-1355069478&config=1,1891,0,0
1776025818122,1750,config 1 request,200,OK,config 1 1-6,text,false,"The operation lasted too long: It took 1,750 milliseconds, but should not have lasted longer than 775 milliseconds.",231,167,14,42,http://stload.se.ifmo.ru:8080/?token=518477874&user=-1355069478&config=1,1750,0,0
1776025818122,1750,config 1 request,200,OK,config 1 1-13,text,false,"The operation lasted too long: It took 1,750 milliseconds, but should not have lasted longer than 775 milliseconds.",231,167,14,42,http://stload.se.ifmo.ru:8080/?token=518477874&user=-1355069478&config=1,1750,0,0
1776025818122,1786,config 1 request,200,OK,config 1 1-7,text,false,"The operation lasted too long: It took 1,786 milliseconds, but should not have lasted longer than 775 milliseconds.",231,167,14,42,http://stload.se.ifmo.ru:8080/?token=518477874&user=-1355069478&config=1,1786,0,0
1776025818746,1676,config 1 request,200,OK,config 1 1-3,text,false,"The operation lasted too long: It took 1,676 milliseconds, but should not have lasted longer than 775 milliseconds.",231,167,14,42,http://stload.se.ifmo.ru:8080/?token=518477874&user=-1355069478&config=1,1676,0,0
1776025818658,1764,config 1 request,200,OK,config 1 1-1,text,false,"The operation lasted too long: It took 1,764 milliseconds, but should not have lasted longer than 775 milliseconds.",231,167,14,42,http://stload.se.ifmo.ru:8080/?token=518477874&user=-1355069478&config=1,1764,0,0
1776025818658,1764,config 1 request,200,OK,config 1 1-9,text,false,"The operation lasted too long: It took 1,764 milliseconds, but should not have lasted longer than 775 milliseconds.",231,167,14,42,http://stload.se.ifmo.ru:8080/?token=518477874&user=-1355069478&config=1,1764,0,0
1776025818791,1776,config 1 request,200,OK,config 1 1-5,text,false,"The operation lasted too long: It took 1,776 milliseconds, but should not have lasted longer than 775 milliseconds.",231,167,14,42,http://stload.se.ifmo.ru:8080/?token=518477874&user=-1355069478&config=1,1776,0,0
1776025818859,1776,config 1 request,200,OK,config 1 1-11,text,false,"The operation lasted too long: It took 1,776 milliseconds, but should not have lasted longer than 775 milliseconds.",231,167,14,42,http://stload.se.ifmo.ru:8080/?token=518477874&user=-1355069478&config=1,1776,0,0
1776025818924,1951,config 1 request,200,OK,config 1 1-8,text,false,"The operation lasted too long: It took 1,951 milliseconds, but should not have lasted longer than 775 milliseconds.",231,167,14,42,http://stload.se.ifmo.ru:8080/?token=518477874&user=-1355069478&config=1,1951,0,0
1776025819085,1922,config 1 request,200,OK,config 1 1-12,text,false,"The operation lasted too long: It took 1,922 milliseconds, but should not have lasted longer than 775 milliseconds.",231,167,14,42,http://stload.se.ifmo.ru:8080/?token=518477874&user=-1355069478&config=1,1922,0,0
1776025819369,1911,config 1 request,200,OK,config 1 1-4,text,false,"The operation lasted too long: It took 1,911 milliseconds, but should not have lasted longer than 775 milliseconds.",231,167,14,42,http://stload.se.ifmo.ru:8080/?token=518477874&user=-1355069478&config=1,1911,0,0
1776025819508,1906,config 1 request,200,OK,config 1 1-2,text,false,"The operation lasted too long: It took 1,906 milliseconds, but should not have lasted longer than 775 milliseconds.",231,167,14,42,http://stload.se.ifmo.ru:8080/?token=518477874&user=-1355069478&config=1,1906,0,0
1776025819508,1955,config 1 request,200,OK,config 1 1-14,text,false,"The operation lasted too long: It took 1,955 milliseconds, but should not have lasted longer than 775 milliseconds.",231,167,14,42,http://stload.se.ifmo.ru:8080/?token=518477874&user=-1355069478&config=1,1955,0,0
1776025819641,1867,config 1 request,200,OK,config 1 1-10,text,false,"The operation lasted too long: It took 1,867 milliseconds, but should not have lasted longer than 775 milliseconds.",231,167,14,42,http://stload.se.ifmo.ru:8080/?token=518477874&user=-1355069478&config=1,1867,0,0
1776025819872,1980,config 1 request,200,OK,config 1 1-6,text,false,"The operation lasted too long: It took 1,980 milliseconds, but should not have lasted longer than 775 milliseconds.",231,167,14,42,http://stload.se.ifmo.ru:8080/?token=518477874&user=-1355069478&config=1,1980,0,0
1776025819872,2064,config 1 request,200,OK,config 1 1-13,text,false,"The operation lasted too long: It took 2,064 milliseconds, but should not have lasted longer than 775 milliseconds.",231,167,14,42,http://stload.se.ifmo.ru:8080/?token=518477874&user=-1355069478&config=1,2063,0,0
1776025819908,2028,config 1 request,200,OK,config 1 1-7,text,false,"The operation lasted too long: It took 2,028 milliseconds, but should not have lasted longer than 775 milliseconds.",231,167,14,42,http://stload.se.ifmo.ru:8080/?token=518477874&user=-1355069478&config=1,2028,0,0
1776025820422,1933,config 1 request,200,OK,config 1 1-3,text,false,"The operation lasted too long: It took 1,933 milliseconds, but should not have lasted longer than 775 milliseconds.",231,167,14,42,http://stload.se.ifmo.ru:8080/?token=518477874&user=-1355069478&config=1,1933,0,0
1776025820422,1933,config 1 request,200,OK,config 1 1-9,text,false,"The operation lasted too long: It took 1,933 milliseconds, but should not have lasted longer than 775 milliseconds.",231,167,14,42,http://stload.se.ifmo.ru:8080/?token=518477874&user=-1355069478&config=1,1933,0,0
1776025820422,1963,config 1 request,200,OK,config 1 1-1,text,false,"The operation lasted too long: It took 1,963 milliseconds, but should not have lasted longer than 775 milliseconds.",231,167,14,42,http://stload.se.ifmo.ru:8080/?token=518477874&user=-1355069478&config=1,1963,0,0
1776025820568,1881,config 1 request,200,OK,config 1 1-5,text,false,"The operation lasted too long: It took 1,881 milliseconds, but should not have lasted longer than 775 milliseconds.",231,167,14,42,http://stload.se.ifmo.ru:8080/?token=518477874&user=-1355069478&config=1,1881,0,0
1776025820635,1869,config 1 request,200,OK,config 1 1-11,text,false,"The operation lasted too long: It took 1,869 milliseconds, but should not have lasted longer than 775 milliseconds.",231,167,14,42,http://stload.se.ifmo.ru:8080/?token=518477874&user=-1355069478&config=1,1869,0,0
1776025820875,1947,config 1 request,200,OK,config 1 1-8,text,false,"The operation lasted too long: It took 1,947 milliseconds, but should not have lasted longer than 775 milliseconds.",231,167,14,42,http://stload.se.ifmo.ru:8080/?token=518477874&user=-1355069478&config=1,1947,0,0
1776025821008,1889,config 1 request,200,OK,config 1 1-12,text,false,"The operation lasted too long: It took 1,889 milliseconds, but should not have lasted longer than 775 milliseconds.",231,167,14,42,http://stload.se.ifmo.ru:8080/?token=518477874&user=-1355069478&config=1,1889,0,0
1776025821416,1850,config 1 request,200,OK,config 1 1-2,text,false,"The operation lasted too long: It took 1,850 milliseconds, but should not have lasted longer than 775 milliseconds.",231,167,14,42,http://stload.se.ifmo.ru:8080/?token=518477874&user=-1355069478&config=1,1849,0,0
1776025821281,1985,config 1 request,200,OK,config 1 1-4,text,false,"The operation lasted too long: It took 1,985 milliseconds, but should not have lasted longer than 775 milliseconds.",231,167,14,42,http://stload.se.ifmo.ru:8080/?token=518477874&user=-1355069478&config=1,1985,0,0
1776025821509,1810,config 1 request,200,OK,config 1 1-10,text,false,"The operation lasted too long: It took 1,810 milliseconds, but should not have lasted longer than 775 milliseconds.",231,167,14,42,http://stload.se.ifmo.ru:8080/?token=518477874&user=-1355069478&config=1,1810,0,0
1776025821464,1855,config 1 request,200,OK,config 1 1-14,text,false,"The operation lasted too long: It took 1,855 milliseconds, but should not have lasted longer than 775 milliseconds.",231,167,14,42,http://stload.se.ifmo.ru:8080/?token=518477874&user=-1355069478&config=1,1855,0,0
1776025821854,1730,config 1 request,200,OK,config 1 1-6,text,false,"The operation lasted too long: It took 1,730 milliseconds, but should not have lasted longer than 775 milliseconds.",231,167,14,42,http://stload.se.ifmo.ru:8080/?token=518477874&user=-1355069478&config=1,1730,0,0
1776025821937,1848,config 1 request,200,OK,config 1 1-13,text,false,"The operation lasted too long: It took 1,848 milliseconds, but should not have lasted longer than 775 milliseconds.",231,167,14,42,http://stload.se.ifmo.ru:8080/?token=518477874&user=-1355069478&config=1,1848,0,0
1776025821937,1849,config 1 request,200,OK,config 1 1-7,text,false,"The operation lasted too long: It took 1,849 milliseconds, but should not have lasted longer than 775 milliseconds.",231,167,14,42,http://stload.se.ifmo.ru:8080/?token=518477874&user=-1355069478&config=1,1849,0,0
1776025822357,1873,config 1 request,200,OK,config 1 1-3,text,false,"The operation lasted too long: It took 1,873 milliseconds, but should not have lasted longer than 775 milliseconds.",231,167,14,42,http://stload.se.ifmo.ru:8080/?token=518477874&user=-1355069478&config=1,1873,0,0
1776025822357,1893,config 1 request,200,OK,config 1 1-9,text,false,"The operation lasted too long: It took 1,893 milliseconds, but should not have lasted longer than 775 milliseconds.",231,167,14,42,http://stload.se.ifmo.ru:8080/?token=518477874&user=-1355069478&config=1,1893,0,0
1776025822387,1879,config 1 request,200,OK,config 1 1-1,text,false,"The operation lasted too long: It took 1,879 milliseconds, but should not have lasted longer than 775 milliseconds.",231,167,14,42,http://stload.se.ifmo.ru:8080/?token=518477874&user=-1355069478&config=1,1879,0,0
1776025822451,1856,config 1 request,200,OK,config 1 1-5,text,false,"The operation lasted too long: It took 1,856 milliseconds, but should not have lasted longer than 775 milliseconds.",231,167,14,42,http://stload.se.ifmo.ru:8080/?token=518477874&user=-1355069478&config=1,1856,0,0
1776025822506,1888,config 1 request,200,OK,config 1 1-11,text,false,"The operation lasted too long: It took 1,888 milliseconds, but should not have lasted longer than 775 milliseconds.",231,167,14,42,http://stload.se.ifmo.ru:8080/?token=518477874&user=-1355069478&config=1,1888,0,0
1776025822823,2049,config 1 request,200,OK,config 1 1-8,text,false,"The operation lasted too long: It took 2,049 milliseconds, but should not have lasted longer than 775 milliseconds.",231,167,14,42,http://stload.se.ifmo.ru:8080/?token=518477874&user=-1355069478&config=1,2049,0,0
1776025822898,2029,config 1 request,200,OK,config 1 1-12,text,false,"The operation lasted too long: It took 2,029 milliseconds, but should not have lasted longer than 775 milliseconds.",231,167,14,42,http://stload.se.ifmo.ru:8080/?token=518477874&user=-1355069478&config=1,2029,0,0
1776025823266,1731,config 1 request,200,OK,config 1 1-4,text,false,"The operation lasted too long: It took 1,731 milliseconds, but should not have lasted longer than 775 milliseconds.",231,167,14,42,http://stload.se.ifmo.ru:8080/?token=518477874&user=-1355069478&config=1,1731,0,0
1776025823266,1755,config 1 request,200,OK,config 1 1-2,text,false,"The operation lasted too long: It took 1,755 milliseconds, but should not have lasted longer than 775 milliseconds.",231,167,14,42,http://stload.se.ifmo.ru:8080/?token=518477874&user=-1355069478&config=1,1755,0,0
1776025823320,1740,config 1 request,200,OK,config 1 1-10,text,false,"The operation lasted too long: It took 1,740 milliseconds, but should not have lasted longer than 775 milliseconds.",231,167,14,42,http://stload.se.ifmo.ru:8080/?token=518477874&user=-1355069478&config=1,1740,0,0
1776025823320,1874,config 1 request,200,OK,config 1 1-14,text,false,"The operation lasted too long: It took 1,874 milliseconds, but should not have lasted longer than 775 milliseconds.",231,167,14,42,http://stload.se.ifmo.ru:8080/?token=518477874&user=-1355069478&config=1,1874,0,0
1776025823584,1983,config 1 request,200,OK,config 1 1-6,text,false,"The operation lasted too long: It took 1,983 milliseconds, but should not have lasted longer than 775 milliseconds.",231,167,14,42,http://stload.se.ifmo.ru:8080/?token=518477874&user=-1355069478&config=1,1983,0,0
1776025823786,1868,config 1 request,200,OK,config 1 1-13,text,false,"The operation lasted too long: It took 1,868 milliseconds, but should not have lasted longer than 775 milliseconds.",231,167,14,42,http://stload.se.ifmo.ru:8080/?token=518477874&user=-1355069478&config=1,1868,0,0
1776025823786,1868,config 1 request,200,OK,config 1 1-7,text,false,"The operation lasted too long: It took 1,868 milliseconds, but should not have lasted longer than 775 milliseconds.",231,167,14,42,http://stload.se.ifmo.ru:8080/?token=518477874&user=-1355069478&config=1,1868,0,0
1776025824231,1743,config 1 request,200,OK,config 1 1-3,text,false,"The operation lasted too long: It took 1,743 milliseconds, but should not have lasted longer than 775 milliseconds.",231,167,14,42,http://stload.se.ifmo.ru:8080/?token=518477874&user=-1355069478&config=1,1743,0,0
1776025824251,1869,config 1 request,200,OK,config 1 1-9,text,false,"The operation lasted too long: It took 1,869 milliseconds, but should not have lasted longer than 775 milliseconds.",231,167,14,42,http://stload.se.ifmo.ru:8080/?token=518477874&user=-1355069478&config=1,1869,0,0
1776025824267,1934,config 1 request,200,OK,config 1 1-1,text,false,"The operation lasted too long: It took 1,934 milliseconds, but should not have lasted longer than 775 milliseconds.",231,167,14,42,http://stload.se.ifmo.ru:8080/?token=518477874&user=-1355069478&config=1,1934,0,0
1776025824308,1893,config 1 request,200,OK,config 1 1-5,text,false,"The operation lasted too long: It took 1,893 milliseconds, but should not have lasted longer than 775 milliseconds.",231,167,14,42,http://stload.se.ifmo.ru:8080/?token=518477874&user=-1355069478&config=1,1893,0,0
1776025824394,1857,config 1 request,200,OK,config 1 1-11,text,false,"The operation lasted too long: It took 1,857 milliseconds, but should not have lasted longer than 775 milliseconds.",231,167,14,42,http://stload.se.ifmo.ru:8080/?token=518477874&user=-1355069478&config=1,1857,0,0
1776025824872,1743,config 1 request,200,OK,config 1 1-8,text,false,"The operation lasted too long: It took 1,743 milliseconds, but should not have lasted longer than 775 milliseconds.",231,167,14,42,http://stload.se.ifmo.ru:8080/?token=518477874&user=-1355069478&config=1,1743,0,0
1776025824928,1966,config 1 request,200,OK,config 1 1-12,text,false,"The operation lasted too long: It took 1,966 milliseconds, but should not have lasted longer than 775 milliseconds.",231,167,14,42,http://stload.se.ifmo.ru:8080/?token=518477874&user=-1355069478&config=1,1966,0,0
1776025824998,1929,config 1 request,200,OK,config 1 1-4,text,false,"The operation lasted too long: It took 1,929 milliseconds, but should not have lasted longer than 775 milliseconds.",231,167,14,42,http://stload.se.ifmo.ru:8080/?token=518477874&user=-1355069478&config=1,1929,0,0
1776025825021,2013,config 1 request,200,OK,config 1 1-2,text,false,"The operation lasted too long: It took 2,013 milliseconds, but should not have lasted longer than 775 milliseconds.",231,167,14,42,http://stload.se.ifmo.ru:8080/?token=518477874&user=-1355069478&config=1,2013,0,0
1776025825194,1897,config 1 request,200,OK,config 1 1-14,text,false,"The operation lasted too long: It took 1,897 milliseconds, but should not have lasted longer than 775 milliseconds.",231,167,14,42,http://stload.se.ifmo.ru:8080/?token=518477874&user=-1355069478&config=1,1897,0,0
1776025825061,2030,config 1 request,200,OK,config 1 1-10,text,false,"The operation lasted too long: It took 2,030 milliseconds, but should not have lasted longer than 775 milliseconds.",231,167,14,42,http://stload.se.ifmo.ru:8080/?token=518477874&user=-1355069478&config=1,2030,0,0
1776025825568,1757,config 1 request,200,OK,config 1 1-6,text,false,"The operation lasted too long: It took 1,757 milliseconds, but should not have lasted longer than 775 milliseconds.",231,167,14,42,http://stload.se.ifmo.ru:8080/?token=518477874&user=-1355069478&config=1,1757,0,0
1776025825655,1957,config 1 request,200,OK,config 1 1-7,text,false,"The operation lasted too long: It took 1,957 milliseconds, but should not have lasted longer than 775 milliseconds.",231,167,14,42,http://stload.se.ifmo.ru:8080/?token=518477874&user=-1355069478&config=1,1957,0,0
1776025825655,1957,config 1 request,200,OK,config 1 1-13,text,false,"The operation lasted too long: It took 1,957 milliseconds, but should not have lasted longer than 775 milliseconds.",231,167,14,42,http://stload.se.ifmo.ru:8080/?token=518477874&user=-1355069478&config=1,1957,0,0
1776025825974,1899,config 1 request,200,OK,config 1 1-3,text,false,"The operation lasted too long: It took 1,899 milliseconds, but should not have lasted longer than 775 milliseconds.",231,167,14,42,http://stload.se.ifmo.ru:8080/?token=518477874&user=-1355069478&config=1,1899,0,0
1776025826120,1752,config 1 request,200,OK,config 1 1-9,text,false,"The operation lasted too long: It took 1,752 milliseconds, but should not have lasted longer than 775 milliseconds.",231,167,14,42,http://stload.se.ifmo.ru:8080/?token=518477874&user=-1355069478&config=1,1749,0,0
1776025826203,1884,config 1 request,200,OK,config 1 1-5,text,false,"The operation lasted too long: It took 1,884 milliseconds, but should not have lasted longer than 775 milliseconds.",231,167,14,42,http://stload.se.ifmo.ru:8080/?token=518477874&user=-1355069478&config=1,1884,0,0
1776025826201,1887,config 1 request,200,OK,config 1 1-1,text,false,"The operation lasted too long: It took 1,887 milliseconds, but should not have lasted longer than 775 milliseconds.",231,167,14,42,http://stload.se.ifmo.ru:8080/?token=518477874&user=-1355069478&config=1,1887,0,0
1776025826251,1978,config 1 request,200,OK,config 1 1-11,text,false,"The operation lasted too long: It took 1,978 milliseconds, but should not have lasted longer than 775 milliseconds.",231,167,14,42,http://stload.se.ifmo.ru:8080/?token=518477874&user=-1355069478&config=1,1978,0,0
1776025826615,1905,config 1 request,200,OK,config 1 1-8,text,false,"The operation lasted too long: It took 1,905 milliseconds, but should not have lasted longer than 775 milliseconds.",231,167,14,42,http://stload.se.ifmo.ru:8080/?token=518477874&user=-1355069478&config=1,1905,0,0
1776025826893,1830,config 1 request,200,OK,config 1 1-12,text,false,"The operation lasted too long: It took 1,830 milliseconds, but should not have lasted longer than 775 milliseconds.",231,167,14,42,http://stload.se.ifmo.ru:8080/?token=518477874&user=-1355069478&config=1,1830,0,0
1776025826926,1854,config 1 request,200,OK,config 1 1-4,text,false,"The operation lasted too long: It took 1,854 milliseconds, but should not have lasted longer than 775 milliseconds.",231,167,14,42,http://stload.se.ifmo.ru:8080/?token=518477874&user=-1355069478&config=1,1854,0,0
1776025827033,1747,config 1 request,200,OK,config 1 1-2,text,false,"The operation lasted too long: It took 1,747 milliseconds, but should not have lasted longer than 775 milliseconds.",231,167,14,42,http://stload.se.ifmo.ru:8080/?token=518477874&user=-1355069478&config=1,1747,0,0
1776025827090,1724,config 1 request,200,OK,config 1 1-10,text,false,"The operation lasted too long: It took 1,724 milliseconds, but should not have lasted longer than 775 milliseconds.",231,167,14,42,http://stload.se.ifmo.ru:8080/?token=518477874&user=-1355069478&config=1,1724,0,0
1776025827090,1803,config 1 request,200,OK,config 1 1-14,text,false,"The operation lasted too long: It took 1,803 milliseconds, but should not have lasted longer than 775 milliseconds.",231,167,14,42,http://stload.se.ifmo.ru:8080/?token=518477874&user=-1355069478&config=1,1802,0,0
1776025827324,1894,config 1 request,200,OK,config 1 1-6,text,false,"The operation lasted too long: It took 1,894 milliseconds, but should not have lasted longer than 775 milliseconds.",231,167,14,42,http://stload.se.ifmo.ru:8080/?token=518477874&user=-1355069478&config=1,1894,0,0
1776025827612,1875,config 1 request,200,OK,config 1 1-13,text,false,"The operation lasted too long: It took 1,875 milliseconds, but should not have lasted longer than 775 milliseconds.",231,167,14,42,http://stload.se.ifmo.ru:8080/?token=518477874&user=-1355069478&config=1,1875,0,0
1776025827612,1937,config 1 request,200,OK,config 1 1-7,text,false,"The operation lasted too long: It took 1,937 milliseconds, but should not have lasted longer than 775 milliseconds.",231,167,14,42,http://stload.se.ifmo.ru:8080/?token=518477874&user=-1355069478&config=1,1937,0,0
1776025827873,1715,config 1 request,200,OK,config 1 1-3,text,false,"The operation lasted too long: It took 1,715 milliseconds, but should not have lasted longer than 775 milliseconds.",231,167,14,42,http://stload.se.ifmo.ru:8080/?token=518477874&user=-1355069478&config=1,1715,0,0
1776025827873,1786,config 1 request,200,OK,config 1 1-9,text,false,"The operation lasted too long: It took 1,786 milliseconds, but should not have lasted longer than 775 milliseconds.",231,167,14,42,http://stload.se.ifmo.ru:8080/?token=518477874&user=-1355069478&config=1,1786,0,0
1776025828088,1785,config 1 request,200,OK,config 1 1-5,text,false,"The operation lasted too long: It took 1,785 milliseconds, but should not have lasted longer than 775 milliseconds.",231,167,14,42,http://stload.se.ifmo.ru:8080/?token=518477874&user=-1355069478&config=1,1785,0,0
1776025828088,1934,config 1 request,200,OK,config 1 1-1,text,false,"The operation lasted too long: It took 1,934 milliseconds, but should not have lasted longer than 775 milliseconds.",231,167,14,42,http://stload.se.ifmo.ru:8080/?token=518477874&user=-1355069478&config=1,1934,0,0
1776025828230,1917,config 1 request,200,OK,config 1 1-11,text,false,"The operation lasted too long: It took 1,917 milliseconds, but should not have lasted longer than 775 milliseconds.",231,167,14,42,http://stload.se.ifmo.ru:8080/?token=518477874&user=-1355069478&config=1,1917,0,0
1776025828521,1759,config 1 request,200,OK,config 1 1-8,text,false,"The operation lasted too long: It took 1,759 milliseconds, but should not have lasted longer than 775 milliseconds.",231,167,14,42,http://stload.se.ifmo.ru:8080/?token=518477874&user=-1355069478&config=1,1759,0,0
1776025828723,1915,config 1 request,200,OK,config 1 1-12,text,false,"The operation lasted too long: It took 1,915 milliseconds, but should not have lasted longer than 775 milliseconds.",231,167,14,42,http://stload.se.ifmo.ru:8080/?token=518477874&user=-1355069478&config=1,1915,0,0
1776025828780,1861,config 1 request,200,OK,config 1 1-4,text,false,"The operation lasted too long: It took 1,861 milliseconds, but should not have lasted longer than 775 milliseconds.",231,167,14,42,http://stload.se.ifmo.ru:8080/?token=518477874&user=-1355069478&config=1,1861,0,0
1776025828780,1898,config 1 request,200,OK,config 1 1-2,text,false,"The operation lasted too long: It took 1,898 milliseconds, but should not have lasted longer than 775 milliseconds.",231,167,14,42,http://stload.se.ifmo.ru:8080/?token=518477874&user=-1355069478&config=1,1898,0,0
1776025828814,1916,config 1 request,200,OK,config 1 1-10,text,false,"The operation lasted too long: It took 1,916 milliseconds, but should not have lasted longer than 775 milliseconds.",231,167,14,42,http://stload.se.ifmo.ru:8080/?token=518477874&user=-1355069478&config=1,1916,0,0
1776025828893,1887,config 1 request,200,OK,config 1 1-14,text,false,"The operation lasted too long: It took 1,887 milliseconds, but should not have lasted longer than 775 milliseconds.",231,167,14,42,http://stload.se.ifmo.ru:8080/?token=518477874&user=-1355069478&config=1,1887,0,0
1776025829219,1896,config 1 request,200,OK,config 1 1-6,text,false,"The operation lasted too long: It took 1,896 milliseconds, but should not have lasted longer than 775 milliseconds.",231,167,14,42,http://stload.se.ifmo.ru:8080/?token=518477874&user=-1355069478&config=1,1896,0,0
1776025829487,1777,config 1 request,200,OK,config 1 1-13,text,false,"The operation lasted too long: It took 1,777 milliseconds, but should not have lasted longer than 775 milliseconds.",231,167,14,42,http://stload.se.ifmo.ru:8080/?token=518477874&user=-1355069478&config=1,1777,0,0
1776025829549,1902,config 1 request,200,OK,config 1 1-7,text,false,"The operation lasted too long: It took 1,902 milliseconds, but should not have lasted longer than 775 milliseconds.",231,167,14,42,http://stload.se.ifmo.ru:8080/?token=518477874&user=-1355069478&config=1,1902,0,0
1776025829589,1862,config 1 request,200,OK,config 1 1-3,text,false,"The operation lasted too long: It took 1,862 milliseconds, but should not have lasted longer than 775 milliseconds.",231,167,14,42,http://stload.se.ifmo.ru:8080/?token=518477874&user=-1355069478&config=1,1862,0,0
1776025829659,1908,config 1 request,200,OK,config 1 1-9,text,false,"The operation lasted too long: It took 1,908 milliseconds, but should not have lasted longer than 775 milliseconds.",231,167,14,42,http://stload.se.ifmo.ru:8080/?token=518477874&user=-1355069478&config=1,1908,0,0
1776025829873,1891,config 1 request,200,OK,config 1 1-5,text,false,"The operation lasted too long: It took 1,891 milliseconds, but should not have lasted longer than 775 milliseconds.",231,167,14,42,http://stload.se.ifmo.ru:8080/?token=518477874&user=-1355069478&config=1,1891,0,0
1776025830027,1813,config 1 request,200,OK,config 1 1-1,text,false,"The operation lasted too long: It took 1,813 milliseconds, but should not have lasted longer than 775 milliseconds.",231,167,14,42,http://stload.se.ifmo.ru:8080/?token=518477874&user=-1355069478&config=1,1813,0,0
1776025830147,2061,config 1 request,200,OK,config 1 1-11,text,false,"The operation lasted too long: It took 2,061 milliseconds, but should not have lasted longer than 775 milliseconds.",231,167,14,42,http://stload.se.ifmo.ru:8080/?token=518477874&user=-1355069478&config=1,2061,0,0
1776025830281,1961,config 1 request,200,OK,config 1 1-8,text,false,"The operation lasted too long: It took 1,961 milliseconds, but should not have lasted longer than 775 milliseconds.",231,167,14,42,http://stload.se.ifmo.ru:8080/?token=518477874&user=-1355069478&config=1,1961,0,0
1776025830638,1749,config 1 request,200,OK,config 1 1-12,text,false,"The operation lasted too long: It took 1,749 milliseconds, but should not have lasted longer than 775 milliseconds.",231,167,14,42,http://stload.se.ifmo.ru:8080/?token=518477874&user=-1355069478&config=1,1749,0,0
1776025830641,1746,config 1 request,200,OK,config 1 1-4,text,false,"The operation lasted too long: It took 1,746 milliseconds, but should not have lasted longer than 775 milliseconds.",231,167,14,42,http://stload.se.ifmo.ru:8080/?token=518477874&user=-1355069478&config=1,1746,0,0
1776025830730,1798,config 1 request,200,OK,config 1 1-10,text,false,"The operation lasted too long: It took 1,798 milliseconds, but should not have lasted longer than 775 milliseconds.",231,167,14,42,http://stload.se.ifmo.ru:8080/?token=518477874&user=-1355069478&config=1,1798,0,0
1776025830679,1886,config 1 request,200,OK,config 1 1-2,text,false,"The operation lasted too long: It took 1,886 milliseconds, but should not have lasted longer than 775 milliseconds.",231,167,14,42,http://stload.se.ifmo.ru:8080/?token=518477874&user=-1355069478&config=1,1886,0,0
1776025830781,1833,config 1 request,200,OK,config 1 1-14,text,false,"The operation lasted too long: It took 1,833 milliseconds, but should not have lasted longer than 775 milliseconds.",231,167,14,42,http://stload.se.ifmo.ru:8080/?token=518477874&user=-1355069478&config=1,1833,0,0
1776025831116,2186,config 1 request,200,OK,config 1 1-6,text,false,"The operation lasted too long: It took 2,186 milliseconds, but should not have lasted longer than 775 milliseconds.",231,167,14,42,http://stload.se.ifmo.ru:8080/?token=518477874&user=-1355069478&config=1,2186,0,0
1776025831265,2076,config 1 request,200,OK,config 1 1-13,text,false,"The operation lasted too long: It took 2,076 milliseconds, but should not have lasted longer than 775 milliseconds.",231,167,14,42,http://stload.se.ifmo.ru:8080/?token=518477874&user=-1355069478&config=1,2076,0,0
1776025831451,1890,config 1 request,200,OK,config 1 1-3,text,false,"The operation lasted too long: It took 1,890 milliseconds, but should not have lasted longer than 775 milliseconds.",231,167,14,42,http://stload.se.ifmo.ru:8080/?token=518477874&user=-1355069478&config=1,1890,0,0
1776025831568,1807,config 1 request,200,OK,config 1 1-9,text,false,"The operation lasted too long: It took 1,807 milliseconds, but should not have lasted longer than 775 milliseconds.",231,167,14,42,http://stload.se.ifmo.ru:8080/?token=518477874&user=-1355069478&config=1,1807,0,0
1776025831451,1924,config 1 request,200,OK,config 1 1-7,text,false,"The operation lasted too long: It took 1,924 milliseconds, but should not have lasted longer than 775 milliseconds.",231,167,14,42,http://stload.se.ifmo.ru:8080/?token=518477874&user=-1355069478&config=1,1924,0,0
1776025831765,1918,config 1 request,200,OK,config 1 1-5,text,false,"The operation lasted too long: It took 1,918 milliseconds, but should not have lasted longer than 775 milliseconds.",231,167,14,42,http://stload.se.ifmo.ru:8080/?token=518477874&user=-1355069478&config=1,1918,0,0
1776025831841,1875,config 1 request,200,OK,config 1 1-1,text,false,"The operation lasted too long: It took 1,875 milliseconds, but should not have lasted longer than 775 milliseconds.",231,167,14,42,http://stload.se.ifmo.ru:8080/?token=518477874&user=-1355069478&config=1,1875,0,0
1776025832208,1732,config 1 request,200,OK,config 1 1-11,text,false,"The operation lasted too long: It took 1,732 milliseconds, but should not have lasted longer than 775 milliseconds.",231,167,14,42,http://stload.se.ifmo.ru:8080/?token=518477874&user=-1355069478&config=1,1732,0,0
1776025832242,1847,config 1 request,200,OK,config 1 1-8,text,false,"The operation lasted too long: It took 1,847 milliseconds, but should not have lasted longer than 775 milliseconds.",231,167,14,42,http://stload.se.ifmo.ru:8080/?token=518477874&user=-1355069478&config=1,1847,0,0
1776025832388,1963,config 1 request,200,OK,config 1 1-4,text,false,"The operation lasted too long: It took 1,963 milliseconds, but should not have lasted longer than 775 milliseconds.",231,167,14,42,http://stload.se.ifmo.ru:8080/?token=518477874&user=-1355069478&config=1,1963,0,0
1776025832388,1963,config 1 request,200,OK,config 1 1-12,text,false,"The operation lasted too long: It took 1,963 milliseconds, but should not have lasted longer than 775 milliseconds.",231,167,14,42,http://stload.se.ifmo.ru:8080/?token=518477874&user=-1355069478&config=1,1963,0,0
1776025832529,1822,config 1 request,200,OK,config 1 1-10,text,false,"The operation lasted too long: It took 1,822 milliseconds, but should not have lasted longer than 775 milliseconds.",231,167,14,42,http://stload.se.ifmo.ru:8080/?token=518477874&user=-1355069478&config=1,1822,0,0
1776025832566,2017,config 1 request,200,OK,config 1 1-2,text,false,"The operation lasted too long: It took 2,017 milliseconds, but should not have lasted longer than 775 milliseconds.",231,167,14,42,http://stload.se.ifmo.ru:8080/?token=518477874&user=-1355069478&config=1,2017,0,0
1776025832614,1969,config 1 request,200,OK,config 1 1-14,text,false,"The operation lasted too long: It took 1,969 milliseconds, but should not have lasted longer than 775 milliseconds.",231,167,14,42,http://stload.se.ifmo.ru:8080/?token=518477874&user=-1355069478&config=1,1969,0,0
1776025833302,1761,config 1 request,200,OK,config 1 1-6,text,false,"The operation lasted too long: It took 1,761 milliseconds, but should not have lasted longer than 775 milliseconds.",231,167,14,42,http://stload.se.ifmo.ru:8080/?token=518477874&user=-1355069478&config=1,1761,0,0
1776025833342,1850,config 1 request,200,OK,config 1 1-13,text,false,"The operation lasted too long: It took 1,850 milliseconds, but should not have lasted longer than 775 milliseconds.",231,167,14,42,http://stload.se.ifmo.ru:8080/?token=518477874&user=-1355069478&config=1,1850,0,0
1776025833375,1853,config 1 request,200,OK,config 1 1-7,text,false,"The operation lasted too long: It took 1,853 milliseconds, but should not have lasted longer than 775 milliseconds.",231,167,14,42,http://stload.se.ifmo.ru:8080/?token=518477874&user=-1355069478&config=1,1853,0,0
1776025833343,1885,config 1 request,200,OK,config 1 1-3,text,false,"The operation lasted too long: It took 1,885 milliseconds, but should not have lasted longer than 775 milliseconds.",231,167,14,42,http://stload.se.ifmo.ru:8080/?token=518477874&user=-1355069478&config=1,1885,0,0
1776025833375,1876,config 1 request,200,OK,config 1 1-9,text,false,"The operation lasted too long: It took 1,876 milliseconds, but should not have lasted longer than 775 milliseconds.",231,167,14,42,http://stload.se.ifmo.ru:8080/?token=518477874&user=-1355069478&config=1,1876,0,0
1776025833683,1844,config 1 request,200,OK,config 1 1-5,text,false,"The operation lasted too long: It took 1,844 milliseconds, but should not have lasted longer than 775 milliseconds.",231,167,14,42,http://stload.se.ifmo.ru:8080/?token=518477874&user=-1355069478&config=1,1844,0,0
1776025833717,1853,config 1 request,200,OK,config 1 1-1,text,false,"The operation lasted too long: It took 1,853 milliseconds, but should not have lasted longer than 775 milliseconds.",231,167,14,42,http://stload.se.ifmo.ru:8080/?token=518477874&user=-1355069478&config=1,1853,0,0
1776025833941,1895,config 1 request,200,OK,config 1 1-11,text,false,"The operation lasted too long: It took 1,895 milliseconds, but should not have lasted longer than 775 milliseconds.",231,167,14,42,http://stload.se.ifmo.ru:8080/?token=518477874&user=-1355069478&config=1,1895,0,0
1776025834090,1938,config 1 request,200,OK,config 1 1-8,text,false,"The operation lasted too long: It took 1,938 milliseconds, but should not have lasted longer than 775 milliseconds.",231,167,14,42,http://stload.se.ifmo.ru:8080/?token=518477874&user=-1355069478&config=1,1938,0,0
1776025834351,1823,config 1 request,200,OK,config 1 1-10,text,false,"The operation lasted too long: It took 1,823 milliseconds, but should not have lasted longer than 775 milliseconds.",231,167,14,42,http://stload.se.ifmo.ru:8080/?token=518477874&user=-1355069478&config=1,1823,0,0
1776025834351,1856,config 1 request,200,OK,config 1 1-4,text,false,"The operation lasted too long: It took 1,856 milliseconds, but should not have lasted longer than 775 milliseconds.",231,167,14,42,http://stload.se.ifmo.ru:8080/?token=518477874&user=-1355069478&config=1,1856,0,0
1776025834351,1856,config 1 request,200,OK,config 1 1-12,text,false,"The operation lasted too long: It took 1,856 milliseconds, but should not have lasted longer than 775 milliseconds.",231,167,14,42,http://stload.se.ifmo.ru:8080/?token=518477874&user=-1355069478&config=1,1856,0,0
1776025834583,1810,config 1 request,200,OK,config 1 1-2,text,false,"The operation lasted too long: It took 1,810 milliseconds, but should not have lasted longer than 775 milliseconds.",231,167,14,42,http://stload.se.ifmo.ru:8080/?token=518477874&user=-1355069478&config=1,1810,0,0
1776025834584,1809,config 1 request,200,OK,config 1 1-14,text,false,"The operation lasted too long: It took 1,809 milliseconds, but should not have lasted longer than 775 milliseconds.",231,167,14,42,http://stload.se.ifmo.ru:8080/?token=518477874&user=-1355069478&config=1,1809,0,0
1776025835064,1850,config 1 request,200,OK,config 1 1-6,text,false,"The operation lasted too long: It took 1,850 milliseconds, but should not have lasted longer than 775 milliseconds.",231,167,14,42,http://stload.se.ifmo.ru:8080/?token=518477874&user=-1355069478&config=1,1850,0,0
1776025835193,1787,config 1 request,200,OK,config 1 1-13,text,false,"The operation lasted too long: It took 1,787 milliseconds, but should not have lasted longer than 775 milliseconds.",231,167,14,42,http://stload.se.ifmo.ru:8080/?token=518477874&user=-1355069478&config=1,1787,0,0
1776025835228,1801,config 1 request,200,OK,config 1 1-3,text,false,"The operation lasted too long: It took 1,801 milliseconds, but should not have lasted longer than 775 milliseconds.",231,167,14,42,http://stload.se.ifmo.ru:8080/?token=518477874&user=-1355069478&config=1,1801,0,0
1776025835228,1801,config 1 request,200,OK,config 1 1-7,text,false,"The operation lasted too long: It took 1,801 milliseconds, but should not have lasted longer than 775 milliseconds.",231,167,14,42,http://stload.se.ifmo.ru:8080/?token=518477874&user=-1355069478&config=1,1801,0,0
1776025835251,1912,config 1 request,200,OK,config 1 1-9,text,false,"The operation lasted too long: It took 1,912 milliseconds, but should not have lasted longer than 775 milliseconds.",231,167,14,42,http://stload.se.ifmo.ru:8080/?token=518477874&user=-1355069478&config=1,1912,0,0
1776025835570,2170,config 1 request,200,OK,config 1 1-1,text,false,"The operation lasted too long: It took 2,170 milliseconds, but should not have lasted longer than 775 milliseconds.",231,167,14,42,http://stload.se.ifmo.ru:8080/?token=518477874&user=-1355069478&config=1,2170,0,0
1776025835528,2212,config 1 request,200,OK,config 1 1-5,text,false,"The operation lasted too long: It took 2,212 milliseconds, but should not have lasted longer than 775 milliseconds.",231,167,14,42,http://stload.se.ifmo.ru:8080/?token=518477874&user=-1355069478&config=1,2212,0,0
1776025835836,1943,config 1 request,200,OK,config 1 1-11,text,false,"The operation lasted too long: It took 1,943 milliseconds, but should not have lasted longer than 775 milliseconds.",231,167,14,42,http://stload.se.ifmo.ru:8080/?token=518477874&user=-1355069478&config=1,1943,0,0
1776025836027,1751,config 1 request,200,OK,config 1 1-8,text,false,"The operation lasted too long: It took 1,751 milliseconds, but should not have lasted longer than 775 milliseconds.",231,167,14,42,http://stload.se.ifmo.ru:8080/?token=518477874&user=-1355069478&config=1,1751,0,0
1776025836174,1697,config 1 request,200,OK,config 1 1-10,text,false,"The operation lasted too long: It took 1,697 milliseconds, but should not have lasted longer than 775 milliseconds.",231,167,14,42,http://stload.se.ifmo.ru:8080/?token=518477874&user=-1355069478&config=1,1697,0,0
1776025836207,1732,config 1 request,200,OK,config 1 1-12,text,false,"The operation lasted too long: It took 1,732 milliseconds, but should not have lasted longer than 775 milliseconds.",231,167,14,42,http://stload.se.ifmo.ru:8080/?token=518477874&user=-1355069478&config=1,1732,0,0
1776025836207,1732,config 1 request,200,OK,config 1 1-4,text,false,"The operation lasted too long: It took 1,732 milliseconds, but should not have lasted longer than 775 milliseconds.",231,167,14,42,http://stload.se.ifmo.ru:8080/?token=518477874&user=-1355069478&config=1,1732,0,0
1776025836392,1829,config 1 request,200,OK,config 1 1-2,text,false,"The operation lasted too long: It took 1,829 milliseconds, but should not have lasted longer than 775 milliseconds.",231,167,14,42,http://stload.se.ifmo.ru:8080/?token=518477874&user=-1355069478&config=1,1829,0,0
1776025836392,1923,config 1 request,200,OK,config 1 1-14,text,false,"The operation lasted too long: It took 1,923 milliseconds, but should not have lasted longer than 775 milliseconds.",231,167,14,42,http://stload.se.ifmo.ru:8080/?token=518477874&user=-1355069478&config=1,1923,0,0
1776025836913,1793,config 1 request,200,OK,config 1 1-6,text,false,"The operation lasted too long: It took 1,793 milliseconds, but should not have lasted longer than 775 milliseconds.",231,167,14,42,http://stload.se.ifmo.ru:8080/?token=518477874&user=-1355069478&config=1,1793,0,0
1776025836980,1821,config 1 request,200,OK,config 1 1-13,text,false,"The operation lasted too long: It took 1,821 milliseconds, but should not have lasted longer than 775 milliseconds.",231,167,14,42,http://stload.se.ifmo.ru:8080/?token=518477874&user=-1355069478&config=1,1821,0,0
1776025837029,1773,config 1 request,200,OK,config 1 1-3,text,false,"The operation lasted too long: It took 1,773 milliseconds, but should not have lasted longer than 775 milliseconds.",231,167,14,42,http://stload.se.ifmo.ru:8080/?token=518477874&user=-1355069478&config=1,1773,0,0
1776025837163,2040,config 1 request,200,OK,config 1 1-9,text,false,"The operation lasted too long: It took 2,040 milliseconds, but should not have lasted longer than 775 milliseconds.",231,167,14,42,http://stload.se.ifmo.ru:8080/?token=518477874&user=-1355069478&config=1,2040,0,0
1776025837029,2174,config 1 request,200,OK,config 1 1-7,text,false,"The operation lasted too long: It took 2,174 milliseconds, but should not have lasted longer than 775 milliseconds.",231,167,14,42,http://stload.se.ifmo.ru:8080/?token=518477874&user=-1355069478&config=1,2174,0,0
1776025837740,1722,config 1 request,200,OK,config 1 1-5,text,false,"The operation lasted too long: It took 1,722 milliseconds, but should not have lasted longer than 775 milliseconds.",231,167,14,42,http://stload.se.ifmo.ru:8080/?token=518477874&user=-1355069478&config=1,1722,0,0
1776025837740,1950,config 1 request,200,OK,config 1 1-1,text,false,"The operation lasted too long: It took 1,950 milliseconds, but should not have lasted longer than 775 milliseconds.",231,167,14,42,http://stload.se.ifmo.ru:8080/?token=518477874&user=-1355069478&config=1,1949,0,0
1776025837779,1910,config 1 request,200,OK,config 1 1-11,text,false,"The operation lasted too long: It took 1,910 milliseconds, but should not have lasted longer than 775 milliseconds.",231,167,14,42,http://stload.se.ifmo.ru:8080/?token=518477874&user=-1355069478&config=1,1910,0,0
1776025837779,1910,config 1 request,200,OK,config 1 1-8,text,false,"The operation lasted too long: It took 1,910 milliseconds, but should not have lasted longer than 775 milliseconds.",231,167,14,42,http://stload.se.ifmo.ru:8080/?token=518477874&user=-1355069478&config=1,1910,0,0
1776025837872,1910,config 1 request,200,OK,config 1 1-10,text,false,"The operation lasted too long: It took 1,910 milliseconds, but should not have lasted longer than 775 milliseconds.",231,167,14,42,http://stload.se.ifmo.ru:8080/?token=518477874&user=-1355069478&config=1,1910,0,0
1776025837939,1843,config 1 request,200,OK,config 1 1-4,text,false,"The operation lasted too long: It took 1,843 milliseconds, but should not have lasted longer than 775 milliseconds.",231,167,14,42,http://stload.se.ifmo.ru:8080/?token=518477874&user=-1355069478&config=1,1843,0,0
1776025837939,1870,config 1 request,200,OK,config 1 1-12,text,false,"The operation lasted too long: It took 1,870 milliseconds, but should not have lasted longer than 775 milliseconds.",231,167,14,42,http://stload.se.ifmo.ru:8080/?token=518477874&user=-1355069478&config=1,1870,0,0
1776025838221,1907,config 1 request,200,OK,config 1 1-2,text,false,"The operation lasted too long: It took 1,907 milliseconds, but should not have lasted longer than 775 milliseconds.",231,167,14,42,http://stload.se.ifmo.ru:8080/?token=518477874&user=-1355069478&config=1,1907,0,0
1776025838316,1995,config 1 request,200,OK,config 1 1-14,text,false,"The operation lasted too long: It took 1,995 milliseconds, but should not have lasted longer than 775 milliseconds.",231,167,14,42,http://stload.se.ifmo.ru:8080/?token=518477874&user=-1355069478&config=1,1995,0,0
1776025838706,1943,config 1 request,200,OK,config 1 1-6,text,false,"The operation lasted too long: It took 1,943 milliseconds, but should not have lasted longer than 775 milliseconds.",231,167,14,42,http://stload.se.ifmo.ru:8080/?token=518477874&user=-1355069478&config=1,1943,0,0
1776025838802,1864,config 1 request,200,OK,config 1 1-3,text,false,"The operation lasted too long: It took 1,864 milliseconds, but should not have lasted longer than 775 milliseconds.",231,167,14,42,http://stload.se.ifmo.ru:8080/?token=518477874&user=-1355069478&config=1,1864,0,0
1776025838802,1924,config 1 request,200,OK,config 1 1-13,text,false,"The operation lasted too long: It took 1,924 milliseconds, but should not have lasted longer than 775 milliseconds.",231,167,14,42,http://stload.se.ifmo.ru:8080/?token=518477874&user=-1355069478&config=1,1924,0,0
1776025839203,1742,config 1 request,200,OK,config 1 1-7,text,false,"The operation lasted too long: It took 1,742 milliseconds, but should not have lasted longer than 775 milliseconds.",231,167,14,42,http://stload.se.ifmo.ru:8080/?token=518477874&user=-1355069478&config=1,1742,0,0
1776025839203,1959,config 1 request,200,OK,config 1 1-9,text,false,"The operation lasted too long: It took 1,959 milliseconds, but should not have lasted longer than 775 milliseconds.",231,167,14,42,http://stload.se.ifmo.ru:8080/?token=518477874&user=-1355069478&config=1,1959,0,0
1776025839462,1844,config 1 request,200,OK,config 1 1-5,text,false,"The operation lasted too long: It took 1,844 milliseconds, but should not have lasted longer than 775 milliseconds.",231,167,14,42,http://stload.se.ifmo.ru:8080/?token=518477874&user=-1355069478&config=1,1844,0,0
1776025839690,1794,config 1 request,200,OK,config 1 1-1,text,false,"The operation lasted too long: It took 1,794 milliseconds, but should not have lasted longer than 775 milliseconds.",231,167,14,42,http://stload.se.ifmo.ru:8080/?token=518477874&user=-1355069478&config=1,1794,0,0
1776025839690,1795,config 1 request,200,OK,config 1 1-8,text,false,"The operation lasted too long: It took 1,795 milliseconds, but should not have lasted longer than 775 milliseconds.",231,167,14,42,http://stload.se.ifmo.ru:8080/?token=518477874&user=-1355069478&config=1,1795,0,0
1776025839690,1794,config 1 request,200,OK,config 1 1-11,text,false,"The operation lasted too long: It took 1,794 milliseconds, but should not have lasted longer than 775 milliseconds.",231,167,14,42,http://stload.se.ifmo.ru:8080/?token=518477874&user=-1355069478&config=1,1794,0,0
1776025839782,1753,config 1 request,200,OK,config 1 1-4,text,false,"The operation lasted too long: It took 1,753 milliseconds, but should not have lasted longer than 775 milliseconds.",231,167,14,42,http://stload.se.ifmo.ru:8080/?token=518477874&user=-1355069478&config=1,1753,0,0
1776025839782,1753,config 1 request,200,OK,config 1 1-10,text,false,"The operation lasted too long: It took 1,753 milliseconds, but should not have lasted longer than 775 milliseconds.",231,167,14,42,http://stload.se.ifmo.ru:8080/?token=518477874&user=-1355069478&config=1,1753,0,0
1776025839809,1810,config 1 request,200,OK,config 1 1-12,text,false,"The operation lasted too long: It took 1,810 milliseconds, but should not have lasted longer than 775 milliseconds.",231,167,14,42,http://stload.se.ifmo.ru:8080/?token=518477874&user=-1355069478&config=1,1810,0,0
1776025840128,2016,config 1 request,200,OK,config 1 1-2,text,false,"The operation lasted too long: It took 2,016 milliseconds, but should not have lasted longer than 775 milliseconds.",231,167,14,42,http://stload.se.ifmo.ru:8080/?token=518477874&user=-1355069478&config=1,2016,0,0
1776025840312,2039,config 1 request,200,OK,config 1 1-14,text,false,"The operation lasted too long: It took 2,039 milliseconds, but should not have lasted longer than 775 milliseconds.",231,167,14,42,http://stload.se.ifmo.ru:8080/?token=518477874&user=-1355069478&config=1,2039,0,0
1776025840650,1701,config 1 request,200,OK,config 1 1-6,text,false,"The operation lasted too long: It took 1,701 milliseconds, but should not have lasted longer than 775 milliseconds.",231,167,14,42,http://stload.se.ifmo.ru:8080/?token=518477874&user=-1355069478&config=1,1701,0,0
1776025840667,1770,config 1 request,200,OK,config 1 1-3,text,false,"The operation lasted too long: It took 1,770 milliseconds, but should not have lasted longer than 775 milliseconds.",231,167,14,42,http://stload.se.ifmo.ru:8080/?token=518477874&user=-1355069478&config=1,1770,0,0
1776025840727,1717,config 1 request,200,OK,config 1 1-13,text,false,"The operation lasted too long: It took 1,717 milliseconds, but should not have lasted longer than 775 milliseconds.",231,167,14,42,http://stload.se.ifmo.ru:8080/?token=518477874&user=-1355069478&config=1,1717,0,0
1776025841163,1792,config 1 request,200,OK,config 1 1-9,text,false,"The operation lasted too long: It took 1,792 milliseconds, but should not have lasted longer than 775 milliseconds.",231,167,14,42,http://stload.se.ifmo.ru:8080/?token=518477874&user=-1355069478&config=1,1792,0,0
1776025840945,2010,config 1 request,200,OK,config 1 1-7,text,false,"The operation lasted too long: It took 2,010 milliseconds, but should not have lasted longer than 775 milliseconds.",231,167,14,42,http://stload.se.ifmo.ru:8080/?token=518477874&user=-1355069478&config=1,2010,0,0
1776025841306,1745,config 1 request,200,OK,config 1 1-5,text,false,"The operation lasted too long: It took 1,745 milliseconds, but should not have lasted longer than 775 milliseconds.",231,167,14,42,http://stload.se.ifmo.ru:8080/?token=518477874&user=-1355069478&config=1,1744,0,0
1776025841485,1778,config 1 request,200,OK,config 1 1-11,text,false,"The operation lasted too long: It took 1,778 milliseconds, but should not have lasted longer than 775 milliseconds.",231,167,14,42,http://stload.se.ifmo.ru:8080/?token=518477874&user=-1355069478&config=1,1778,0,0
1776025841535,1728,config 1 request,200,OK,config 1 1-4,text,false,"The operation lasted too long: It took 1,728 milliseconds, but should not have lasted longer than 775 milliseconds.",231,167,14,42,http://stload.se.ifmo.ru:8080/?token=518477874&user=-1355069478&config=1,1728,0,0
1776025841485,1778,config 1 request,200,OK,config 1 1-8,text,false,"The operation lasted too long: It took 1,778 milliseconds, but should not have lasted longer than 775 milliseconds.",231,167,14,42,http://stload.se.ifmo.ru:8080/?token=518477874&user=-1355069478&config=1,1778,0,0
1776025841536,1872,config 1 request,200,OK,config 1 1-10,text,false,"The operation lasted too long: It took 1,872 milliseconds, but should not have lasted longer than 775 milliseconds.",231,167,14,42,http://stload.se.ifmo.ru:8080/?token=518477874&user=-1355069478&config=1,1872,0,0
1776025841485,2035,config 1 request,200,OK,config 1 1-1,text,false,"The operation lasted too long: It took 2,035 milliseconds, but should not have lasted longer than 775 milliseconds.",231,167,14,42,http://stload.se.ifmo.ru:8080/?token=518477874&user=-1355069478&config=1,2035,0,183
1776025841619,1901,config 1 request,200,OK,config 1 1-12,text,false,"The operation lasted too long: It took 1,901 milliseconds, but should not have lasted longer than 775 milliseconds.",231,167,14,42,http://stload.se.ifmo.ru:8080/?token=518477874&user=-1355069478&config=1,1901,0,0
1776025842145,1943,config 1 request,200,OK,config 1 1-2,text,false,"The operation lasted too long: It took 1,943 milliseconds, but should not have lasted longer than 775 milliseconds.",231,167,14,42,http://stload.se.ifmo.ru:8080/?token=518477874&user=-1355069478&config=1,1943,0,171
1776025842352,1799,config 1 request,200,OK,config 1 1-14,text,false,"The operation lasted too long: It took 1,799 milliseconds, but should not have lasted longer than 775 milliseconds.",231,167,14,42,http://stload.se.ifmo.ru:8080/?token=518477874&user=-1355069478&config=1,1799,0,0
1776025842352,1843,config 1 request,200,OK,config 1 1-6,text,false,"The operation lasted too long: It took 1,843 milliseconds, but should not have lasted longer than 775 milliseconds.",231,167,14,42,http://stload.se.ifmo.ru:8080/?token=518477874&user=-1355069478&config=1,1843,0,0
1776025842437,1891,config 1 request,200,OK,config 1 1-3,text,false,"The operation lasted too long: It took 1,891 milliseconds, but should not have lasted longer than 775 milliseconds.",231,167,14,42,http://stload.se.ifmo.ru:8080/?token=518477874&user=-1355069478&config=1,1891,0,0
1776025842444,1971,config 1 request,200,OK,config 1 1-13,text,false,"The operation lasted too long: It took 1,971 milliseconds, but should not have lasted longer than 775 milliseconds.",231,167,14,42,http://stload.se.ifmo.ru:8080/?token=518477874&user=-1355069478&config=1,1971,0,0
1776025842955,1888,config 1 request,200,OK,config 1 1-7,text,false,"The operation lasted too long: It took 1,888 milliseconds, but should not have lasted longer than 775 milliseconds.",231,167,14,42,http://stload.se.ifmo.ru:8080/?token=518477874&user=-1355069478&config=1,1888,0,0
1776025842955,1888,config 1 request,200,OK,config 1 1-9,text,false,"The operation lasted too long: It took 1,888 milliseconds, but should not have lasted longer than 775 milliseconds.",231,167,14,42,http://stload.se.ifmo.ru:8080/?token=518477874&user=-1355069478&config=1,1888,0,0
1776025843051,1967,config 1 request,200,OK,config 1 1-5,text,false,"The operation lasted too long: It took 1,967 milliseconds, but should not have lasted longer than 775 milliseconds.",231,167,14,42,http://stload.se.ifmo.ru:8080/?token=518477874&user=-1355069478&config=1,1967,0,0
1776025843263,1806,config 1 request,200,OK,config 1 1-11,text,false,"The operation lasted too long: It took 1,806 milliseconds, but should not have lasted longer than 775 milliseconds.",231,167,14,42,http://stload.se.ifmo.ru:8080/?token=518477874&user=-1355069478&config=1,1806,0,0
1776025843263,1836,config 1 request,200,OK,config 1 1-8,text,false,"The operation lasted too long: It took 1,836 milliseconds, but should not have lasted longer than 775 milliseconds.",231,167,14,42,http://stload.se.ifmo.ru:8080/?token=518477874&user=-1355069478&config=1,1836,0,0
1776025843263,1836,config 1 request,200,OK,config 1 1-4,text,false,"The operation lasted too long: It took 1,836 milliseconds, but should not have lasted longer than 775 milliseconds.",231,167,14,42,http://stload.se.ifmo.ru:8080/?token=518477874&user=-1355069478&config=1,1836,0,0
1776025843409,1784,config 1 request,200,OK,config 1 1-10,text,false,"The operation lasted too long: It took 1,784 milliseconds, but should not have lasted longer than 775 milliseconds.",231,167,14,42,http://stload.se.ifmo.ru:8080/?token=518477874&user=-1355069478&config=1,1784,0,0
1776025843520,1766,config 1 request,200,OK,config 1 1-1,text,false,"The operation lasted too long: It took 1,766 milliseconds, but should not have lasted longer than 775 milliseconds.",231,167,14,42,http://stload.se.ifmo.ru:8080/?token=518477874&user=-1355069478&config=1,1766,0,0
1776025843521,2034,config 1 request,200,OK,config 1 1-12,text,false,"The operation lasted too long: It took 2,034 milliseconds, but should not have lasted longer than 775 milliseconds.",231,167,14,42,http://stload.se.ifmo.ru:8080/?token=518477874&user=-1355069478&config=1,2034,0,0
1776025844089,1890,config 1 request,200,OK,config 1 1-2,text,false,"The operation lasted too long: It took 1,890 milliseconds, but should not have lasted longer than 775 milliseconds.",231,167,14,42,http://stload.se.ifmo.ru:8080/?token=518477874&user=-1355069478&config=1,1890,0,0
1776025844195,1784,config 1 request,200,OK,config 1 1-6,text,false,"The operation lasted too long: It took 1,784 milliseconds, but should not have lasted longer than 775 milliseconds.",231,167,14,42,http://stload.se.ifmo.ru:8080/?token=518477874&user=-1355069478&config=1,1784,0,0
1776025844151,1828,config 1 request,200,OK,config 1 1-14,text,false,"The operation lasted too long: It took 1,828 milliseconds, but should not have lasted longer than 775 milliseconds.",231,167,14,42,http://stload.se.ifmo.ru:8080/?token=518477874&user=-1355069478&config=1,1828,0,0
1776025844416,1696,config 1 request,200,OK,config 1 1-13,text,false,"The operation lasted too long: It took 1,696 milliseconds, but should not have lasted longer than 775 milliseconds.",231,167,14,42,http://stload.se.ifmo.ru:8080/?token=518477874&user=-1355069478&config=1,1696,0,0
1776025844328,2292,config 1 request,200,OK,config 1 1-3,text,false,"The operation lasted too long: It took 2,292 milliseconds, but should not have lasted longer than 775 milliseconds.",231,167,14,42,http://stload.se.ifmo.ru:8080/?token=518477874&user=-1355069478&config=1,2292,0,190
1776025844843,1804,config 1 request,200,OK,config 1 1-7,text,false,"The operation lasted too long: It took 1,804 milliseconds, but should not have lasted longer than 775 milliseconds.",231,167,14,42,http://stload.se.ifmo.ru:8080/?token=518477874&user=-1355069478&config=1,1804,0,0
1776025844843,1856,config 1 request,200,OK,config 1 1-9,text,false,"The operation lasted too long: It took 1,856 milliseconds, but should not have lasted longer than 775 milliseconds.",231,167,14,42,http://stload.se.ifmo.ru:8080/?token=518477874&user=-1355069478&config=1,1856,0,0
1776025845070,1728,config 1 request,200,OK,config 1 1-11,text,false,"The operation lasted too long: It took 1,728 milliseconds, but should not have lasted longer than 775 milliseconds.",231,167,14,42,http://stload.se.ifmo.ru:8080/?token=518477874&user=-1355069478&config=1,1728,0,0
1776025845099,1785,config 1 request,200,OK,config 1 1-8,text,false,"The operation lasted too long: It took 1,785 milliseconds, but should not have lasted longer than 775 milliseconds.",231,167,14,42,http://stload.se.ifmo.ru:8080/?token=518477874&user=-1355069478&config=1,1785,0,0
1776025845193,1728,config 1 request,200,OK,config 1 1-10,text,false,"The operation lasted too long: It took 1,728 milliseconds, but should not have lasted longer than 775 milliseconds.",231,167,14,42,http://stload.se.ifmo.ru:8080/?token=518477874&user=-1355069478&config=1,1728,0,0
1776025845018,1902,config 1 request,200,OK,config 1 1-5,text,false,"The operation lasted too long: It took 1,902 milliseconds, but should not have lasted longer than 775 milliseconds.",231,167,14,42,http://stload.se.ifmo.ru:8080/?token=518477874&user=-1355069478&config=1,1902,0,133
1776025845099,1946,config 1 request,200,OK,config 1 1-4,text,false,"The operation lasted too long: It took 1,946 milliseconds, but should not have lasted longer than 775 milliseconds.",231,167,14,42,http://stload.se.ifmo.ru:8080/?token=518477874&user=-1355069478&config=1,1946,0,186
1776025845286,1768,config 1 request,200,OK,config 1 1-1,text,false,"The operation lasted too long: It took 1,768 milliseconds, but should not have lasted longer than 775 milliseconds.",231,167,14,42,http://stload.se.ifmo.ru:8080/?token=518477874&user=-1355069478&config=1,1768,0,0
1776025845555,2007,config 1 request,200,OK,config 1 1-12,text,false,"The operation lasted too long: It took 2,007 milliseconds, but should not have lasted longer than 775 milliseconds.",231,167,14,42,http://stload.se.ifmo.ru:8080/?token=518477874&user=-1355069478&config=1,2007,0,0
1776025845979,1760,config 1 request,200,OK,config 1 1-14,text,false,"The operation lasted too long: It took 1,760 milliseconds, but should not have lasted longer than 775 milliseconds.",231,167,14,42,http://stload.se.ifmo.ru:8080/?token=518477874&user=-1355069478&config=1,1760,0,0
1776025845979,1963,config 1 request,200,OK,config 1 1-2,text,false,"The operation lasted too long: It took 1,963 milliseconds, but should not have lasted longer than 775 milliseconds.",231,167,14,42,http://stload.se.ifmo.ru:8080/?token=518477874&user=-1355069478&config=1,1963,0,0
1776025846112,1891,config 1 request,200,OK,config 1 1-13,text,false,"The operation lasted too long: It took 1,891 milliseconds, but should not have lasted longer than 775 milliseconds.",231,167,14,42,http://stload.se.ifmo.ru:8080/?token=518477874&user=-1355069478&config=1,1891,0,0
1776025845979,2025,config 1 request,200,OK,config 1 1-6,text,false,"The operation lasted too long: It took 2,025 milliseconds, but should not have lasted longer than 775 milliseconds.",231,167,14,42,http://stload.se.ifmo.ru:8080/?token=518477874&user=-1355069478&config=1,2025,0,184
1776025846647,1849,config 1 request,200,OK,config 1 1-7,text,false,"The operation lasted too long: It took 1,849 milliseconds, but should not have lasted longer than 775 milliseconds.",231,167,14,42,http://stload.se.ifmo.ru:8080/?token=518477874&user=-1355069478&config=1,1848,0,0
1776025846621,1875,config 1 request,200,OK,config 1 1-3,text,false,"The operation lasted too long: It took 1,875 milliseconds, but should not have lasted longer than 775 milliseconds.",231,167,14,42,http://stload.se.ifmo.ru:8080/?token=518477874&user=-1355069478&config=1,1874,0,0
1776025846699,1923,config 1 request,200,OK,config 1 1-9,text,false,"The operation lasted too long: It took 1,923 milliseconds, but should not have lasted longer than 775 milliseconds.",231,167,14,42,http://stload.se.ifmo.ru:8080/?token=518477874&user=-1355069478&config=1,1923,0,0
1776025846800,1822,config 1 request,200,OK,config 1 1-11,text,false,"The operation lasted too long: It took 1,822 milliseconds, but should not have lasted longer than 775 milliseconds.",231,167,14,42,http://stload.se.ifmo.ru:8080/?token=518477874&user=-1355069478&config=1,1822,0,0
1776025846884,1785,config 1 request,200,OK,config 1 1-8,text,false,"The operation lasted too long: It took 1,785 milliseconds, but should not have lasted longer than 775 milliseconds.",231,167,14,42,http://stload.se.ifmo.ru:8080/?token=518477874&user=-1355069478&config=1,1785,0,0
1776025846921,1749,config 1 request,200,OK,config 1 1-5,text,false,"The operation lasted too long: It took 1,749 milliseconds, but should not have lasted longer than 775 milliseconds.",231,167,14,42,http://stload.se.ifmo.ru:8080/?token=518477874&user=-1355069478&config=1,1749,0,0
1776025846921,1750,config 1 request,200,OK,config 1 1-10,text,false,"The operation lasted too long: It took 1,750 milliseconds, but should not have lasted longer than 775 milliseconds.",231,167,14,42,http://stload.se.ifmo.ru:8080/?token=518477874&user=-1355069478&config=1,1750,0,0
1776025847046,1887,config 1 request,200,OK,config 1 1-4,text,false,"The operation lasted too long: It took 1,887 milliseconds, but should not have lasted longer than 775 milliseconds.",231,167,14,42,http://stload.se.ifmo.ru:8080/?token=518477874&user=-1355069478&config=1,1887,0,0
1776025847055,1972,config 1 request,200,OK,config 1 1-1,text,false,"The operation lasted too long: It took 1,972 milliseconds, but should not have lasted longer than 775 milliseconds.",231,167,14,42,http://stload.se.ifmo.ru:8080/?token=518477874&user=-1355069478&config=1,1972,0,0
1776025847562,1876,config 1 request,200,OK,config 1 1-12,text,false,"The operation lasted too long: It took 1,876 milliseconds, but should not have lasted longer than 775 milliseconds.",231,167,14,42,http://stload.se.ifmo.ru:8080/?token=518477874&user=-1355069478&config=1,1876,0,0
1776025847739,1982,config 1 request,200,OK,config 1 1-14,text,false,"The operation lasted too long: It took 1,982 milliseconds, but should not have lasted longer than 775 milliseconds.",231,167,14,42,http://stload.se.ifmo.ru:8080/?token=518477874&user=-1355069478&config=1,1982,0,0
1776025847943,1838,config 1 request,200,OK,config 1 1-2,text,false,"The operation lasted too long: It took 1,838 milliseconds, but should not have lasted longer than 775 milliseconds.",231,167,14,42,http://stload.se.ifmo.ru:8080/?token=518477874&user=-1355069478&config=1,1838,0,0
1776025848005,1808,config 1 request,200,OK,config 1 1-6,text,false,"The operation lasted too long: It took 1,808 milliseconds, but should not have lasted longer than 775 milliseconds.",231,167,14,42,http://stload.se.ifmo.ru:8080/?token=518477874&user=-1355069478&config=1,1808,0,0
1776025848004,2076,config 1 request,200,OK,config 1 1-13,text,false,"The operation lasted too long: It took 2,076 milliseconds, but should not have lasted longer than 775 milliseconds.",231,167,14,42,http://stload.se.ifmo.ru:8080/?token=518477874&user=-1355069478&config=1,2076,0,0
1776025848496,1822,config 1 request,200,OK,config 1 1-3,text,false,"The operation lasted too long: It took 1,822 milliseconds, but should not have lasted longer than 775 milliseconds.",231,167,14,42,http://stload.se.ifmo.ru:8080/?token=518477874&user=-1355069478&config=1,1822,0,0
1776025848623,1735,config 1 request,200,OK,config 1 1-9,text,false,"The operation lasted too long: It took 1,735 milliseconds, but should not have lasted longer than 775 milliseconds.",231,167,14,42,http://stload.se.ifmo.ru:8080/?token=518477874&user=-1355069478&config=1,1735,0,0
1776025848623,1735,config 1 request,200,OK,config 1 1-11,text,false,"The operation lasted too long: It took 1,735 milliseconds, but should not have lasted longer than 775 milliseconds.",231,167,14,42,http://stload.se.ifmo.ru:8080/?token=518477874&user=-1355069478&config=1,1735,0,0
1776025848671,1731,config 1 request,200,OK,config 1 1-5,text,false,"The operation lasted too long: It took 1,731 milliseconds, but should not have lasted longer than 775 milliseconds.",231,167,14,42,http://stload.se.ifmo.ru:8080/?token=518477874&user=-1355069478&config=1,1731,0,0
1776025848671,1740,config 1 request,200,OK,config 1 1-10,text,false,"The operation lasted too long: It took 1,740 milliseconds, but should not have lasted longer than 775 milliseconds.",231,167,14,42,http://stload.se.ifmo.ru:8080/?token=518477874&user=-1355069478&config=1,1740,0,0
1776025848496,2067,config 1 request,200,OK,config 1 1-7,text,false,"The operation lasted too long: It took 2,067 milliseconds, but should not have lasted longer than 775 milliseconds.",231,167,14,42,http://stload.se.ifmo.ru:8080/?token=518477874&user=-1355069478&config=1,2067,0,239
1776025848670,1957,config 1 request,200,OK,config 1 1-8,text,false,"The operation lasted too long: It took 1,957 milliseconds, but should not have lasted longer than 775 milliseconds.",231,167,14,42,http://stload.se.ifmo.ru:8080/?token=518477874&user=-1355069478&config=1,1957,0,184
1776025848934,1796,config 1 request,200,OK,config 1 1-4,text,false,"The operation lasted too long: It took 1,796 milliseconds, but should not have lasted longer than 775 milliseconds.",231,167,14,42,http://stload.se.ifmo.ru:8080/?token=518477874&user=-1355069478&config=1,1796,0,0
1776025849027,2051,config 1 request,200,OK,config 1 1-1,text,false,"The operation lasted too long: It took 2,051 milliseconds, but should not have lasted longer than 775 milliseconds.",231,167,14,42,http://stload.se.ifmo.ru:8080/?token=518477874&user=-1355069478&config=1,2051,0,0
1776025849438,1905,config 1 request,200,OK,config 1 1-12,text,false,"The operation lasted too long: It took 1,905 milliseconds, but should not have lasted longer than 775 milliseconds.",231,167,14,42,http://stload.se.ifmo.ru:8080/?token=518477874&user=-1355069478&config=1,1905,0,0
1776025849721,1755,config 1 request,200,OK,config 1 1-14,text,false,"The operation lasted too long: It took 1,755 milliseconds, but should not have lasted longer than 775 milliseconds.",231,167,14,42,http://stload.se.ifmo.ru:8080/?token=518477874&user=-1355069478&config=1,1755,0,0
1776025849782,1835,config 1 request,200,OK,config 1 1-2,text,false,"The operation lasted too long: It took 1,835 milliseconds, but should not have lasted longer than 775 milliseconds.",231,167,14,42,http://stload.se.ifmo.ru:8080/?token=518477874&user=-1355069478&config=1,1835,0,0
1776025849814,1888,config 1 request,200,OK,config 1 1-6,text,false,"The operation lasted too long: It took 1,888 milliseconds, but should not have lasted longer than 775 milliseconds.",231,167,14,42,http://stload.se.ifmo.ru:8080/?token=518477874&user=-1355069478&config=1,1888,0,0
1776025850080,1950,config 1 request,200,OK,config 1 1-13,text,false,"The operation lasted too long: It took 1,950 milliseconds, but should not have lasted longer than 775 milliseconds.",231,167,14,42,http://stload.se.ifmo.ru:8080/?token=518477874&user=-1355069478&config=1,1950,0,0
1776025850318,1792,config 1 request,200,OK,config 1 1-3,text,false,"The operation lasted too long: It took 1,792 milliseconds, but should not have lasted longer than 775 milliseconds.",231,167,14,42,http://stload.se.ifmo.ru:8080/?token=518477874&user=-1355069478&config=1,1792,0,0
1776025850358,1766,config 1 request,200,OK,config 1 1-11,text,false,"The operation lasted too long: It took 1,766 milliseconds, but should not have lasted longer than 775 milliseconds.",231,167,14,42,http://stload.se.ifmo.ru:8080/?token=518477874&user=-1355069478&config=1,1766,0,0
1776025850402,1895,config 1 request,200,OK,config 1 1-5,text,false,"The operation lasted too long: It took 1,895 milliseconds, but should not have lasted longer than 775 milliseconds.",231,167,14,42,http://stload.se.ifmo.ru:8080/?token=518477874&user=-1355069478&config=1,1895,0,0
1776025850564,1824,config 1 request,200,OK,config 1 1-7,text,false,"The operation lasted too long: It took 1,824 milliseconds, but should not have lasted longer than 775 milliseconds.",231,167,14,42,http://stload.se.ifmo.ru:8080/?token=518477874&user=-1355069478&config=1,1824,0,0
1776025850358,2030,config 1 request,200,OK,config 1 1-9,text,false,"The operation lasted too long: It took 2,030 milliseconds, but should not have lasted longer than 775 milliseconds.",231,167,14,42,http://stload.se.ifmo.ru:8080/?token=518477874&user=-1355069478&config=1,2030,0,146
1776025850411,2022,config 1 request,200,OK,config 1 1-10,text,false,"The operation lasted too long: It took 2,022 milliseconds, but should not have lasted longer than 775 milliseconds.",231,167,14,42,http://stload.se.ifmo.ru:8080/?token=518477874&user=-1355069478&config=1,2022,0,152
1776025850628,1853,config 1 request,200,OK,config 1 1-8,text,false,"The operation lasted too long: It took 1,853 milliseconds, but should not have lasted longer than 775 milliseconds.",231,167,14,42,http://stload.se.ifmo.ru:8080/?token=518477874&user=-1355069478&config=1,1853,0,0
1776025850731,1789,config 1 request,200,OK,config 1 1-4,text,false,"The operation lasted too long: It took 1,789 milliseconds, but should not have lasted longer than 775 milliseconds.",231,167,14,42,http://stload.se.ifmo.ru:8080/?token=518477874&user=-1355069478&config=1,1789,0,0
1776025851080,1955,config 1 request,200,OK,config 1 1-1,text,false,"The operation lasted too long: It took 1,955 milliseconds, but should not have lasted longer than 775 milliseconds.",231,167,14,42,http://stload.se.ifmo.ru:8080/?token=518477874&user=-1355069478&config=1,1955,0,0
1776025851345,1907,config 1 request,200,OK,config 1 1-12,text,false,"The operation lasted too long: It took 1,907 milliseconds, but should not have lasted longer than 775 milliseconds.",231,167,14,42,http://stload.se.ifmo.ru:8080/?token=518477874&user=-1355069478&config=1,1907,0,0
1776025851477,1811,config 1 request,200,OK,config 1 1-14,text,false,"The operation lasted too long: It took 1,811 milliseconds, but should not have lasted longer than 775 milliseconds.",231,167,14,42,http://stload.se.ifmo.ru:8080/?token=518477874&user=-1355069478&config=1,1811,0,0
1776025851619,1762,config 1 request,200,OK,config 1 1-2,text,false,"The operation lasted too long: It took 1,762 milliseconds, but should not have lasted longer than 775 milliseconds.",231,167,14,42,http://stload.se.ifmo.ru:8080/?token=518477874&user=-1355069478&config=1,1761,0,0
1776025851704,1884,config 1 request,200,OK,config 1 1-6,text,false,"The operation lasted too long: It took 1,884 milliseconds, but should not have lasted longer than 775 milliseconds.",231,167,14,42,http://stload.se.ifmo.ru:8080/?token=518477874&user=-1355069478&config=1,1884,0,0
1776025852032,1887,config 1 request,200,OK,config 1 1-13,text,false,"The operation lasted too long: It took 1,887 milliseconds, but should not have lasted longer than 775 milliseconds.",231,167,14,42,http://stload.se.ifmo.ru:8080/?token=518477874&user=-1355069478&config=1,1887,0,0
1776025852298,1743,config 1 request,200,OK,config 1 1-5,text,false,"The operation lasted too long: It took 1,743 milliseconds, but should not have lasted longer than 775 milliseconds.",231,167,14,42,http://stload.se.ifmo.ru:8080/?token=518477874&user=-1355069478&config=1,1743,0,0
1776025852112,1929,config 1 request,200,OK,config 1 1-3,text,false,"The operation lasted too long: It took 1,929 milliseconds, but should not have lasted longer than 775 milliseconds.",231,167,14,42,http://stload.se.ifmo.ru:8080/?token=518477874&user=-1355069478&config=1,1929,0,0
1776025852125,1986,config 1 request,200,OK,config 1 1-11,text,false,"The operation lasted too long: It took 1,986 milliseconds, but should not have lasted longer than 775 milliseconds.",231,167,14,42,http://stload.se.ifmo.ru:8080/?token=518477874&user=-1355069478&config=1,1986,0,172
1776025852389,1723,config 1 request,200,OK,config 1 1-9,text,false,"The operation lasted too long: It took 1,723 milliseconds, but should not have lasted longer than 775 milliseconds.",231,167,14,42,http://stload.se.ifmo.ru:8080/?token=518477874&user=-1355069478&config=1,1723,0,0
1776025852389,1797,config 1 request,200,OK,config 1 1-7,text,false,"The operation lasted too long: It took 1,797 milliseconds, but should not have lasted longer than 775 milliseconds.",231,167,14,42,http://stload.se.ifmo.ru:8080/?token=518477874&user=-1355069478&config=1,1797,0,0
1776025852434,1976,config 1 request,200,OK,config 1 1-10,text,false,"The operation lasted too long: It took 1,976 milliseconds, but should not have lasted longer than 775 milliseconds.",231,167,14,42,http://stload.se.ifmo.ru:8080/?token=518477874&user=-1355069478&config=1,1976,0,0
1776025852482,1928,config 1 request,200,OK,config 1 1-8,text,false,"The operation lasted too long: It took 1,928 milliseconds, but should not have lasted longer than 775 milliseconds.",231,167,14,42,http://stload.se.ifmo.ru:8080/?token=518477874&user=-1355069478&config=1,1928,0,0
1776025852522,1892,config 1 request,200,OK,config 1 1-4,text,false,"The operation lasted too long: It took 1,892 milliseconds, but should not have lasted longer than 775 milliseconds.",231,167,14,42,http://stload.se.ifmo.ru:8080/?token=518477874&user=-1355069478&config=1,1892,0,0
1776025853035,1992,config 1 request,200,OK,config 1 1-1,text,false,"The operation lasted too long: It took 1,992 milliseconds, but should not have lasted longer than 775 milliseconds.",231,167,14,42,http://stload.se.ifmo.ru:8080/?token=518477874&user=-1355069478&config=1,1992,0,0
1776025853288,1811,config 1 request,200,OK,config 1 1-14,text,false,"The operation lasted too long: It took 1,811 milliseconds, but should not have lasted longer than 775 milliseconds.",231,167,14,42,http://stload.se.ifmo.ru:8080/?token=518477874&user=-1355069478&config=1,1810,0,0
1776025853381,1737,config 1 request,200,OK,config 1 1-2,text,false,"The operation lasted too long: It took 1,737 milliseconds, but should not have lasted longer than 775 milliseconds.",231,167,14,42,http://stload.se.ifmo.ru:8080/?token=518477874&user=-1355069478&config=1,1737,0,0
1776025853252,2136,config 1 request,200,OK,config 1 1-12,text,false,"The operation lasted too long: It took 2,136 milliseconds, but should not have lasted longer than 775 milliseconds.",231,167,14,42,http://stload.se.ifmo.ru:8080/?token=518477874&user=-1355069478&config=1,2136,0,162
1776025853588,1986,config 1 request,200,OK,config 1 1-6,text,false,"The operation lasted too long: It took 1,986 milliseconds, but should not have lasted longer than 775 milliseconds.",231,167,14,42,http://stload.se.ifmo.ru:8080/?token=518477874&user=-1355069478&config=1,1986,0,0
1776025854042,1782,config 1 request,200,OK,config 1 1-5,text,false,"The operation lasted too long: It took 1,782 milliseconds, but should not have lasted longer than 775 milliseconds.",231,167,14,42,http://stload.se.ifmo.ru:8080/?token=518477874&user=-1355069478&config=1,1782,0,0
1776025854042,1856,config 1 request,200,OK,config 1 1-3,text,false,"The operation lasted too long: It took 1,856 milliseconds, but should not have lasted longer than 775 milliseconds.",231,167,14,42,http://stload.se.ifmo.ru:8080/?token=518477874&user=-1355069478&config=1,1856,0,0
1776025854112,1786,config 1 request,200,OK,config 1 1-9,text,false,"The operation lasted too long: It took 1,786 milliseconds, but should not have lasted longer than 775 milliseconds.",231,167,14,42,http://stload.se.ifmo.ru:8080/?token=518477874&user=-1355069478&config=1,1786,0,0
1776025854112,1787,config 1 request,200,OK,config 1 1-11,text,false,"The operation lasted too long: It took 1,787 milliseconds, but should not have lasted longer than 775 milliseconds.",231,167,14,42,http://stload.se.ifmo.ru:8080/?token=518477874&user=-1355069478&config=1,1787,0,0
1776025854187,1770,config 1 request,200,OK,config 1 1-7,text,false,"The operation lasted too long: It took 1,770 milliseconds, but should not have lasted longer than 775 milliseconds.",231,167,14,42,http://stload.se.ifmo.ru:8080/?token=518477874&user=-1355069478&config=1,1770,0,0
1776025853919,2038,config 1 request,200,OK,config 1 1-13,text,false,"The operation lasted too long: It took 2,038 milliseconds, but should not have lasted longer than 775 milliseconds.",231,167,14,42,http://stload.se.ifmo.ru:8080/?token=518477874&user=-1355069478&config=1,2038,0,192
1776025854410,1878,config 1 request,200,OK,config 1 1-8,text,false,"The operation lasted too long: It took 1,878 milliseconds, but should not have lasted longer than 775 milliseconds.",231,167,14,42,http://stload.se.ifmo.ru:8080/?token=518477874&user=-1355069478&config=1,1878,0,0
1776025854410,1937,config 1 request,200,OK,config 1 1-10,text,false,"The operation lasted too long: It took 1,937 milliseconds, but should not have lasted longer than 775 milliseconds.",231,167,14,42,http://stload.se.ifmo.ru:8080/?token=518477874&user=-1355069478&config=1,1937,0,0
1776025854414,1966,config 1 request,200,OK,config 1 1-4,text,false,"The operation lasted too long: It took 1,966 milliseconds, but should not have lasted longer than 775 milliseconds.",231,167,14,42,http://stload.se.ifmo.ru:8080/?token=518477874&user=-1355069478&config=1,1966,0,0
1776025855119,1836,config 1 request,200,OK,config 1 1-2,text,false,"The operation lasted too long: It took 1,836 milliseconds, but should not have lasted longer than 775 milliseconds.",231,167,14,42,http://stload.se.ifmo.ru:8080/?token=518477874&user=-1355069478&config=1,1836,0,0
1776025855027,1928,config 1 request,200,OK,config 1 1-1,text,false,"The operation lasted too long: It took 1,928 milliseconds, but should not have lasted longer than 775 milliseconds.",231,167,14,42,http://stload.se.ifmo.ru:8080/?token=518477874&user=-1355069478&config=1,1928,0,0
1776025855099,2072,config 1 request,200,OK,config 1 1-14,text,false,"The operation lasted too long: It took 2,072 milliseconds, but should not have lasted longer than 775 milliseconds.",231,167,14,42,http://stload.se.ifmo.ru:8080/?token=518477874&user=-1355069478&config=1,2071,0,155
1776025855388,2025,config 1 request,200,OK,config 1 1-12,text,false,"The operation lasted too long: It took 2,025 milliseconds, but should not have lasted longer than 775 milliseconds.",231,167,14,42,http://stload.se.ifmo.ru:8080/?token=518477874&user=-1355069478&config=1,2025,0,0
1776025855574,1865,config 1 request,200,OK,config 1 1-6,text,false,"The operation lasted too long: It took 1,865 milliseconds, but should not have lasted longer than 775 milliseconds.",231,167,14,42,http://stload.se.ifmo.ru:8080/?token=518477874&user=-1355069478&config=1,1865,0,0
1776025855899,1805,config 1 request,200,OK,config 1 1-3,text,false,"The operation lasted too long: It took 1,805 milliseconds, but should not have lasted longer than 775 milliseconds.",231,167,14,42,http://stload.se.ifmo.ru:8080/?token=518477874&user=-1355069478&config=1,1805,0,0
1776025855825,1879,config 1 request,200,OK,config 1 1-5,text,false,"The operation lasted too long: It took 1,879 milliseconds, but should not have lasted longer than 775 milliseconds.",231,167,14,42,http://stload.se.ifmo.ru:8080/?token=518477874&user=-1355069478&config=1,1879,0,0
1776025855899,1805,config 1 request,200,OK,config 1 1-11,text,false,"The operation lasted too long: It took 1,805 milliseconds, but should not have lasted longer than 775 milliseconds.",231,167,14,42,http://stload.se.ifmo.ru:8080/?token=518477874&user=-1355069478&config=1,1805,0,0
1776025855899,1899,config 1 request,200,OK,config 1 1-9,text,false,"The operation lasted too long: It took 1,899 milliseconds, but should not have lasted longer than 775 milliseconds.",231,167,14,42,http://stload.se.ifmo.ru:8080/?token=518477874&user=-1355069478&config=1,1899,0,0
1776025855958,1840,config 1 request,200,OK,config 1 1-7,text,false,"The operation lasted too long: It took 1,840 milliseconds, but should not have lasted longer than 775 milliseconds.",231,167,14,42,http://stload.se.ifmo.ru:8080/?token=518477874&user=-1355069478&config=1,1840,0,0
1776025855958,1897,config 1 request,200,OK,config 1 1-13,text,false,"The operation lasted too long: It took 1,897 milliseconds, but should not have lasted longer than 775 milliseconds.",231,167,14,42,http://stload.se.ifmo.ru:8080/?token=518477874&user=-1355069478&config=1,1897,0,0
1776025856289,1806,config 1 request,200,OK,config 1 1-8,text,false,"The operation lasted too long: It took 1,806 milliseconds, but should not have lasted longer than 775 milliseconds.",231,167,14,42,http://stload.se.ifmo.ru:8080/?token=518477874&user=-1355069478&config=1,1806,0,0
1776025856347,1791,config 1 request,200,OK,config 1 1-10,text,false,"The operation lasted too long: It took 1,791 milliseconds, but should not have lasted longer than 775 milliseconds.",231,167,14,42,http://stload.se.ifmo.ru:8080/?token=518477874&user=-1355069478&config=1,1791,0,0
1776025856381,1757,config 1 request,200,OK,config 1 1-4,text,false,"The operation lasted too long: It took 1,757 milliseconds, but should not have lasted longer than 775 milliseconds.",231,167,14,42,http://stload.se.ifmo.ru:8080/?token=518477874&user=-1355069478&config=1,1757,0,0
1776025856955,1856,config 1 request,200,OK,config 1 1-2,text,false,"The operation lasted too long: It took 1,856 milliseconds, but should not have lasted longer than 775 milliseconds.",231,167,14,42,http://stload.se.ifmo.ru:8080/?token=518477874&user=-1355069478&config=1,1856,0,0
1776025856955,1911,config 1 request,200,OK,config 1 1-1,text,false,"The operation lasted too long: It took 1,911 milliseconds, but should not have lasted longer than 775 milliseconds.",231,167,14,42,http://stload.se.ifmo.ru:8080/?token=518477874&user=-1355069478&config=1,1911,0,0
1776025857171,1881,config 1 request,200,OK,config 1 1-14,text,false,"The operation lasted too long: It took 1,881 milliseconds, but should not have lasted longer than 775 milliseconds.",231,167,14,42,http://stload.se.ifmo.ru:8080/?token=518477874&user=-1355069478&config=1,1881,0,0
1776025857414,1844,config 1 request,200,OK,config 1 1-12,text,false,"The operation lasted too long: It took 1,844 milliseconds, but should not have lasted longer than 775 milliseconds.",231,167,14,42,http://stload.se.ifmo.ru:8080/?token=518477874&user=-1355069478&config=1,1844,0,0
1776025857439,1964,config 1 request,200,OK,config 1 1-6,text,false,"The operation lasted too long: It took 1,964 milliseconds, but should not have lasted longer than 775 milliseconds.",231,167,14,42,http://stload.se.ifmo.ru:8080/?token=518477874&user=-1355069478&config=1,1964,0,0
1776025857705,1698,config 1 request,200,OK,config 1 1-3,text,false,"The operation lasted too long: It took 1,698 milliseconds, but should not have lasted longer than 775 milliseconds.",231,167,14,42,http://stload.se.ifmo.ru:8080/?token=518477874&user=-1355069478&config=1,1698,0,0
1776025857705,1790,config 1 request,200,OK,config 1 1-5,text,false,"The operation lasted too long: It took 1,790 milliseconds, but should not have lasted longer than 775 milliseconds.",231,167,14,42,http://stload.se.ifmo.ru:8080/?token=518477874&user=-1355069478&config=1,1790,0,0
1776025857798,1789,config 1 request,200,OK,config 1 1-9,text,false,"The operation lasted too long: It took 1,789 milliseconds, but should not have lasted longer than 775 milliseconds.",231,167,14,42,http://stload.se.ifmo.ru:8080/?token=518477874&user=-1355069478&config=1,1789,0,0
1776025857705,1882,config 1 request,200,OK,config 1 1-11,text,false,"The operation lasted too long: It took 1,882 milliseconds, but should not have lasted longer than 775 milliseconds.",231,167,14,42,http://stload.se.ifmo.ru:8080/?token=518477874&user=-1355069478&config=1,1882,0,0
1776025857798,1789,config 1 request,200,OK,config 1 1-7,text,false,"The operation lasted too long: It took 1,789 milliseconds, but should not have lasted longer than 775 milliseconds.",231,167,14,42,http://stload.se.ifmo.ru:8080/?token=518477874&user=-1355069478&config=1,1789,0,0
1776025857856,1862,config 1 request,200,OK,config 1 1-13,text,false,"The operation lasted too long: It took 1,862 milliseconds, but should not have lasted longer than 775 milliseconds.",231,167,14,42,http://stload.se.ifmo.ru:8080/?token=518477874&user=-1355069478&config=1,1862,0,0
1776025858095,1996,config 1 request,200,OK,config 1 1-8,text,false,"The operation lasted too long: It took 1,996 milliseconds, but should not have lasted longer than 775 milliseconds.",231,167,14,42,http://stload.se.ifmo.ru:8080/?token=518477874&user=-1355069478&config=1,1996,0,0
1776025858139,2070,config 1 request,200,OK,config 1 1-4,text,false,"The operation lasted too long: It took 2,070 milliseconds, but should not have lasted longer than 775 milliseconds.",231,167,14,42,http://stload.se.ifmo.ru:8080/?token=518477874&user=-1355069478&config=1,2070,0,0
1776025858139,2070,config 1 request,200,OK,config 1 1-10,text,false,"The operation lasted too long: It took 2,070 milliseconds, but should not have lasted longer than 775 milliseconds.",231,167,14,42,http://stload.se.ifmo.ru:8080/?token=518477874&user=-1355069478&config=1,2070,0,0
1776025858812,1920,config 1 request,200,OK,config 1 1-2,text,false,"The operation lasted too long: It took 1,920 milliseconds, but should not have lasted longer than 775 milliseconds.",231,167,14,42,http://stload.se.ifmo.ru:8080/?token=518477874&user=-1355069478&config=1,1920,0,0
1776025858866,1928,config 1 request,200,OK,config 1 1-1,text,false,"The operation lasted too long: It took 1,928 milliseconds, but should not have lasted longer than 775 milliseconds.",231,167,14,42,http://stload.se.ifmo.ru:8080/?token=518477874&user=-1355069478&config=1,1928,0,0
1776025859052,1808,config 1 request,200,OK,config 1 1-14,text,false,"The operation lasted too long: It took 1,808 milliseconds, but should not have lasted longer than 775 milliseconds.",231,167,14,42,http://stload.se.ifmo.ru:8080/?token=518477874&user=-1355069478&config=1,1808,0,0
1776025859258,1896,config 1 request,200,OK,config 1 1-12,text,false,"The operation lasted too long: It took 1,896 milliseconds, but should not have lasted longer than 775 milliseconds.",231,167,14,42,http://stload.se.ifmo.ru:8080/?token=518477874&user=-1355069478&config=1,1896,0,0
1776025859403,1751,config 1 request,200,OK,config 1 1-3,text,false,"The operation lasted too long: It took 1,751 milliseconds, but should not have lasted longer than 775 milliseconds.",231,167,14,42,http://stload.se.ifmo.ru:8080/?token=518477874&user=-1355069478&config=1,1751,0,0
1776025859403,1784,config 1 request,200,OK,config 1 1-6,text,false,"The operation lasted too long: It took 1,784 milliseconds, but should not have lasted longer than 775 milliseconds.",231,167,14,42,http://stload.se.ifmo.ru:8080/?token=518477874&user=-1355069478&config=1,1784,0,0
1776025859495,1829,config 1 request,200,OK,config 1 1-5,text,false,"The operation lasted too long: It took 1,829 milliseconds, but should not have lasted longer than 775 milliseconds.",231,167,14,42,http://stload.se.ifmo.ru:8080/?token=518477874&user=-1355069478&config=1,1829,0,0
1776025859588,1922,config 1 request,200,OK,config 1 1-7,text,false,"The operation lasted too long: It took 1,922 milliseconds, but should not have lasted longer than 775 milliseconds.",231,167,14,42,http://stload.se.ifmo.ru:8080/?token=518477874&user=-1355069478&config=1,1922,0,0
1776025859588,1922,config 1 request,200,OK,config 1 1-9,text,false,"The operation lasted too long: It took 1,922 milliseconds, but should not have lasted longer than 775 milliseconds.",231,167,14,42,http://stload.se.ifmo.ru:8080/?token=518477874&user=-1355069478&config=1,1922,0,0
1776025859588,2013,config 1 request,200,OK,config 1 1-11,text,false,"The operation lasted too long: It took 2,013 milliseconds, but should not have lasted longer than 775 milliseconds.",231,167,14,42,http://stload.se.ifmo.ru:8080/?token=518477874&user=-1355069478&config=1,2013,0,0
1776025859718,1927,config 1 request,200,OK,config 1 1-13,text,false,"The operation lasted too long: It took 1,927 milliseconds, but should not have lasted longer than 775 milliseconds.",231,167,14,42,http://stload.se.ifmo.ru:8080/?token=518477874&user=-1355069478&config=1,1927,0,0
1776025860095,1776,config 1 request,200,OK,config 1 1-8,text,false,"The operation lasted too long: It took 1,776 milliseconds, but should not have lasted longer than 775 milliseconds.",231,167,14,42,http://stload.se.ifmo.ru:8080/?token=518477874&user=-1355069478&config=1,1776,0,0
1776025860209,1746,config 1 request,200,OK,config 1 1-4,text,false,"The operation lasted too long: It took 1,746 milliseconds, but should not have lasted longer than 775 milliseconds.",231,167,14,42,http://stload.se.ifmo.ru:8080/?token=518477874&user=-1355069478&config=1,1745,0,0
1776025860209,1746,config 1 request,200,OK,config 1 1-10,text,false,"The operation lasted too long: It took 1,746 milliseconds, but should not have lasted longer than 775 milliseconds.",231,167,14,42,http://stload.se.ifmo.ru:8080/?token=518477874&user=-1355069478&config=1,1746,0,0
1776025860733,1791,config 1 request,200,OK,config 1 1-2,text,false,"The operation lasted too long: It took 1,791 milliseconds, but should not have lasted longer than 775 milliseconds.",231,167,14,42,http://stload.se.ifmo.ru:8080/?token=518477874&user=-1355069478&config=1,1791,0,0
1776025860795,1894,config 1 request,200,OK,config 1 1-1,text,false,"The operation lasted too long: It took 1,894 milliseconds, but should not have lasted longer than 775 milliseconds.",231,167,14,42,http://stload.se.ifmo.ru:8080/?token=518477874&user=-1355069478&config=1,1894,0,0
1776025860861,2081,config 1 request,200,OK,config 1 1-14,text,false,"The operation lasted too long: It took 2,081 milliseconds, but should not have lasted longer than 775 milliseconds.",231,167,14,42,http://stload.se.ifmo.ru:8080/?token=518477874&user=-1355069478&config=1,2081,0,0
1776025861154,1787,config 1 request,200,OK,config 1 1-12,text,false,"The operation lasted too long: It took 1,787 milliseconds, but should not have lasted longer than 775 milliseconds.",231,167,14,42,http://stload.se.ifmo.ru:8080/?token=518477874&user=-1355069478&config=1,1787,0,0
1776025861154,1916,config 1 request,200,OK,config 1 1-3,text,false,"The operation lasted too long: It took 1,916 milliseconds, but should not have lasted longer than 775 milliseconds.",231,167,14,42,http://stload.se.ifmo.ru:8080/?token=518477874&user=-1355069478&config=1,1916,0,0
1776025861186,1888,config 1 request,200,OK,config 1 1-6,text,false,"The operation lasted too long: It took 1,888 milliseconds, but should not have lasted longer than 775 milliseconds.",231,167,14,42,http://stload.se.ifmo.ru:8080/?token=518477874&user=-1355069478&config=1,1888,0,0
1776025861324,1842,config 1 request,200,OK,config 1 1-5,text,false,"The operation lasted too long: It took 1,842 milliseconds, but should not have lasted longer than 775 milliseconds.",231,167,14,42,http://stload.se.ifmo.ru:8080/?token=518477874&user=-1355069478&config=1,1842,0,0
1776025861510,1789,config 1 request,200,OK,config 1 1-9,text,false,"The operation lasted too long: It took 1,789 milliseconds, but should not have lasted longer than 775 milliseconds.",231,167,14,42,http://stload.se.ifmo.ru:8080/?token=518477874&user=-1355069478&config=1,1789,0,0
1776025861510,1829,config 1 request,200,OK,config 1 1-7,text,false,"The operation lasted too long: It took 1,829 milliseconds, but should not have lasted longer than 775 milliseconds.",231,167,14,42,http://stload.se.ifmo.ru:8080/?token=518477874&user=-1355069478&config=1,1829,0,0
1776025861601,1779,config 1 request,200,OK,config 1 1-11,text,false,"The operation lasted too long: It took 1,779 milliseconds, but should not have lasted longer than 775 milliseconds.",231,167,14,42,http://stload.se.ifmo.ru:8080/?token=518477874&user=-1355069478&config=1,1779,0,0
1776025861644,1788,config 1 request,200,OK,config 1 1-13,text,false,"The operation lasted too long: It took 1,788 milliseconds, but should not have lasted longer than 775 milliseconds.",231,167,14,42,http://stload.se.ifmo.ru:8080/?token=518477874&user=-1355069478&config=1,1788,0,0
1776025861871,1928,config 1 request,200,OK,config 1 1-8,text,false,"The operation lasted too long: It took 1,928 milliseconds, but should not have lasted longer than 775 milliseconds.",231,167,14,42,http://stload.se.ifmo.ru:8080/?token=518477874&user=-1355069478&config=1,1928,0,0
1776025861954,2002,config 1 request,200,OK,config 1 1-10,text,false,"The operation lasted too long: It took 2,002 milliseconds, but should not have lasted longer than 775 milliseconds.",231,167,14,42,http://stload.se.ifmo.ru:8080/?token=518477874&user=-1355069478&config=1,2002,0,0
1776025861954,2142,config 1 request,200,OK,config 1 1-4,text,false,"The operation lasted too long: It took 2,142 milliseconds, but should not have lasted longer than 775 milliseconds.",231,167,14,42,http://stload.se.ifmo.ru:8080/?token=518477874&user=-1355069478&config=1,2142,0,0
1776025862523,1828,config 1 request,200,OK,config 1 1-2,text,false,"The operation lasted too long: It took 1,828 milliseconds, but should not have lasted longer than 775 milliseconds.",231,167,14,42,http://stload.se.ifmo.ru:8080/?token=518477874&user=-1355069478&config=1,1828,0,0
1776025862688,2020,config 1 request,200,OK,config 1 1-1,text,false,"The operation lasted too long: It took 2,020 milliseconds, but should not have lasted longer than 775 milliseconds.",231,167,14,42,http://stload.se.ifmo.ru:8080/?token=518477874&user=-1355069478&config=1,2020,0,0
1776025862942,1766,config 1 request,200,OK,config 1 1-12,text,false,"The operation lasted too long: It took 1,766 milliseconds, but should not have lasted longer than 775 milliseconds.",231,167,14,42,http://stload.se.ifmo.ru:8080/?token=518477874&user=-1355069478&config=1,1766,0,0
1776025862942,1803,config 1 request,200,OK,config 1 1-14,text,false,"The operation lasted too long: It took 1,803 milliseconds, but should not have lasted longer than 775 milliseconds.",231,167,14,42,http://stload.se.ifmo.ru:8080/?token=518477874&user=-1355069478&config=1,1802,0,0
1776025863071,1823,config 1 request,200,OK,config 1 1-3,text,false,"The operation lasted too long: It took 1,823 milliseconds, but should not have lasted longer than 775 milliseconds.",231,167,14,42,http://stload.se.ifmo.ru:8080/?token=518477874&user=-1355069478&config=1,1823,0,0
1776025863074,1820,config 1 request,200,OK,config 1 1-6,text,false,"The operation lasted too long: It took 1,820 milliseconds, but should not have lasted longer than 775 milliseconds.",231,167,14,42,http://stload.se.ifmo.ru:8080/?token=518477874&user=-1355069478&config=1,1820,0,0
1776025863167,1770,config 1 request,200,OK,config 1 1-5,text,false,"The operation lasted too long: It took 1,770 milliseconds, but should not have lasted longer than 775 milliseconds.",231,167,14,42,http://stload.se.ifmo.ru:8080/?token=518477874&user=-1355069478&config=1,1770,0,0
1776025863300,1771,config 1 request,200,OK,config 1 1-9,text,false,"The operation lasted too long: It took 1,771 milliseconds, but should not have lasted longer than 775 milliseconds.",231,167,14,42,http://stload.se.ifmo.ru:8080/?token=518477874&user=-1355069478&config=1,1771,0,0
1776025863339,1986,config 1 request,200,OK,config 1 1-7,text,false,"The operation lasted too long: It took 1,986 milliseconds, but should not have lasted longer than 775 milliseconds.",231,167,14,42,http://stload.se.ifmo.ru:8080/?token=518477874&user=-1355069478&config=1,1986,0,0
1776025863381,1983,config 1 request,200,OK,config 1 1-11,text,false,"The operation lasted too long: It took 1,983 milliseconds, but should not have lasted longer than 775 milliseconds.",231,167,14,42,http://stload.se.ifmo.ru:8080/?token=518477874&user=-1355069478&config=1,1983,0,0
1776025863433,1931,config 1 request,200,OK,config 1 1-13,text,false,"The operation lasted too long: It took 1,931 milliseconds, but should not have lasted longer than 775 milliseconds.",231,167,14,42,http://stload.se.ifmo.ru:8080/?token=518477874&user=-1355069478&config=1,1931,0,0
1776025863800,1787,config 1 request,200,OK,config 1 1-8,text,false,"The operation lasted too long: It took 1,787 milliseconds, but should not have lasted longer than 775 milliseconds.",231,167,14,42,http://stload.se.ifmo.ru:8080/?token=518477874&user=-1355069478&config=1,1787,0,0
1776025863957,2014,config 1 request,200,OK,config 1 1-10,text,false,"The operation lasted too long: It took 2,014 milliseconds, but should not have lasted longer than 775 milliseconds.",231,167,14,42,http://stload.se.ifmo.ru:8080/?token=518477874&user=-1355069478&config=1,2014,0,0
1776025864096,1983,config 1 request,200,OK,config 1 1-4,text,false,"The operation lasted too long: It took 1,983 milliseconds, but should not have lasted longer than 775 milliseconds.",231,167,14,42,http://stload.se.ifmo.ru:8080/?token=518477874&user=-1355069478&config=1,1983,0,0
1776025864352,1919,config 1 request,200,OK,config 1 1-2,text,false,"The operation lasted too long: It took 1,919 milliseconds, but should not have lasted longer than 775 milliseconds.",231,167,14,42,http://stload.se.ifmo.ru:8080/?token=518477874&user=-1355069478&config=1,1919,0,0
1776025864708,1709,config 1 request,200,OK,config 1 1-1,text,false,"The operation lasted too long: It took 1,709 milliseconds, but should not have lasted longer than 775 milliseconds.",231,167,14,42,http://stload.se.ifmo.ru:8080/?token=518477874&user=-1355069478&config=1,1709,0,0
1776025864745,1754,config 1 request,200,OK,config 1 1-14,text,false,"The operation lasted too long: It took 1,754 milliseconds, but should not have lasted longer than 775 milliseconds.",231,167,14,42,http://stload.se.ifmo.ru:8080/?token=518477874&user=-1355069478&config=1,1754,0,0
1776025864708,1791,config 1 request,200,OK,config 1 1-12,text,false,"The operation lasted too long: It took 1,791 milliseconds, but should not have lasted longer than 775 milliseconds.",231,167,14,42,http://stload.se.ifmo.ru:8080/?token=518477874&user=-1355069478&config=1,1791,0,0
1776025864895,1804,config 1 request,200,OK,config 1 1-6,text,false,"The operation lasted too long: It took 1,804 milliseconds, but should not have lasted longer than 775 milliseconds.",231,167,14,42,http://stload.se.ifmo.ru:8080/?token=518477874&user=-1355069478&config=1,1804,0,0
1776025864895,1989,config 1 request,200,OK,config 1 1-3,text,false,"The operation lasted too long: It took 1,989 milliseconds, but should not have lasted longer than 775 milliseconds.",231,167,14,42,http://stload.se.ifmo.ru:8080/?token=518477874&user=-1355069478&config=1,1989,0,0
1776025864937,1947,config 1 request,200,OK,config 1 1-5,text,false,"The operation lasted too long: It took 1,947 milliseconds, but should not have lasted longer than 775 milliseconds.",231,167,14,42,http://stload.se.ifmo.ru:8080/?token=518477874&user=-1355069478&config=1,1947,0,0
1776025865071,1907,config 1 request,200,OK,config 1 1-9,text,false,"The operation lasted too long: It took 1,907 milliseconds, but should not have lasted longer than 775 milliseconds.",231,167,14,42,http://stload.se.ifmo.ru:8080/?token=518477874&user=-1355069478&config=1,1907,0,0
1776025865364,1747,config 1 request,200,OK,config 1 1-11,text,false,"The operation lasted too long: It took 1,747 milliseconds, but should not have lasted longer than 775 milliseconds.",231,167,14,42,http://stload.se.ifmo.ru:8080/?token=518477874&user=-1355069478&config=1,1747,0,0
1776025865325,1786,config 1 request,200,OK,config 1 1-7,text,false,"The operation lasted too long: It took 1,786 milliseconds, but should not have lasted longer than 775 milliseconds.",231,167,14,42,http://stload.se.ifmo.ru:8080/?token=518477874&user=-1355069478&config=1,1786,0,0
1776025865364,1792,config 1 request,200,OK,config 1 1-13,text,false,"The operation lasted too long: It took 1,792 milliseconds, but should not have lasted longer than 775 milliseconds.",231,167,14,42,http://stload.se.ifmo.ru:8080/?token=518477874&user=-1355069478&config=1,1792,0,0
1776025865588,2058,config 1 request,200,OK,config 1 1-8,text,false,"The operation lasted too long: It took 2,058 milliseconds, but should not have lasted longer than 775 milliseconds.",231,167,14,42,http://stload.se.ifmo.ru:8080/?token=518477874&user=-1355069478&config=1,2058,0,0
1776025865972,1733,config 1 request,200,OK,config 1 1-10,text,false,"The operation lasted too long: It took 1,733 milliseconds, but should not have lasted longer than 775 milliseconds.",231,167,14,42,http://stload.se.ifmo.ru:8080/?token=518477874&user=-1355069478&config=1,1733,0,0
1776025866079,1804,config 1 request,200,OK,config 1 1-4,text,false,"The operation lasted too long: It took 1,804 milliseconds, but should not have lasted longer than 775 milliseconds.",231,167,14,42,http://stload.se.ifmo.ru:8080/?token=518477874&user=-1355069478&config=1,1803,0,0
1776025866272,1784,config 1 request,200,OK,config 1 1-2,text,false,"The operation lasted too long: It took 1,784 milliseconds, but should not have lasted longer than 775 milliseconds.",231,167,14,42,http://stload.se.ifmo.ru:8080/?token=518477874&user=-1355069478&config=1,1784,0,0
1776025866500,1860,config 1 request,200,OK,config 1 1-14,text,false,"The operation lasted too long: It took 1,860 milliseconds, but should not have lasted longer than 775 milliseconds.",231,167,14,42,http://stload.se.ifmo.ru:8080/?token=518477874&user=-1355069478&config=1,1860,0,0
1776025866418,1942,config 1 request,200,OK,config 1 1-1,text,false,"The operation lasted too long: It took 1,942 milliseconds, but should not have lasted longer than 775 milliseconds.",231,167,14,42,http://stload.se.ifmo.ru:8080/?token=518477874&user=-1355069478&config=1,1942,0,0
1776025866500,1982,config 1 request,200,OK,config 1 1-12,text,false,"The operation lasted too long: It took 1,982 milliseconds, but should not have lasted longer than 775 milliseconds.",231,167,14,42,http://stload.se.ifmo.ru:8080/?token=518477874&user=-1355069478&config=1,1982,0,0
1776025866699,1824,config 1 request,200,OK,config 1 1-6,text,false,"The operation lasted too long: It took 1,824 milliseconds, but should not have lasted longer than 775 milliseconds.",231,167,14,42,http://stload.se.ifmo.ru:8080/?token=518477874&user=-1355069478&config=1,1824,0,0
1776025866884,1732,config 1 request,200,OK,config 1 1-3,text,false,"The operation lasted too long: It took 1,732 milliseconds, but should not have lasted longer than 775 milliseconds.",231,167,14,42,http://stload.se.ifmo.ru:8080/?token=518477874&user=-1355069478&config=1,1732,0,0
1776025866979,1728,config 1 request,200,OK,config 1 1-9,text,false,"The operation lasted too long: It took 1,728 milliseconds, but should not have lasted longer than 775 milliseconds.",231,167,14,42,http://stload.se.ifmo.ru:8080/?token=518477874&user=-1355069478&config=1,1728,0,0
1776025866884,1823,config 1 request,200,OK,config 1 1-5,text,false,"The operation lasted too long: It took 1,823 milliseconds, but should not have lasted longer than 775 milliseconds.",231,167,14,42,http://stload.se.ifmo.ru:8080/?token=518477874&user=-1355069478&config=1,1823,0,0
1776025867111,1987,config 1 request,200,OK,config 1 1-11,text,false,"The operation lasted too long: It took 1,987 milliseconds, but should not have lasted longer than 775 milliseconds.",231,167,14,42,http://stload.se.ifmo.ru:8080/?token=518477874&user=-1355069478&config=1,1987,0,0
1776025867156,1976,config 1 request,200,OK,config 1 1-13,text,false,"The operation lasted too long: It took 1,976 milliseconds, but should not have lasted longer than 775 milliseconds.",231,167,14,42,http://stload.se.ifmo.ru:8080/?token=518477874&user=-1355069478&config=1,1976,0,0
1776025867111,2021,config 1 request,200,OK,config 1 1-7,text,false,"The operation lasted too long: It took 2,021 milliseconds, but should not have lasted longer than 775 milliseconds.",231,167,14,42,http://stload.se.ifmo.ru:8080/?token=518477874&user=-1355069478&config=1,2021,0,0
1776025867646,1765,config 1 request,200,OK,config 1 1-8,text,false,"The operation lasted too long: It took 1,765 milliseconds, but should not have lasted longer than 775 milliseconds.",231,167,14,42,http://stload.se.ifmo.ru:8080/?token=518477874&user=-1355069478&config=1,1765,0,0
1776025867705,1877,config 1 request,200,OK,config 1 1-10,text,false,"The operation lasted too long: It took 1,877 milliseconds, but should not have lasted longer than 775 milliseconds.",231,167,14,42,http://stload.se.ifmo.ru:8080/?token=518477874&user=-1355069478&config=1,1877,0,0
1776025867883,1980,config 1 request,200,OK,config 1 1-4,text,false,"The operation lasted too long: It took 1,980 milliseconds, but should not have lasted longer than 775 milliseconds.",231,167,14,42,http://stload.se.ifmo.ru:8080/?token=518477874&user=-1355069478&config=1,1980,0,0
1776025868056,1869,config 1 request,200,OK,config 1 1-2,text,false,"The operation lasted too long: It took 1,869 milliseconds, but should not have lasted longer than 775 milliseconds.",231,167,14,42,http://stload.se.ifmo.ru:8080/?token=518477874&user=-1355069478&config=1,1869,0,0
1776025868361,1868,config 1 request,200,OK,config 1 1-1,text,false,"The operation lasted too long: It took 1,868 milliseconds, but should not have lasted longer than 775 milliseconds.",231,167,14,42,http://stload.se.ifmo.ru:8080/?token=518477874&user=-1355069478&config=1,1867,0,0
1776025868361,1948,config 1 request,200,OK,config 1 1-14,text,false,"The operation lasted too long: It took 1,948 milliseconds, but should not have lasted longer than 775 milliseconds.",231,167,14,42,http://stload.se.ifmo.ru:8080/?token=518477874&user=-1355069478&config=1,1948,0,0
1776025868482,1827,config 1 request,200,OK,config 1 1-12,text,false,"The operation lasted too long: It took 1,827 milliseconds, but should not have lasted longer than 775 milliseconds.",231,167,14,42,http://stload.se.ifmo.ru:8080/?token=518477874&user=-1355069478&config=1,1827,0,0
1776025868523,1786,config 1 request,200,OK,config 1 1-6,text,false,"The operation lasted too long: It took 1,786 milliseconds, but should not have lasted longer than 775 milliseconds.",231,167,14,42,http://stload.se.ifmo.ru:8080/?token=518477874&user=-1355069478&config=1,1786,0,0
1776025868616,1959,config 1 request,200,OK,config 1 1-3,text,false,"The operation lasted too long: It took 1,959 milliseconds, but should not have lasted longer than 775 milliseconds.",231,167,14,42,http://stload.se.ifmo.ru:8080/?token=518477874&user=-1355069478&config=1,1959,0,0
1776025868708,1867,config 1 request,200,OK,config 1 1-9,text,false,"The operation lasted too long: It took 1,867 milliseconds, but should not have lasted longer than 775 milliseconds.",231,167,14,42,http://stload.se.ifmo.ru:8080/?token=518477874&user=-1355069478&config=1,1867,0,0
1776025868708,2006,config 1 request,200,OK,config 1 1-5,text,false,"The operation lasted too long: It took 2,006 milliseconds, but should not have lasted longer than 775 milliseconds.",231,167,14,42,http://stload.se.ifmo.ru:8080/?token=518477874&user=-1355069478&config=1,2006,0,0
1776025869098,1797,config 1 request,200,OK,config 1 1-11,text,false,"The operation lasted too long: It took 1,797 milliseconds, but should not have lasted longer than 775 milliseconds.",231,167,14,42,http://stload.se.ifmo.ru:8080/?token=518477874&user=-1355069478&config=1,1797,0,0
1776025869132,1896,config 1 request,200,OK,config 1 1-7,text,false,"The operation lasted too long: It took 1,896 milliseconds, but should not have lasted longer than 775 milliseconds.",231,167,14,42,http://stload.se.ifmo.ru:8080/?token=518477874&user=-1355069478&config=1,1896,0,0
1776025869132,1896,config 1 request,200,OK,config 1 1-13,text,false,"The operation lasted too long: It took 1,896 milliseconds, but should not have lasted longer than 775 milliseconds.",231,167,14,42,http://stload.se.ifmo.ru:8080/?token=518477874&user=-1355069478&config=1,1896,0,0
1776025869412,1997,config 1 request,200,OK,config 1 1-8,text,false,"The operation lasted too long: It took 1,997 milliseconds, but should not have lasted longer than 775 milliseconds.",231,167,14,42,http://stload.se.ifmo.ru:8080/?token=518477874&user=-1355069478&config=1,1997,0,0
1776025869583,1867,config 1 request,200,OK,config 1 1-10,text,false,"The operation lasted too long: It took 1,867 milliseconds, but should not have lasted longer than 775 milliseconds.",231,167,14,42,http://stload.se.ifmo.ru:8080/?token=518477874&user=-1355069478&config=1,1867,0,0
1776025869864,1804,config 1 request,200,OK,config 1 1-4,text,false,"The operation lasted too long: It took 1,804 milliseconds, but should not have lasted longer than 775 milliseconds.",231,167,14,42,http://stload.se.ifmo.ru:8080/?token=518477874&user=-1355069478&config=1,1804,0,0
1776025869925,2117,config 1 request,200,OK,config 1 1-2,text,false,"The operation lasted too long: It took 2,117 milliseconds, but should not have lasted longer than 775 milliseconds.",231,167,14,42,http://stload.se.ifmo.ru:8080/?token=518477874&user=-1355069478&config=1,2117,0,0
1776025870233,1809,config 1 request,200,OK,config 1 1-1,text,false,"The operation lasted too long: It took 1,809 milliseconds, but should not have lasted longer than 775 milliseconds.",231,167,14,42,http://stload.se.ifmo.ru:8080/?token=518477874&user=-1355069478&config=1,1809,0,0
1776025870309,1869,config 1 request,200,OK,config 1 1-12,text,false,"The operation lasted too long: It took 1,869 milliseconds, but should not have lasted longer than 775 milliseconds.",231,167,14,42,http://stload.se.ifmo.ru:8080/?token=518477874&user=-1355069478&config=1,1869,0,0
1776025870309,1904,config 1 request,200,OK,config 1 1-6,text,false,"The operation lasted too long: It took 1,904 milliseconds, but should not have lasted longer than 775 milliseconds.",231,167,14,42,http://stload.se.ifmo.ru:8080/?token=518477874&user=-1355069478&config=1,1904,0,0
1776025870309,1904,config 1 request,200,OK,config 1 1-14,text,false,"The operation lasted too long: It took 1,904 milliseconds, but should not have lasted longer than 775 milliseconds.",231,167,14,42,http://stload.se.ifmo.ru:8080/?token=518477874&user=-1355069478&config=1,1904,0,0
1776025870576,1731,config 1 request,200,OK,config 1 1-9,text,false,"The operation lasted too long: It took 1,731 milliseconds, but should not have lasted longer than 775 milliseconds.",231,167,14,42,http://stload.se.ifmo.ru:8080/?token=518477874&user=-1355069478&config=1,1731,0,0
1776025870576,1833,config 1 request,200,OK,config 1 1-3,text,false,"The operation lasted too long: It took 1,833 milliseconds, but should not have lasted longer than 775 milliseconds.",231,167,14,42,http://stload.se.ifmo.ru:8080/?token=518477874&user=-1355069478&config=1,1833,0,0
1776025870714,1858,config 1 request,200,OK,config 1 1-5,text,false,"The operation lasted too long: It took 1,858 milliseconds, but should not have lasted longer than 775 milliseconds.",231,167,14,42,http://stload.se.ifmo.ru:8080/?token=518477874&user=-1355069478&config=1,1858,0,0
1776025871028,1875,config 1 request,200,OK,config 1 1-7,text,false,"The operation lasted too long: It took 1,875 milliseconds, but should not have lasted longer than 775 milliseconds.",231,167,14,42,http://stload.se.ifmo.ru:8080/?token=518477874&user=-1355069478&config=1,1875,0,0
1776025870895,2008,config 1 request,200,OK,config 1 1-11,text,false,"The operation lasted too long: It took 2,008 milliseconds, but should not have lasted longer than 775 milliseconds.",231,167,14,42,http://stload.se.ifmo.ru:8080/?token=518477874&user=-1355069478&config=1,2008,0,0
1776025871028,1914,config 1 request,200,OK,config 1 1-13,text,false,"The operation lasted too long: It took 1,914 milliseconds, but should not have lasted longer than 775 milliseconds.",231,167,14,42,http://stload.se.ifmo.ru:8080/?token=518477874&user=-1355069478&config=1,1914,0,0
1776025871409,1720,config 1 request,200,OK,config 1 1-8,text,false,"The operation lasted too long: It took 1,720 milliseconds, but should not have lasted longer than 775 milliseconds.",231,167,14,42,http://stload.se.ifmo.ru:8080/?token=518477874&user=-1355069478&config=1,1720,0,0
1776025871450,1812,config 1 request,200,OK,config 1 1-10,text,false,"The operation lasted too long: It took 1,812 milliseconds, but should not have lasted longer than 775 milliseconds.",231,167,14,42,http://stload.se.ifmo.ru:8080/?token=518477874&user=-1355069478&config=1,1812,0,0
1776025871668,2015,config 1 request,200,OK,config 1 1-4,text,false,"The operation lasted too long: It took 2,015 milliseconds, but should not have lasted longer than 775 milliseconds.",231,167,14,42,http://stload.se.ifmo.ru:8080/?token=518477874&user=-1355069478&config=1,2015,0,0
1776025872043,1726,config 1 request,200,OK,config 1 1-1,text,false,"The operation lasted too long: It took 1,726 milliseconds, but should not have lasted longer than 775 milliseconds.",231,167,14,42,http://stload.se.ifmo.ru:8080/?token=518477874&user=-1355069478&config=1,1726,0,0
1776025872043,1765,config 1 request,200,OK,config 1 1-2,text,false,"The operation lasted too long: It took 1,765 milliseconds, but should not have lasted longer than 775 milliseconds.",231,167,14,42,http://stload.se.ifmo.ru:8080/?token=518477874&user=-1355069478&config=1,1765,0,0
1776025872179,1721,config 1 request,200,OK,config 1 1-12,text,false,"The operation lasted too long: It took 1,721 milliseconds, but should not have lasted longer than 775 milliseconds.",231,167,14,42,http://stload.se.ifmo.ru:8080/?token=518477874&user=-1355069478&config=1,1721,0,0
1776025872214,1821,config 1 request,200,OK,config 1 1-14,text,false,"The operation lasted too long: It took 1,821 milliseconds, but should not have lasted longer than 775 milliseconds.",231,167,14,42,http://stload.se.ifmo.ru:8080/?token=518477874&user=-1355069478&config=1,1821,0,0
1776025872214,1821,config 1 request,200,OK,config 1 1-6,text,false,"The operation lasted too long: It took 1,821 milliseconds, but should not have lasted longer than 775 milliseconds.",231,167,14,42,http://stload.se.ifmo.ru:8080/?token=518477874&user=-1355069478&config=1,1821,0,0
1776025872307,2121,config 1 request,200,OK,config 1 1-9,text,false,"The operation lasted too long: It took 2,121 milliseconds, but should not have lasted longer than 775 milliseconds.",231,167,14,42,http://stload.se.ifmo.ru:8080/?token=518477874&user=-1355069478&config=1,2121,0,0
1776025872410,2018,config 1 request,200,OK,config 1 1-3,text,false,"The operation lasted too long: It took 2,018 milliseconds, but should not have lasted longer than 775 milliseconds.",231,167,14,42,http://stload.se.ifmo.ru:8080/?token=518477874&user=-1355069478&config=1,2018,0,0
1776025872572,1896,config 1 request,200,OK,config 1 1-5,text,false,"The operation lasted too long: It took 1,896 milliseconds, but should not have lasted longer than 775 milliseconds.",231,167,14,42,http://stload.se.ifmo.ru:8080/?token=518477874&user=-1355069478&config=1,1896,0,0
1776025872903,1810,config 1 request,200,OK,config 1 1-7,text,false,"The operation lasted too long: It took 1,810 milliseconds, but should not have lasted longer than 775 milliseconds.",231,167,14,42,http://stload.se.ifmo.ru:8080/?token=518477874&user=-1355069478&config=1,1810,0,0
1776025872903,1810,config 1 request,200,OK,config 1 1-11,text,false,"The operation lasted too long: It took 1,810 milliseconds, but should not have lasted longer than 775 milliseconds.",231,167,14,42,http://stload.se.ifmo.ru:8080/?token=518477874&user=-1355069478&config=1,1810,0,0
1776025872943,1807,config 1 request,200,OK,config 1 1-13,text,false,"The operation lasted too long: It took 1,807 milliseconds, but should not have lasted longer than 775 milliseconds.",231,167,14,42,http://stload.se.ifmo.ru:8080/?token=518477874&user=-1355069478&config=1,1807,0,0
1776025873130,1990,config 1 request,200,OK,config 1 1-8,text,false,"The operation lasted too long: It took 1,990 milliseconds, but should not have lasted longer than 775 milliseconds.",231,167,14,42,http://stload.se.ifmo.ru:8080/?token=518477874&user=-1355069478&config=1,1990,0,0
1776025873263,2026,config 1 request,200,OK,config 1 1-10,text,false,"The operation lasted too long: It took 2,026 milliseconds, but should not have lasted longer than 775 milliseconds.",231,167,14,42,http://stload.se.ifmo.ru:8080/?token=518477874&user=-1355069478&config=1,2026,0,0
1776025873683,1739,config 1 request,200,OK,config 1 1-4,text,false,"The operation lasted too long: It took 1,739 milliseconds, but should not have lasted longer than 775 milliseconds.",231,167,14,42,http://stload.se.ifmo.ru:8080/?token=518477874&user=-1355069478&config=1,1739,0,0
1776025873769,2014,config 1 request,200,OK,config 1 1-1,text,false,"The operation lasted too long: It took 2,014 milliseconds, but should not have lasted longer than 775 milliseconds.",231,167,14,42,http://stload.se.ifmo.ru:8080/?token=518477874&user=-1355069478&config=1,2014,0,0
1776025873808,1987,config 1 request,200,OK,config 1 1-2,text,false,"The operation lasted too long: It took 1,987 milliseconds, but should not have lasted longer than 775 milliseconds.",231,167,14,42,http://stload.se.ifmo.ru:8080/?token=518477874&user=-1355069478&config=1,1987,0,0
1776025873901,1933,config 1 request,200,OK,config 1 1-12,text,false,"The operation lasted too long: It took 1,933 milliseconds, but should not have lasted longer than 775 milliseconds.",231,167,14,42,http://stload.se.ifmo.ru:8080/?token=518477874&user=-1355069478&config=1,1933,0,0
1776025874035,1895,config 1 request,200,OK,config 1 1-6,text,false,"The operation lasted too long: It took 1,895 milliseconds, but should not have lasted longer than 775 milliseconds.",231,167,14,42,http://stload.se.ifmo.ru:8080/?token=518477874&user=-1355069478&config=1,1895,0,0
1776025874035,1933,config 1 request,200,OK,config 1 1-14,text,false,"The operation lasted too long: It took 1,933 milliseconds, but should not have lasted longer than 775 milliseconds.",231,167,14,42,http://stload.se.ifmo.ru:8080/?token=518477874&user=-1355069478&config=1,1933,0,0
1776025874428,1857,config 1 request,200,OK,config 1 1-9,text,false,"The operation lasted too long: It took 1,857 milliseconds, but should not have lasted longer than 775 milliseconds.",231,167,14,42,http://stload.se.ifmo.ru:8080/?token=518477874&user=-1355069478&config=1,1857,0,0
1776025874428,1857,config 1 request,200,OK,config 1 1-3,text,false,"The operation lasted too long: It took 1,857 milliseconds, but should not have lasted longer than 775 milliseconds.",231,167,14,42,http://stload.se.ifmo.ru:8080/?token=518477874&user=-1355069478&config=1,1857,0,0
1776025874469,1816,config 1 request,200,OK,config 1 1-5,text,false,"The operation lasted too long: It took 1,816 milliseconds, but should not have lasted longer than 775 milliseconds.",231,167,14,42,http://stload.se.ifmo.ru:8080/?token=518477874&user=-1355069478&config=1,1816,0,0
1776025874713,1879,config 1 request,200,OK,config 1 1-7,text,false,"The operation lasted too long: It took 1,879 milliseconds, but should not have lasted longer than 775 milliseconds.",231,167,14,42,http://stload.se.ifmo.ru:8080/?token=518477874&user=-1355069478&config=1,1878,0,0
1776025874714,2000,config 1 request,200,OK,config 1 1-11,text,false,"The operation lasted too long: It took 2,000 milliseconds, but should not have lasted longer than 775 milliseconds.",231,167,14,42,http://stload.se.ifmo.ru:8080/?token=518477874&user=-1355069478&config=1,2000,0,0
1776025874750,2005,config 1 request,200,OK,config 1 1-13,text,false,"The operation lasted too long: It took 2,005 milliseconds, but should not have lasted longer than 775 milliseconds.",231,167,14,42,http://stload.se.ifmo.ru:8080/?token=518477874&user=-1355069478&config=1,2005,0,0
1776025875121,1909,config 1 request,200,OK,config 1 1-8,text,false,"The operation lasted too long: It took 1,909 milliseconds, but should not have lasted longer than 775 milliseconds.",231,167,14,42,http://stload.se.ifmo.ru:8080/?token=518477874&user=-1355069478&config=1,1909,0,0
1776025875289,1991,config 1 request,200,OK,config 1 1-10,text,false,"The operation lasted too long: It took 1,991 milliseconds, but should not have lasted longer than 775 milliseconds.",231,167,14,42,http://stload.se.ifmo.ru:8080/?token=518477874&user=-1355069478&config=1,1991,0,0
1776025875422,1991,config 1 request,200,OK,config 1 1-4,text,false,"The operation lasted too long: It took 1,991 milliseconds, but should not have lasted longer than 775 milliseconds.",231,167,14,42,http://stload.se.ifmo.ru:8080/?token=518477874&user=-1355069478&config=1,1991,0,0
1776025875783,1714,config 1 request,200,OK,config 1 1-1,text,false,"The operation lasted too long: It took 1,714 milliseconds, but should not have lasted longer than 775 milliseconds.",231,167,14,42,http://stload.se.ifmo.ru:8080/?token=518477874&user=-1355069478&config=1,1714,0,0
1776025875795,1757,config 1 request,200,OK,config 1 1-2,text,false,"The operation lasted too long: It took 1,757 milliseconds, but should not have lasted longer than 775 milliseconds.",231,167,14,42,http://stload.se.ifmo.ru:8080/?token=518477874&user=-1355069478&config=1,1757,0,0
1776025875835,1718,config 1 request,200,OK,config 1 1-12,text,false,"The operation lasted too long: It took 1,718 milliseconds, but should not have lasted longer than 775 milliseconds.",231,167,14,42,http://stload.se.ifmo.ru:8080/?token=518477874&user=-1355069478&config=1,1718,0,0
1776025875930,1773,config 1 request,200,OK,config 1 1-6,text,false,"The operation lasted too long: It took 1,773 milliseconds, but should not have lasted longer than 775 milliseconds.",231,167,14,42,http://stload.se.ifmo.ru:8080/?token=518477874&user=-1355069478&config=1,1773,0,0
1776025875968,1770,config 1 request,200,OK,config 1 1-14,text,false,"The operation lasted too long: It took 1,770 milliseconds, but should not have lasted longer than 775 milliseconds.",231,167,14,42,http://stload.se.ifmo.ru:8080/?token=518477874&user=-1355069478&config=1,1770,0,0
1776025876285,1972,config 1 request,200,OK,config 1 1-3,text,false,"The operation lasted too long: It took 1,972 milliseconds, but should not have lasted longer than 775 milliseconds.",231,167,14,42,http://stload.se.ifmo.ru:8080/?token=518477874&user=-1355069478&config=1,1972,0,0
1776025876285,1973,config 1 request,200,OK,config 1 1-9,text,false,"The operation lasted too long: It took 1,973 milliseconds, but should not have lasted longer than 775 milliseconds.",231,167,14,42,http://stload.se.ifmo.ru:8080/?token=518477874&user=-1355069478&config=1,1973,0,0
1776025876285,2008,config 1 request,200,OK,config 1 1-5,text,false,"The operation lasted too long: It took 2,008 milliseconds, but should not have lasted longer than 775 milliseconds.",231,167,14,42,http://stload.se.ifmo.ru:8080/?token=518477874&user=-1355069478&config=1,2008,0,0
1776025876592,1758,config 1 request,200,OK,config 1 1-7,text,false,"The operation lasted too long: It took 1,758 milliseconds, but should not have lasted longer than 775 milliseconds.",231,167,14,42,http://stload.se.ifmo.ru:8080/?token=518477874&user=-1355069478&config=1,1758,0,0
1776025876715,1860,config 1 request,200,OK,config 1 1-11,text,false,"The operation lasted too long: It took 1,860 milliseconds, but should not have lasted longer than 775 milliseconds.",231,167,14,42,http://stload.se.ifmo.ru:8080/?token=518477874&user=-1355069478&config=1,1860,0,0
1776025876755,1991,config 1 request,200,OK,config 1 1-13,text,false,"The operation lasted too long: It took 1,991 milliseconds, but should not have lasted longer than 775 milliseconds.",231,167,14,42,http://stload.se.ifmo.ru:8080/?token=518477874&user=-1355069478&config=1,1991,0,0
1776025877030,1892,config 1 request,200,OK,config 1 1-8,text,false,"The operation lasted too long: It took 1,892 milliseconds, but should not have lasted longer than 775 milliseconds.",231,167,14,42,http://stload.se.ifmo.ru:8080/?token=518477874&user=-1355069478&config=1,1892,0,0
1776025877280,1825,config 1 request,200,OK,config 1 1-10,text,false,"The operation lasted too long: It took 1,825 milliseconds, but should not have lasted longer than 775 milliseconds.",231,167,14,42,http://stload.se.ifmo.ru:8080/?token=518477874&user=-1355069478&config=1,1825,0,0
1776025877414,1802,config 1 request,200,OK,config 1 1-4,text,false,"The operation lasted too long: It took 1,802 milliseconds, but should not have lasted longer than 775 milliseconds.",231,167,14,42,http://stload.se.ifmo.ru:8080/?token=518477874&user=-1355069478&config=1,1802,0,0
1776025877497,1839,config 1 request,200,OK,config 1 1-1,text,false,"The operation lasted too long: It took 1,839 milliseconds, but should not have lasted longer than 775 milliseconds.",231,167,14,42,http://stload.se.ifmo.ru:8080/?token=518477874&user=-1355069478&config=1,1839,0,0
1776025877553,1784,config 1 request,200,OK,config 1 1-12,text,false,"The operation lasted too long: It took 1,784 milliseconds, but should not have lasted longer than 775 milliseconds.",231,167,14,42,http://stload.se.ifmo.ru:8080/?token=518477874&user=-1355069478&config=1,1784,0,0
1776025877553,1991,config 1 request,200,OK,config 1 1-2,text,false,"The operation lasted too long: It took 1,991 milliseconds, but should not have lasted longer than 775 milliseconds.",231,167,14,42,http://stload.se.ifmo.ru:8080/?token=518477874&user=-1355069478&config=1,1991,0,0
1776025877704,1999,config 1 request,200,OK,config 1 1-6,text,false,"The operation lasted too long: It took 1,999 milliseconds, but should not have lasted longer than 775 milliseconds.",231,167,14,42,http://stload.se.ifmo.ru:8080/?token=518477874&user=-1355069478&config=1,1999,0,0
1776025877738,2036,config 1 request,200,OK,config 1 1-14,text,false,"The operation lasted too long: It took 2,036 milliseconds, but should not have lasted longer than 775 milliseconds.",231,167,14,42,http://stload.se.ifmo.ru:8080/?token=518477874&user=-1355069478&config=1,2036,0,0
1776025878258,2012,config 1 request,200,OK,config 1 1-3,text,false,"The operation lasted too long: It took 2,012 milliseconds, but should not have lasted longer than 775 milliseconds.",231,167,14,42,http://stload.se.ifmo.ru:8080/?token=518477874&user=-1355069478&config=1,2012,0,0
1776025878258,2025,config 1 request,200,OK,config 1 1-9,text,false,"The operation lasted too long: It took 2,025 milliseconds, but should not have lasted longer than 775 milliseconds.",231,167,14,42,http://stload.se.ifmo.ru:8080/?token=518477874&user=-1355069478&config=1,2025,0,0
1776025878293,1991,config 1 request,200,OK,config 1 1-5,text,false,"The operation lasted too long: It took 1,991 milliseconds, but should not have lasted longer than 775 milliseconds.",231,167,14,42,http://stload.se.ifmo.ru:8080/?token=518477874&user=-1355069478&config=1,1991,0,0
1776025878351,2013,config 1 request,200,OK,config 1 1-7,text,false,"The operation lasted too long: It took 2,013 milliseconds, but should not have lasted longer than 775 milliseconds.",231,167,14,42,http://stload.se.ifmo.ru:8080/?token=518477874&user=-1355069478&config=1,2013,0,0
1776025878575,1856,config 1 request,200,OK,config 1 1-11,text,false,"The operation lasted too long: It took 1,856 milliseconds, but should not have lasted longer than 775 milliseconds.",231,167,14,42,http://stload.se.ifmo.ru:8080/?token=518477874&user=-1355069478&config=1,1856,0,0
1776025878747,1765,config 1 request,200,OK,config 1 1-13,text,false,"The operation lasted too long: It took 1,765 milliseconds, but should not have lasted longer than 775 milliseconds.",231,167,14,42,http://stload.se.ifmo.ru:8080/?token=518477874&user=-1355069478&config=1,1765,0,0
1776025878923,1876,config 1 request,200,OK,config 1 1-8,text,false,"The operation lasted too long: It took 1,876 milliseconds, but should not have lasted longer than 775 milliseconds.",231,167,14,42,http://stload.se.ifmo.ru:8080/?token=518477874&user=-1355069478&config=1,1876,0,0
1776025879105,1975,config 1 request,200,OK,config 1 1-10,text,false,"The operation lasted too long: It took 1,975 milliseconds, but should not have lasted longer than 775 milliseconds.",231,167,14,42,http://stload.se.ifmo.ru:8080/?token=518477874&user=-1355069478&config=1,1975,0,0
1776025879337,1887,config 1 request,200,OK,config 1 1-1,text,false,"The operation lasted too long: It took 1,887 milliseconds, but should not have lasted longer than 775 milliseconds.",231,167,14,42,http://stload.se.ifmo.ru:8080/?token=518477874&user=-1355069478&config=1,1887,0,0
1776025879217,2008,config 1 request,200,OK,config 1 1-4,text,false,"The operation lasted too long: It took 2,008 milliseconds, but should not have lasted longer than 775 milliseconds.",231,167,14,42,http://stload.se.ifmo.ru:8080/?token=518477874&user=-1355069478&config=1,2008,0,0
1776025879337,1923,config 1 request,200,OK,config 1 1-12,text,false,"The operation lasted too long: It took 1,923 milliseconds, but should not have lasted longer than 775 milliseconds.",231,167,14,42,http://stload.se.ifmo.ru:8080/?token=518477874&user=-1355069478&config=1,1923,0,0
1776025879545,1774,config 1 request,200,OK,config 1 1-2,text,false,"The operation lasted too long: It took 1,774 milliseconds, but should not have lasted longer than 775 milliseconds.",231,167,14,42,http://stload.se.ifmo.ru:8080/?token=518477874&user=-1355069478&config=1,1774,0,0
1776025879704,1895,config 1 request,200,OK,config 1 1-6,text,false,"The operation lasted too long: It took 1,895 milliseconds, but should not have lasted longer than 775 milliseconds.",231,167,14,42,http://stload.se.ifmo.ru:8080/?token=518477874&user=-1355069478&config=1,1895,0,0
1776025879775,1964,config 1 request,200,OK,config 1 1-14,text,false,"The operation lasted too long: It took 1,964 milliseconds, but should not have lasted longer than 775 milliseconds.",231,167,14,42,http://stload.se.ifmo.ru:8080/?token=518477874&user=-1355069478&config=1,1964,0,0
1776025880270,1696,config 1 request,200,OK,config 1 1-3,text,false,"The operation lasted too long: It took 1,696 milliseconds, but should not have lasted longer than 775 milliseconds.",231,167,14,42,http://stload.se.ifmo.ru:8080/?token=518477874&user=-1355069478&config=1,1696,0,0
1776025880283,1723,config 1 request,200,OK,config 1 1-9,text,false,"The operation lasted too long: It took 1,723 milliseconds, but should not have lasted longer than 775 milliseconds.",231,167,14,42,http://stload.se.ifmo.ru:8080/?token=518477874&user=-1355069478&config=1,1723,0,0
1776025880364,1784,config 1 request,200,OK,config 1 1-7,text,false,"The operation lasted too long: It took 1,784 milliseconds, but should not have lasted longer than 775 milliseconds.",231,167,14,42,http://stload.se.ifmo.ru:8080/?token=518477874&user=-1355069478&config=1,1784,0,0
1776025880284,1864,config 1 request,200,OK,config 1 1-5,text,false,"The operation lasted too long: It took 1,864 milliseconds, but should not have lasted longer than 775 milliseconds.",231,167,14,42,http://stload.se.ifmo.ru:8080/?token=518477874&user=-1355069478&config=1,1864,0,0
1776025880431,1857,config 1 request,200,OK,config 1 1-11,text,false,"The operation lasted too long: It took 1,857 milliseconds, but should not have lasted longer than 775 milliseconds.",231,167,14,42,http://stload.se.ifmo.ru:8080/?token=518477874&user=-1355069478&config=1,1857,0,0
1776025880513,2139,config 1 request,200,OK,config 1 1-13,text,false,"The operation lasted too long: It took 2,139 milliseconds, but should not have lasted longer than 775 milliseconds.",231,167,14,42,http://stload.se.ifmo.ru:8080/?token=518477874&user=-1355069478&config=1,2139,0,0
1776025880800,2021,config 1 request,200,OK,config 1 1-8,text,false,"The operation lasted too long: It took 2,021 milliseconds, but should not have lasted longer than 775 milliseconds.",231,167,14,42,http://stload.se.ifmo.ru:8080/?token=518477874&user=-1355069478&config=1,2021,0,0
1776025881079,1784,config 1 request,200,OK,config 1 1-10,text,false,"The operation lasted too long: It took 1,784 milliseconds, but should not have lasted longer than 775 milliseconds.",231,167,14,42,http://stload.se.ifmo.ru:8080/?token=518477874&user=-1355069478&config=1,1784,0,0
1776025881224,1687,config 1 request,200,OK,config 1 1-4,text,false,"The operation lasted too long: It took 1,687 milliseconds, but should not have lasted longer than 775 milliseconds.",231,167,14,42,http://stload.se.ifmo.ru:8080/?token=518477874&user=-1355069478&config=1,1687,0,0
1776025881224,1687,config 1 request,200,OK,config 1 1-1,text,false,"The operation lasted too long: It took 1,687 milliseconds, but should not have lasted longer than 775 milliseconds.",231,167,14,42,http://stload.se.ifmo.ru:8080/?token=518477874&user=-1355069478&config=1,1687,0,0
1776025881259,1919,config 1 request,200,OK,config 1 1-12,text,false,"The operation lasted too long: It took 1,919 milliseconds, but should not have lasted longer than 775 milliseconds.",231,167,14,42,http://stload.se.ifmo.ru:8080/?token=518477874&user=-1355069478&config=1,1919,0,0
1776025881318,2055,config 1 request,200,OK,config 1 1-2,text,false,"The operation lasted too long: It took 2,055 milliseconds, but should not have lasted longer than 775 milliseconds.",231,167,14,42,http://stload.se.ifmo.ru:8080/?token=518477874&user=-1355069478&config=1,2055,0,0
1776025881598,1919,config 1 request,200,OK,config 1 1-6,text,false,"The operation lasted too long: It took 1,919 milliseconds, but should not have lasted longer than 775 milliseconds.",231,167,14,42,http://stload.se.ifmo.ru:8080/?token=518477874&user=-1355069478&config=1,1919,0,0
1776025881739,1829,config 1 request,200,OK,config 1 1-14,text,false,"The operation lasted too long: It took 1,829 milliseconds, but should not have lasted longer than 775 milliseconds.",231,167,14,42,http://stload.se.ifmo.ru:8080/?token=518477874&user=-1355069478&config=1,1829,0,0
1776025881965,1998,config 1 request,200,OK,config 1 1-3,text,false,"The operation lasted too long: It took 1,998 milliseconds, but should not have lasted longer than 775 milliseconds.",231,167,14,42,http://stload.se.ifmo.ru:8080/?token=518477874&user=-1355069478&config=1,1998,0,0
1776025882006,1957,config 1 request,200,OK,config 1 1-9,text,false,"The operation lasted too long: It took 1,957 milliseconds, but should not have lasted longer than 775 milliseconds.",231,167,14,42,http://stload.se.ifmo.ru:8080/?token=518477874&user=-1355069478&config=1,1957,0,0
1776025882147,1921,config 1 request,200,OK,config 1 1-7,text,false,"The operation lasted too long: It took 1,921 milliseconds, but should not have lasted longer than 775 milliseconds.",231,167,14,42,http://stload.se.ifmo.ru:8080/?token=518477874&user=-1355069478&config=1,1921,0,0
1776025882147,1961,config 1 request,200,OK,config 1 1-5,text,false,"The operation lasted too long: It took 1,961 milliseconds, but should not have lasted longer than 775 milliseconds.",231,167,14,42,http://stload.se.ifmo.ru:8080/?token=518477874&user=-1355069478&config=1,1961,0,0
1776025882287,1962,config 1 request,200,OK,config 1 1-11,text,false,"The operation lasted too long: It took 1,962 milliseconds, but should not have lasted longer than 775 milliseconds.",231,167,14,42,http://stload.se.ifmo.ru:8080/?token=518477874&user=-1355069478&config=1,1962,0,0
1776025882651,1785,config 1 request,200,OK,config 1 1-13,text,false,"The operation lasted too long: It took 1,785 milliseconds, but should not have lasted longer than 775 milliseconds.",231,167,14,42,http://stload.se.ifmo.ru:8080/?token=518477874&user=-1355069478&config=1,1785,0,0
1776025882912,1868,config 1 request,200,OK,config 1 1-1,text,false,"The operation lasted too long: It took 1,868 milliseconds, but should not have lasted longer than 775 milliseconds.",231,167,14,42,http://stload.se.ifmo.ru:8080/?token=518477874&user=-1355069478&config=1,1868,0,0
1776025882863,1917,config 1 request,200,OK,config 1 1-10,text,false,"The operation lasted too long: It took 1,917 milliseconds, but should not have lasted longer than 775 milliseconds.",231,167,14,42,http://stload.se.ifmo.ru:8080/?token=518477874&user=-1355069478&config=1,1917,0,0
1776025882820,1999,config 1 request,200,OK,config 1 1-8,text,false,"The operation lasted too long: It took 1,999 milliseconds, but should not have lasted longer than 775 milliseconds.",231,167,14,42,http://stload.se.ifmo.ru:8080/?token=518477874&user=-1355069478&config=1,1999,0,0
1776025882912,1907,config 1 request,200,OK,config 1 1-4,text,false,"The operation lasted too long: It took 1,907 milliseconds, but should not have lasted longer than 775 milliseconds.",231,167,14,42,http://stload.se.ifmo.ru:8080/?token=518477874&user=-1355069478&config=1,1907,0,0
1776025883179,1872,config 1 request,200,OK,config 1 1-12,text,false,"The operation lasted too long: It took 1,872 milliseconds, but should not have lasted longer than 775 milliseconds.",231,167,14,42,http://stload.se.ifmo.ru:8080/?token=518477874&user=-1355069478&config=1,1872,0,0
1776025883373,1942,config 1 request,200,OK,config 1 1-2,text,false,"The operation lasted too long: It took 1,942 milliseconds, but should not have lasted longer than 775 milliseconds.",231,167,14,42,http://stload.se.ifmo.ru:8080/?token=518477874&user=-1355069478&config=1,1942,0,0
1776025883568,1978,config 1 request,200,OK,config 1 1-14,text,false,"The operation lasted too long: It took 1,978 milliseconds, but should not have lasted longer than 775 milliseconds.",231,167,14,42,http://stload.se.ifmo.ru:8080/?token=518477874&user=-1355069478&config=1,1978,0,0
1776025883517,2029,config 1 request,200,OK,config 1 1-6,text,false,"The operation lasted too long: It took 2,029 milliseconds, but should not have lasted longer than 775 milliseconds.",231,167,14,42,http://stload.se.ifmo.ru:8080/?token=518477874&user=-1355069478&config=1,2029,0,0
1776025883964,1718,config 1 request,200,OK,config 1 1-3,text,false,"The operation lasted too long: It took 1,718 milliseconds, but should not have lasted longer than 775 milliseconds.",231,167,14,42,http://stload.se.ifmo.ru:8080/?token=518477874&user=-1355069478&config=1,1718,0,0
1776025883964,1718,config 1 request,200,OK,config 1 1-9,text,false,"The operation lasted too long: It took 1,718 milliseconds, but should not have lasted longer than 775 milliseconds.",231,167,14,42,http://stload.se.ifmo.ru:8080/?token=518477874&user=-1355069478&config=1,1718,0,0
1776025884068,1747,config 1 request,200,OK,config 1 1-7,text,false,"The operation lasted too long: It took 1,747 milliseconds, but should not have lasted longer than 775 milliseconds.",231,167,14,42,http://stload.se.ifmo.ru:8080/?token=518477874&user=-1355069478&config=1,1747,0,0
1776025884109,1895,config 1 request,200,OK,config 1 1-5,text,false,"The operation lasted too long: It took 1,895 milliseconds, but should not have lasted longer than 775 milliseconds.",231,167,14,42,http://stload.se.ifmo.ru:8080/?token=518477874&user=-1355069478&config=1,1895,0,0
1776025884250,1979,config 1 request,200,OK,config 1 1-11,text,false,"The operation lasted too long: It took 1,979 milliseconds, but should not have lasted longer than 775 milliseconds.",231,167,14,42,http://stload.se.ifmo.ru:8080/?token=518477874&user=-1355069478&config=1,1979,0,0
1776025884437,1942,config 1 request,200,OK,config 1 1-13,text,false,"The operation lasted too long: It took 1,942 milliseconds, but should not have lasted longer than 775 milliseconds.",231,167,14,42,http://stload.se.ifmo.ru:8080/?token=518477874&user=-1355069478&config=1,1942,0,0
1776025884780,1736,config 1 request,200,OK,config 1 1-10,text,false,"The operation lasted too long: It took 1,736 milliseconds, but should not have lasted longer than 775 milliseconds.",231,167,14,42,http://stload.se.ifmo.ru:8080/?token=518477874&user=-1355069478&config=1,1736,0,0
1776025884820,1795,config 1 request,200,OK,config 1 1-8,text,false,"The operation lasted too long: It took 1,795 milliseconds, but should not have lasted longer than 775 milliseconds.",231,167,14,42,http://stload.se.ifmo.ru:8080/?token=518477874&user=-1355069478&config=1,1795,0,0
1776025884780,1835,config 1 request,200,OK,config 1 1-1,text,false,"The operation lasted too long: It took 1,835 milliseconds, but should not have lasted longer than 775 milliseconds.",231,167,14,42,http://stload.se.ifmo.ru:8080/?token=518477874&user=-1355069478&config=1,1835,0,0
1776025884820,1803,config 1 request,200,OK,config 1 1-4,text,false,"The operation lasted too long: It took 1,803 milliseconds, but should not have lasted longer than 775 milliseconds.",231,167,14,42,http://stload.se.ifmo.ru:8080/?token=518477874&user=-1355069478&config=1,1803,0,0
1776025885051,2013,config 1 request,200,OK,config 1 1-12,text,false,"The operation lasted too long: It took 2,013 milliseconds, but should not have lasted longer than 775 milliseconds.",231,167,14,42,http://stload.se.ifmo.ru:8080/?token=518477874&user=-1355069478&config=1,2013,0,0
1776025885315,1937,config 1 request,200,OK,config 1 1-2,text,false,"The operation lasted too long: It took 1,937 milliseconds, but should not have lasted longer than 775 milliseconds.",231,167,14,42,http://stload.se.ifmo.ru:8080/?token=518477874&user=-1355069478&config=1,1937,0,0
1776025885546,1840,config 1 request,200,OK,config 1 1-6,text,false,"The operation lasted too long: It took 1,840 milliseconds, but should not have lasted longer than 775 milliseconds.",231,167,14,42,http://stload.se.ifmo.ru:8080/?token=518477874&user=-1355069478&config=1,1840,0,0
1776025885546,1840,config 1 request,200,OK,config 1 1-14,text,false,"The operation lasted too long: It took 1,840 milliseconds, but should not have lasted longer than 775 milliseconds.",231,167,14,42,http://stload.se.ifmo.ru:8080/?token=518477874&user=-1355069478&config=1,1840,0,0
1776025885683,1858,config 1 request,200,OK,config 1 1-3,text,false,"The operation lasted too long: It took 1,858 milliseconds, but should not have lasted longer than 775 milliseconds.",231,167,14,42,http://stload.se.ifmo.ru:8080/?token=518477874&user=-1355069478&config=1,1858,0,0
1776025885683,1859,config 1 request,200,OK,config 1 1-9,text,false,"The operation lasted too long: It took 1,859 milliseconds, but should not have lasted longer than 775 milliseconds.",231,167,14,42,http://stload.se.ifmo.ru:8080/?token=518477874&user=-1355069478&config=1,1858,0,0
1776025885815,2030,config 1 request,200,OK,config 1 1-7,text,false,"The operation lasted too long: It took 2,030 milliseconds, but should not have lasted longer than 775 milliseconds.",231,167,14,42,http://stload.se.ifmo.ru:8080/?token=518477874&user=-1355069478&config=1,2030,0,0
1776025886004,1841,config 1 request,200,OK,config 1 1-5,text,false,"The operation lasted too long: It took 1,841 milliseconds, but should not have lasted longer than 775 milliseconds.",231,167,14,42,http://stload.se.ifmo.ru:8080/?token=518477874&user=-1355069478&config=1,1841,0,0
1776025886230,1963,config 1 request,200,OK,config 1 1-11,text,false,"The operation lasted too long: It took 1,963 milliseconds, but should not have lasted longer than 775 milliseconds.",231,167,14,42,http://stload.se.ifmo.ru:8080/?token=518477874&user=-1355069478&config=1,1963,0,0
1776025886379,1849,config 1 request,200,OK,config 1 1-13,text,false,"The operation lasted too long: It took 1,849 milliseconds, but should not have lasted longer than 775 milliseconds.",231,167,14,42,http://stload.se.ifmo.ru:8080/?token=518477874&user=-1355069478&config=1,1848,0,0
1776025886517,1881,config 1 request,200,OK,config 1 1-10,text,false,"The operation lasted too long: It took 1,881 milliseconds, but should not have lasted longer than 775 milliseconds.",231,167,14,42,http://stload.se.ifmo.ru:8080/?token=518477874&user=-1355069478&config=1,1881,0,0
1776025886616,1908,config 1 request,200,OK,config 1 1-1,text,false,"The operation lasted too long: It took 1,908 milliseconds, but should not have lasted longer than 775 milliseconds.",231,167,14,42,http://stload.se.ifmo.ru:8080/?token=518477874&user=-1355069478&config=1,1908,0,0
1776025886616,1928,config 1 request,200,OK,config 1 1-8,text,false,"The operation lasted too long: It took 1,928 milliseconds, but should not have lasted longer than 775 milliseconds.",231,167,14,42,http://stload.se.ifmo.ru:8080/?token=518477874&user=-1355069478&config=1,1928,0,0
1776025886623,1954,config 1 request,200,OK,config 1 1-4,text,false,"The operation lasted too long: It took 1,954 milliseconds, but should not have lasted longer than 775 milliseconds.",231,167,14,42,http://stload.se.ifmo.ru:8080/?token=518477874&user=-1355069478&config=1,1954,0,0
1776025887064,1838,config 1 request,200,OK,config 1 1-12,text,false,"The operation lasted too long: It took 1,838 milliseconds, but should not have lasted longer than 775 milliseconds.",231,167,14,42,http://stload.se.ifmo.ru:8080/?token=518477874&user=-1355069478&config=1,1838,0,0
1776025887253,1948,config 1 request,200,OK,config 1 1-2,text,false,"The operation lasted too long: It took 1,948 milliseconds, but should not have lasted longer than 775 milliseconds.",231,167,14,42,http://stload.se.ifmo.ru:8080/?token=518477874&user=-1355069478&config=1,1948,0,0
1776025887387,1855,config 1 request,200,OK,config 1 1-14,text,false,"The operation lasted too long: It took 1,855 milliseconds, but should not have lasted longer than 775 milliseconds.",231,167,14,42,http://stload.se.ifmo.ru:8080/?token=518477874&user=-1355069478&config=1,1855,0,0
1776025887542,1793,config 1 request,200,OK,config 1 1-3,text,false,"The operation lasted too long: It took 1,793 milliseconds, but should not have lasted longer than 775 milliseconds.",231,167,14,42,http://stload.se.ifmo.ru:8080/?token=518477874&user=-1355069478&config=1,1793,0,0
1776025887387,1948,config 1 request,200,OK,config 1 1-6,text,false,"The operation lasted too long: It took 1,948 milliseconds, but should not have lasted longer than 775 milliseconds.",231,167,14,42,http://stload.se.ifmo.ru:8080/?token=518477874&user=-1355069478&config=1,1948,0,0
1776025887542,1835,config 1 request,200,OK,config 1 1-9,text,false,"The operation lasted too long: It took 1,835 milliseconds, but should not have lasted longer than 775 milliseconds.",231,167,14,42,http://stload.se.ifmo.ru:8080/?token=518477874&user=-1355069478&config=1,1835,0,0
1776025887846,1940,config 1 request,200,OK,config 1 1-7,text,false,"The operation lasted too long: It took 1,940 milliseconds, but should not have lasted longer than 775 milliseconds.",231,167,14,42,http://stload.se.ifmo.ru:8080/?token=518477874&user=-1355069478&config=1,1940,0,0
1776025887846,1991,config 1 request,200,OK,config 1 1-5,text,false,"The operation lasted too long: It took 1,991 milliseconds, but should not have lasted longer than 775 milliseconds.",231,167,14,42,http://stload.se.ifmo.ru:8080/?token=518477874&user=-1355069478&config=1,1991,0,0
1776025888193,1822,config 1 request,200,OK,config 1 1-11,text,false,"The operation lasted too long: It took 1,822 milliseconds, but should not have lasted longer than 775 milliseconds.",231,167,14,42,http://stload.se.ifmo.ru:8080/?token=518477874&user=-1355069478&config=1,1822,0,0
1776025888228,1938,config 1 request,200,OK,config 1 1-13,text,false,"The operation lasted too long: It took 1,938 milliseconds, but should not have lasted longer than 775 milliseconds.",231,167,14,42,http://stload.se.ifmo.ru:8080/?token=518477874&user=-1355069478&config=1,1938,0,0
1776025888398,1803,config 1 request,200,OK,config 1 1-10,text,false,"The operation lasted too long: It took 1,803 milliseconds, but should not have lasted longer than 775 milliseconds.",231,167,14,42,http://stload.se.ifmo.ru:8080/?token=518477874&user=-1355069478&config=1,1803,0,0
1776025888524,1862,config 1 request,200,OK,config 1 1-1,text,false,"The operation lasted too long: It took 1,862 milliseconds, but should not have lasted longer than 775 milliseconds.",231,167,14,42,http://stload.se.ifmo.ru:8080/?token=518477874&user=-1355069478&config=1,1862,0,0
1776025888544,1884,config 1 request,200,OK,config 1 1-8,text,false,"The operation lasted too long: It took 1,884 milliseconds, but should not have lasted longer than 775 milliseconds.",231,167,14,42,http://stload.se.ifmo.ru:8080/?token=518477874&user=-1355069478&config=1,1883,0,0
1776025888577,2066,config 1 request,200,OK,config 1 1-4,text,false,"The operation lasted too long: It took 2,066 milliseconds, but should not have lasted longer than 775 milliseconds.",231,167,14,42,http://stload.se.ifmo.ru:8080/?token=518477874&user=-1355069478&config=1,2066,0,0
1776025888903,2047,config 1 request,200,OK,config 1 1-12,text,false,"The operation lasted too long: It took 2,047 milliseconds, but should not have lasted longer than 775 milliseconds.",231,167,14,42,http://stload.se.ifmo.ru:8080/?token=518477874&user=-1355069478&config=1,2047,0,0
1776025889202,1748,config 1 request,200,OK,config 1 1-2,text,false,"The operation lasted too long: It took 1,748 milliseconds, but should not have lasted longer than 775 milliseconds.",231,167,14,42,http://stload.se.ifmo.ru:8080/?token=518477874&user=-1355069478&config=1,1748,0,0
1776025889243,1789,config 1 request,200,OK,config 1 1-14,text,false,"The operation lasted too long: It took 1,789 milliseconds, but should not have lasted longer than 775 milliseconds.",231,167,14,42,http://stload.se.ifmo.ru:8080/?token=518477874&user=-1355069478&config=1,1789,0,0
1776025889335,1756,config 1 request,200,OK,config 1 1-3,text,false,"The operation lasted too long: It took 1,756 milliseconds, but should not have lasted longer than 775 milliseconds.",231,167,14,42,http://stload.se.ifmo.ru:8080/?token=518477874&user=-1355069478&config=1,1756,0,0
1776025889335,1756,config 1 request,200,OK,config 1 1-6,text,false,"The operation lasted too long: It took 1,756 milliseconds, but should not have lasted longer than 775 milliseconds.",231,167,14,42,http://stload.se.ifmo.ru:8080/?token=518477874&user=-1355069478&config=1,1756,0,0
1776025889377,1788,config 1 request,200,OK,config 1 1-9,text,false,"The operation lasted too long: It took 1,788 milliseconds, but should not have lasted longer than 775 milliseconds.",231,167,14,42,http://stload.se.ifmo.ru:8080/?token=518477874&user=-1355069478&config=1,1788,0,0
1776025889786,1897,config 1 request,200,OK,config 1 1-7,text,false,"The operation lasted too long: It took 1,897 milliseconds, but should not have lasted longer than 775 milliseconds.",231,167,14,42,http://stload.se.ifmo.ru:8080/?token=518477874&user=-1355069478&config=1,1897,0,0
1776025889837,1886,config 1 request,200,OK,config 1 1-5,text,false,"The operation lasted too long: It took 1,886 milliseconds, but should not have lasted longer than 775 milliseconds.",231,167,14,42,http://stload.se.ifmo.ru:8080/?token=518477874&user=-1355069478&config=1,1886,0,0
1776025890020,1929,config 1 request,200,OK,config 1 1-11,text,false,"The operation lasted too long: It took 1,929 milliseconds, but should not have lasted longer than 775 milliseconds.",231,167,14,42,http://stload.se.ifmo.ru:8080/?token=518477874&user=-1355069478&config=1,1929,0,0
1776025890167,1919,config 1 request,200,OK,config 1 1-13,text,false,"The operation lasted too long: It took 1,919 milliseconds, but should not have lasted longer than 775 milliseconds.",231,167,14,42,http://stload.se.ifmo.ru:8080/?token=518477874&user=-1355069478&config=1,1919,0,0
1776025890202,1884,config 1 request,200,OK,config 1 1-10,text,false,"The operation lasted too long: It took 1,884 milliseconds, but should not have lasted longer than 775 milliseconds.",231,167,14,42,http://stload.se.ifmo.ru:8080/?token=518477874&user=-1355069478&config=1,1884,0,0
1776025890387,1971,config 1 request,200,OK,config 1 1-1,text,false,"The operation lasted too long: It took 1,971 milliseconds, but should not have lasted longer than 775 milliseconds.",231,167,14,42,http://stload.se.ifmo.ru:8080/?token=518477874&user=-1355069478&config=1,1971,0,0
1776025890428,1973,config 1 request,200,OK,config 1 1-8,text,false,"The operation lasted too long: It took 1,973 milliseconds, but should not have lasted longer than 775 milliseconds.",231,167,14,42,http://stload.se.ifmo.ru:8080/?token=518477874&user=-1355069478&config=1,1973,0,0
1776025890643,1903,config 1 request,200,OK,config 1 1-4,text,false,"The operation lasted too long: It took 1,903 milliseconds, but should not have lasted longer than 775 milliseconds.",231,167,14,42,http://stload.se.ifmo.ru:8080/?token=518477874&user=-1355069478&config=1,1903,0,0
1776025890951,1780,config 1 request,200,OK,config 1 1-2,text,false,"The operation lasted too long: It took 1,780 milliseconds, but should not have lasted longer than 775 milliseconds.",231,167,14,42,http://stload.se.ifmo.ru:8080/?token=518477874&user=-1355069478&config=1,1780,0,0
1776025890951,1780,config 1 request,200,OK,config 1 1-12,text,false,"The operation lasted too long: It took 1,780 milliseconds, but should not have lasted longer than 775 milliseconds.",231,167,14,42,http://stload.se.ifmo.ru:8080/?token=518477874&user=-1355069478&config=1,1780,0,0
1776025891091,1883,config 1 request,200,OK,config 1 1-3,text,false,"The operation lasted too long: It took 1,883 milliseconds, but should not have lasted longer than 775 milliseconds.",231,167,14,42,http://stload.se.ifmo.ru:8080/?token=518477874&user=-1355069478&config=1,1883,0,0
1776025891032,1942,config 1 request,200,OK,config 1 1-14,text,false,"The operation lasted too long: It took 1,942 milliseconds, but should not have lasted longer than 775 milliseconds.",231,167,14,42,http://stload.se.ifmo.ru:8080/?token=518477874&user=-1355069478&config=1,1942,0,0
1776025891091,1989,config 1 request,200,OK,config 1 1-6,text,false,"The operation lasted too long: It took 1,989 milliseconds, but should not have lasted longer than 775 milliseconds.",231,167,14,42,http://stload.se.ifmo.ru:8080/?token=518477874&user=-1355069478&config=1,1989,0,0
1776025891165,1944,config 1 request,200,OK,config 1 1-9,text,false,"The operation lasted too long: It took 1,944 milliseconds, but should not have lasted longer than 775 milliseconds.",231,167,14,42,http://stload.se.ifmo.ru:8080/?token=518477874&user=-1355069478&config=1,1944,0,0
1776025891684,1853,config 1 request,200,OK,config 1 1-7,text,false,"The operation lasted too long: It took 1,853 milliseconds, but should not have lasted longer than 775 milliseconds.",231,167,14,42,http://stload.se.ifmo.ru:8080/?token=518477874&user=-1355069478&config=1,1853,0,0
1776025891723,1981,config 1 request,200,OK,config 1 1-5,text,false,"The operation lasted too long: It took 1,981 milliseconds, but should not have lasted longer than 775 milliseconds.",231,167,14,42,http://stload.se.ifmo.ru:8080/?token=518477874&user=-1355069478&config=1,1981,0,0
1776025891950,1814,config 1 request,200,OK,config 1 1-11,text,false,"The operation lasted too long: It took 1,814 milliseconds, but should not have lasted longer than 775 milliseconds.",231,167,14,42,http://stload.se.ifmo.ru:8080/?token=518477874&user=-1355069478&config=1,1814,0,0
1776025892086,1730,config 1 request,200,OK,config 1 1-10,text,false,"The operation lasted too long: It took 1,730 milliseconds, but should not have lasted longer than 775 milliseconds.",231,167,14,42,http://stload.se.ifmo.ru:8080/?token=518477874&user=-1355069478&config=1,1730,0,0
1776025892087,1864,config 1 request,200,OK,config 1 1-13,text,false,"The operation lasted too long: It took 1,864 milliseconds, but should not have lasted longer than 775 milliseconds.",231,167,14,42,http://stload.se.ifmo.ru:8080/?token=518477874&user=-1355069478&config=1,1864,0,0
1776025892401,1974,config 1 request,200,OK,config 1 1-8,text,false,"The operation lasted too long: It took 1,974 milliseconds, but should not have lasted longer than 775 milliseconds.",231,167,14,42,http://stload.se.ifmo.ru:8080/?token=518477874&user=-1355069478&config=1,1974,0,0
1776025892358,2017,config 1 request,200,OK,config 1 1-1,text,false,"The operation lasted too long: It took 2,017 milliseconds, but should not have lasted longer than 775 milliseconds.",231,167,14,42,http://stload.se.ifmo.ru:8080/?token=518477874&user=-1355069478&config=1,2017,0,0
1776025892546,2119,config 1 request,200,OK,config 1 1-4,text,false,"The operation lasted too long: It took 2,119 milliseconds, but should not have lasted longer than 775 milliseconds.",231,167,14,42,http://stload.se.ifmo.ru:8080/?token=518477874&user=-1355069478&config=1,2119,0,0
1776025892732,1934,config 1 request,200,OK,config 1 1-12,text,false,"The operation lasted too long: It took 1,934 milliseconds, but should not have lasted longer than 775 milliseconds.",231,167,14,42,http://stload.se.ifmo.ru:8080/?token=518477874&user=-1355069478&config=1,1934,0,0
1776025892732,1968,config 1 request,200,OK,config 1 1-2,text,false,"The operation lasted too long: It took 1,968 milliseconds, but should not have lasted longer than 775 milliseconds.",231,167,14,42,http://stload.se.ifmo.ru:8080/?token=518477874&user=-1355069478&config=1,1968,0,0
1776025892975,1805,config 1 request,200,OK,config 1 1-3,text,false,"The operation lasted too long: It took 1,805 milliseconds, but should not have lasted longer than 775 milliseconds.",231,167,14,42,http://stload.se.ifmo.ru:8080/?token=518477874&user=-1355069478&config=1,1805,0,0
1776025892975,1805,config 1 request,200,OK,config 1 1-14,text,false,"The operation lasted too long: It took 1,805 milliseconds, but should not have lasted longer than 775 milliseconds.",231,167,14,42,http://stload.se.ifmo.ru:8080/?token=518477874&user=-1355069478&config=1,1805,0,0
1776025893080,1714,config 1 request,200,OK,config 1 1-6,text,false,"The operation lasted too long: It took 1,714 milliseconds, but should not have lasted longer than 775 milliseconds.",231,167,14,42,http://stload.se.ifmo.ru:8080/?token=518477874&user=-1355069478&config=1,1714,0,0
1776025893110,2098,config 1 request,200,OK,config 1 1-9,text,false,"The operation lasted too long: It took 2,098 milliseconds, but should not have lasted longer than 775 milliseconds.",231,167,14,42,http://stload.se.ifmo.ru:8080/?token=518477874&user=-1355069478&config=1,2098,0,0
1776025893537,1798,config 1 request,200,OK,config 1 1-7,text,false,"The operation lasted too long: It took 1,798 milliseconds, but should not have lasted longer than 775 milliseconds.",231,167,14,42,http://stload.se.ifmo.ru:8080/?token=518477874&user=-1355069478&config=1,1798,0,0
1776025893705,1762,config 1 request,200,OK,config 1 1-5,text,false,"The operation lasted too long: It took 1,762 milliseconds, but should not have lasted longer than 775 milliseconds.",231,167,14,42,http://stload.se.ifmo.ru:8080/?token=518477874&user=-1355069478&config=1,1762,0,0
1776025893765,1930,config 1 request,200,OK,config 1 1-11,text,false,"The operation lasted too long: It took 1,930 milliseconds, but should not have lasted longer than 775 milliseconds.",231,167,14,42,http://stload.se.ifmo.ru:8080/?token=518477874&user=-1355069478&config=1,1930,0,0
1776025893816,1879,config 1 request,200,OK,config 1 1-10,text,false,"The operation lasted too long: It took 1,879 milliseconds, but should not have lasted longer than 775 milliseconds.",231,167,14,42,http://stload.se.ifmo.ru:8080/?token=518477874&user=-1355069478&config=1,1879,0,0
1776025893951,1837,config 1 request,200,OK,config 1 1-13,text,false,"The operation lasted too long: It took 1,837 milliseconds, but should not have lasted longer than 775 milliseconds.",231,167,14,42,http://stload.se.ifmo.ru:8080/?token=518477874&user=-1355069478&config=1,1837,0,0
1776025894375,1924,config 1 request,200,OK,config 1 1-1,text,false,"The operation lasted too long: It took 1,924 milliseconds, but should not have lasted longer than 775 milliseconds.",231,167,14,42,http://stload.se.ifmo.ru:8080/?token=518477874&user=-1355069478&config=1,1924,0,0
1776025894375,1925,config 1 request,200,OK,config 1 1-8,text,false,"The operation lasted too long: It took 1,925 milliseconds, but should not have lasted longer than 775 milliseconds.",231,167,14,42,http://stload.se.ifmo.ru:8080/?token=518477874&user=-1355069478&config=1,1925,0,0
1776025894666,1726,config 1 request,200,OK,config 1 1-12,text,false,"The operation lasted too long: It took 1,726 milliseconds, but should not have lasted longer than 775 milliseconds.",231,167,14,42,http://stload.se.ifmo.ru:8080/?token=518477874&user=-1355069478&config=1,1726,0,0
1776025894665,1770,config 1 request,200,OK,config 1 1-4,text,false,"The operation lasted too long: It took 1,770 milliseconds, but should not have lasted longer than 775 milliseconds.",231,167,14,42,http://stload.se.ifmo.ru:8080/?token=518477874&user=-1355069478&config=1,1770,0,0
1776025894701,1734,config 1 request,200,OK,config 1 1-2,text,false,"The operation lasted too long: It took 1,734 milliseconds, but should not have lasted longer than 775 milliseconds.",231,167,14,42,http://stload.se.ifmo.ru:8080/?token=518477874&user=-1355069478&config=1,1734,0,0
1776025894780,1824,config 1 request,200,OK,config 1 1-14,text,false,"The operation lasted too long: It took 1,824 milliseconds, but should not have lasted longer than 775 milliseconds.",231,167,14,42,http://stload.se.ifmo.ru:8080/?token=518477874&user=-1355069478&config=1,1824,0,0
1776025894780,1858,config 1 request,200,OK,config 1 1-3,text,false,"The operation lasted too long: It took 1,858 milliseconds, but should not have lasted longer than 775 milliseconds.",231,167,14,42,http://stload.se.ifmo.ru:8080/?token=518477874&user=-1355069478&config=1,1858,0,0
1776025894794,1844,config 1 request,200,OK,config 1 1-6,text,false,"The operation lasted too long: It took 1,844 milliseconds, but should not have lasted longer than 775 milliseconds.",231,167,14,42,http://stload.se.ifmo.ru:8080/?token=518477874&user=-1355069478&config=1,1844,0,0
1776025895208,1846,config 1 request,200,OK,config 1 1-9,text,false,"The operation lasted too long: It took 1,846 milliseconds, but should not have lasted longer than 775 milliseconds.",231,167,14,42,http://stload.se.ifmo.ru:8080/?token=518477874&user=-1355069478&config=1,1846,0,0
1776025895336,1890,config 1 request,200,OK,config 1 1-7,text,false,"The operation lasted too long: It took 1,890 milliseconds, but should not have lasted longer than 775 milliseconds.",231,167,14,42,http://stload.se.ifmo.ru:8080/?token=518477874&user=-1355069478&config=1,1890,0,0
1776025895468,1972,config 1 request,200,OK,config 1 1-5,text,false,"The operation lasted too long: It took 1,972 milliseconds, but should not have lasted longer than 775 milliseconds.",231,167,14,42,http://stload.se.ifmo.ru:8080/?token=518477874&user=-1355069478&config=1,1972,0,0
1776025895695,1929,config 1 request,200,OK,config 1 1-10,text,false,"The operation lasted too long: It took 1,929 milliseconds, but should not have lasted longer than 775 milliseconds.",231,167,14,42,http://stload.se.ifmo.ru:8080/?token=518477874&user=-1355069478&config=1,1929,0,0
1776025895695,1990,config 1 request,200,OK,config 1 1-11,text,false,"The operation lasted too long: It took 1,990 milliseconds, but should not have lasted longer than 775 milliseconds.",231,167,14,42,http://stload.se.ifmo.ru:8080/?token=518477874&user=-1355069478&config=1,1990,0,0
1776025895788,1996,config 1 request,200,OK,config 1 1-13,text,false,"The operation lasted too long: It took 1,996 milliseconds, but should not have lasted longer than 775 milliseconds.",231,167,14,42,http://stload.se.ifmo.ru:8080/?token=518477874&user=-1355069478&config=1,1996,0,0
1776025896302,1865,config 1 request,200,OK,config 1 1-1,text,false,"The operation lasted too long: It took 1,865 milliseconds, but should not have lasted longer than 775 milliseconds.",231,167,14,42,http://stload.se.ifmo.ru:8080/?token=518477874&user=-1355069478&config=1,1865,0,0
1776025896302,1865,config 1 request,200,OK,config 1 1-8,text,false,"The operation lasted too long: It took 1,865 milliseconds, but should not have lasted longer than 775 milliseconds.",231,167,14,42,http://stload.se.ifmo.ru:8080/?token=518477874&user=-1355069478&config=1,1865,0,0
1776025896437,1793,config 1 request,200,OK,config 1 1-2,text,false,"The operation lasted too long: It took 1,793 milliseconds, but should not have lasted longer than 775 milliseconds.",231,167,14,42,http://stload.se.ifmo.ru:8080/?token=518477874&user=-1355069478&config=1,1793,0,0
1776025896394,1836,config 1 request,200,OK,config 1 1-12,text,false,"The operation lasted too long: It took 1,836 milliseconds, but should not have lasted longer than 775 milliseconds.",231,167,14,42,http://stload.se.ifmo.ru:8080/?token=518477874&user=-1355069478&config=1,1836,0,0
1776025896437,1867,config 1 request,200,OK,config 1 1-4,text,false,"The operation lasted too long: It took 1,867 milliseconds, but should not have lasted longer than 775 milliseconds.",231,167,14,42,http://stload.se.ifmo.ru:8080/?token=518477874&user=-1355069478&config=1,1867,0,0
1776025896607,1760,config 1 request,200,OK,config 1 1-14,text,false,"The operation lasted too long: It took 1,760 milliseconds, but should not have lasted longer than 775 milliseconds.",231,167,14,42,http://stload.se.ifmo.ru:8080/?token=518477874&user=-1355069478&config=1,1760,0,0
1776025896641,1740,config 1 request,200,OK,config 1 1-6,text,false,"The operation lasted too long: It took 1,740 milliseconds, but should not have lasted longer than 775 milliseconds.",231,167,14,42,http://stload.se.ifmo.ru:8080/?token=518477874&user=-1355069478&config=1,1740,0,0
1776025896641,1762,config 1 request,200,OK,config 1 1-3,text,false,"The operation lasted too long: It took 1,762 milliseconds, but should not have lasted longer than 775 milliseconds.",231,167,14,42,http://stload.se.ifmo.ru:8080/?token=518477874&user=-1355069478&config=1,1762,0,0
1776025897056,1972,config 1 request,200,OK,config 1 1-9,text,false,"The operation lasted too long: It took 1,972 milliseconds, but should not have lasted longer than 775 milliseconds.",231,167,14,42,http://stload.se.ifmo.ru:8080/?token=518477874&user=-1355069478&config=1,1972,0,0
1776025897229,1940,config 1 request,200,OK,config 1 1-7,text,false,"The operation lasted too long: It took 1,940 milliseconds, but should not have lasted longer than 775 milliseconds.",231,167,14,42,http://stload.se.ifmo.ru:8080/?token=518477874&user=-1355069478&config=1,1940,0,0
1776025897445,1776,config 1 request,200,OK,config 1 1-5,text,false,"The operation lasted too long: It took 1,776 milliseconds, but should not have lasted longer than 775 milliseconds.",231,167,14,42,http://stload.se.ifmo.ru:8080/?token=518477874&user=-1355069478&config=1,1776,0,0
1776025897627,1738,config 1 request,200,OK,config 1 1-10,text,false,"The operation lasted too long: It took 1,738 milliseconds, but should not have lasted longer than 775 milliseconds.",231,167,14,42,http://stload.se.ifmo.ru:8080/?token=518477874&user=-1355069478&config=1,1738,0,0
1776025897687,2054,config 1 request,200,OK,config 1 1-11,text,false,"The operation lasted too long: It took 2,054 milliseconds, but should not have lasted longer than 775 milliseconds.",231,167,14,42,http://stload.se.ifmo.ru:8080/?token=518477874&user=-1355069478&config=1,2054,0,0
1776025897787,2097,config 1 request,200,OK,config 1 1-13,text,false,"The operation lasted too long: It took 2,097 milliseconds, but should not have lasted longer than 775 milliseconds.",231,167,14,42,http://stload.se.ifmo.ru:8080/?token=518477874&user=-1355069478&config=1,2097,0,0
1776025898167,1763,config 1 request,200,OK,config 1 1-1,text,false,"The operation lasted too long: It took 1,763 milliseconds, but should not have lasted longer than 775 milliseconds.",231,167,14,42,http://stload.se.ifmo.ru:8080/?token=518477874&user=-1355069478&config=1,1763,0,0
1776025898167,1810,config 1 request,200,OK,config 1 1-8,text,false,"The operation lasted too long: It took 1,810 milliseconds, but should not have lasted longer than 775 milliseconds.",231,167,14,42,http://stload.se.ifmo.ru:8080/?token=518477874&user=-1355069478&config=1,1810,0,0
1776025898231,1843,config 1 request,200,OK,config 1 1-12,text,false,"The operation lasted too long: It took 1,843 milliseconds, but should not have lasted longer than 775 milliseconds.",231,167,14,42,http://stload.se.ifmo.ru:8080/?token=518477874&user=-1355069478&config=1,1843,0,0
1776025898231,1843,config 1 request,200,OK,config 1 1-2,text,false,"The operation lasted too long: It took 1,843 milliseconds, but should not have lasted longer than 775 milliseconds.",231,167,14,42,http://stload.se.ifmo.ru:8080/?token=518477874&user=-1355069478&config=1,1843,0,0
1776025898305,1866,config 1 request,200,OK,config 1 1-4,text,false,"The operation lasted too long: It took 1,866 milliseconds, but should not have lasted longer than 775 milliseconds.",231,167,14,42,http://stload.se.ifmo.ru:8080/?token=518477874&user=-1355069478&config=1,1866,0,0
1776025898368,1819,config 1 request,200,OK,config 1 1-14,text,false,"The operation lasted too long: It took 1,819 milliseconds, but should not have lasted longer than 775 milliseconds.",231,167,14,42,http://stload.se.ifmo.ru:8080/?token=518477874&user=-1355069478&config=1,1819,0,0
1776025898382,1889,config 1 request,200,OK,config 1 1-6,text,false,"The operation lasted too long: It took 1,889 milliseconds, but should not have lasted longer than 775 milliseconds.",231,167,14,42,http://stload.se.ifmo.ru:8080/?token=518477874&user=-1355069478&config=1,1889,0,0
1776025898404,1986,config 1 request,200,OK,config 1 1-3,text,false,"The operation lasted too long: It took 1,986 milliseconds, but should not have lasted longer than 775 milliseconds.",231,167,14,42,http://stload.se.ifmo.ru:8080/?token=518477874&user=-1355069478&config=1,1986,0,0
1776025899029,1837,config 1 request,200,OK,config 1 1-9,text,false,"The operation lasted too long: It took 1,837 milliseconds, but should not have lasted longer than 775 milliseconds.",231,167,14,42,http://stload.se.ifmo.ru:8080/?token=518477874&user=-1355069478&config=1,1837,0,0
1776025899222,1830,config 1 request,200,OK,config 1 1-5,text,false,"The operation lasted too long: It took 1,830 milliseconds, but should not have lasted longer than 775 milliseconds.",231,167,14,42,http://stload.se.ifmo.ru:8080/?token=518477874&user=-1355069478&config=1,1830,0,0
1776025899170,1882,config 1 request,200,OK,config 1 1-7,text,false,"The operation lasted too long: It took 1,882 milliseconds, but should not have lasted longer than 775 milliseconds.",231,167,14,42,http://stload.se.ifmo.ru:8080/?token=518477874&user=-1355069478&config=1,1882,0,0
1776025899365,2006,config 1 request,200,OK,config 1 1-10,text,false,"The operation lasted too long: It took 2,006 milliseconds, but should not have lasted longer than 775 milliseconds.",231,167,14,42,http://stload.se.ifmo.ru:8080/?token=518477874&user=-1355069478&config=1,2006,0,0
1776025899741,1908,config 1 request,200,OK,config 1 1-11,text,false,"The operation lasted too long: It took 1,908 milliseconds, but should not have lasted longer than 775 milliseconds.",231,167,14,42,http://stload.se.ifmo.ru:8080/?token=518477874&user=-1355069478&config=1,1908,0,0
1776025899885,1955,config 1 request,200,OK,config 1 1-13,text,false,"The operation lasted too long: It took 1,955 milliseconds, but should not have lasted longer than 775 milliseconds.",231,167,14,42,http://stload.se.ifmo.ru:8080/?token=518477874&user=-1355069478&config=1,1955,0,0
1776025899977,1863,config 1 request,200,OK,config 1 1-8,text,false,"The operation lasted too long: It took 1,863 milliseconds, but should not have lasted longer than 775 milliseconds.",231,167,14,42,http://stload.se.ifmo.ru:8080/?token=518477874&user=-1355069478&config=1,1863,0,0
1776025899930,1910,config 1 request,200,OK,config 1 1-1,text,false,"The operation lasted too long: It took 1,910 milliseconds, but should not have lasted longer than 775 milliseconds.",231,167,14,42,http://stload.se.ifmo.ru:8080/?token=518477874&user=-1355069478&config=1,1910,0,0
1776025900075,1765,config 1 request,200,OK,config 1 1-2,text,false,"The operation lasted too long: It took 1,765 milliseconds, but should not have lasted longer than 775 milliseconds.",231,167,14,42,http://stload.se.ifmo.ru:8080/?token=518477874&user=-1355069478&config=1,1765,0,0
1776025900075,1857,config 1 request,200,OK,config 1 1-12,text,false,"The operation lasted too long: It took 1,857 milliseconds, but should not have lasted longer than 775 milliseconds.",231,167,14,42,http://stload.se.ifmo.ru:8080/?token=518477874&user=-1355069478&config=1,1857,0,0
1776025900187,1818,config 1 request,200,OK,config 1 1-14,text,false,"The operation lasted too long: It took 1,818 milliseconds, but should not have lasted longer than 775 milliseconds.",231,167,14,42,http://stload.se.ifmo.ru:8080/?token=518477874&user=-1355069478&config=1,1818,0,0
1776025900172,1833,config 1 request,200,OK,config 1 1-4,text,false,"The operation lasted too long: It took 1,833 milliseconds, but should not have lasted longer than 775 milliseconds.",231,167,14,42,http://stload.se.ifmo.ru:8080/?token=518477874&user=-1355069478&config=1,1833,0,0
1776025900271,2010,config 1 request,200,OK,config 1 1-6,text,false,"The operation lasted too long: It took 2,010 milliseconds, but should not have lasted longer than 775 milliseconds.",231,167,14,42,http://stload.se.ifmo.ru:8080/?token=518477874&user=-1355069478&config=1,2010,0,0
1776025900390,1891,config 1 request,200,OK,config 1 1-3,text,false,"The operation lasted too long: It took 1,891 milliseconds, but should not have lasted longer than 775 milliseconds.",231,167,14,42,http://stload.se.ifmo.ru:8080/?token=518477874&user=-1355069478&config=1,1891,0,0
1776025900866,1922,config 1 request,200,OK,config 1 1-9,text,false,"The operation lasted too long: It took 1,922 milliseconds, but should not have lasted longer than 775 milliseconds.",231,167,14,42,http://stload.se.ifmo.ru:8080/?token=518477874&user=-1355069478&config=1,1922,0,0
1776025901052,1755,config 1 request,200,OK,config 1 1-5,text,false,"The operation lasted too long: It took 1,755 milliseconds, but should not have lasted longer than 775 milliseconds.",231,167,14,42,http://stload.se.ifmo.ru:8080/?token=518477874&user=-1355069478&config=1,1755,0,0
1776025901052,1836,config 1 request,200,OK,config 1 1-7,text,false,"The operation lasted too long: It took 1,836 milliseconds, but should not have lasted longer than 775 milliseconds.",231,167,14,42,http://stload.se.ifmo.ru:8080/?token=518477874&user=-1355069478&config=1,1836,0,0
1776025901378,1999,config 1 request,200,OK,config 1 1-10,text,false,"The operation lasted too long: It took 1,999 milliseconds, but should not have lasted longer than 775 milliseconds.",231,167,14,42,http://stload.se.ifmo.ru:8080/?token=518477874&user=-1355069478&config=1,1999,0,0
1776025901657,1912,config 1 request,200,OK,config 1 1-11,text,false,"The operation lasted too long: It took 1,912 milliseconds, but should not have lasted longer than 775 milliseconds.",231,167,14,42,http://stload.se.ifmo.ru:8080/?token=518477874&user=-1355069478&config=1,1912,0,0
1776025901847,1871,config 1 request,200,OK,config 1 1-2,text,false,"The operation lasted too long: It took 1,871 milliseconds, but should not have lasted longer than 775 milliseconds.",231,167,14,42,http://stload.se.ifmo.ru:8080/?token=518477874&user=-1355069478&config=1,1871,0,0
1776025901847,1871,config 1 request,200,OK,config 1 1-8,text,false,"The operation lasted too long: It took 1,871 milliseconds, but should not have lasted longer than 775 milliseconds.",231,167,14,42,http://stload.se.ifmo.ru:8080/?token=518477874&user=-1355069478&config=1,1871,0,0
1776025901847,1871,config 1 request,200,OK,config 1 1-13,text,false,"The operation lasted too long: It took 1,871 milliseconds, but should not have lasted longer than 775 milliseconds.",231,167,14,42,http://stload.se.ifmo.ru:8080/?token=518477874&user=-1355069478&config=1,1871,0,0
1776025901939,1808,config 1 request,200,OK,config 1 1-12,text,false,"The operation lasted too long: It took 1,808 milliseconds, but should not have lasted longer than 775 milliseconds.",231,167,14,42,http://stload.se.ifmo.ru:8080/?token=518477874&user=-1355069478&config=1,1808,0,0
1776025902012,1775,config 1 request,200,OK,config 1 1-14,text,false,"The operation lasted too long: It took 1,775 milliseconds, but should not have lasted longer than 775 milliseconds.",231,167,14,42,http://stload.se.ifmo.ru:8080/?token=518477874&user=-1355069478&config=1,1775,0,0
1776025902012,1806,config 1 request,200,OK,config 1 1-4,text,false,"The operation lasted too long: It took 1,806 milliseconds, but should not have lasted longer than 775 milliseconds.",231,167,14,42,http://stload.se.ifmo.ru:8080/?token=518477874&user=-1355069478&config=1,1806,0,0
1776025901847,2038,config 1 request,200,OK,config 1 1-1,text,false,"The operation lasted too long: It took 2,038 milliseconds, but should not have lasted longer than 775 milliseconds.",231,167,14,42,http://stload.se.ifmo.ru:8080/?token=518477874&user=-1355069478&config=1,2038,0,188
1776025902289,1912,config 1 request,200,OK,config 1 1-6,text,false,"The operation lasted too long: It took 1,912 milliseconds, but should not have lasted longer than 775 milliseconds.",231,167,14,42,http://stload.se.ifmo.ru:8080/?token=518477874&user=-1355069478&config=1,1912,0,0
1776025902289,1957,config 1 request,200,OK,config 1 1-3,text,false,"The operation lasted too long: It took 1,957 milliseconds, but should not have lasted longer than 775 milliseconds.",231,167,14,42,http://stload.se.ifmo.ru:8080/?token=518477874&user=-1355069478&config=1,1957,0,0
1776025902795,1803,config 1 request,200,OK,config 1 1-9,text,false,"The operation lasted too long: It took 1,803 milliseconds, but should not have lasted longer than 775 milliseconds.",231,167,14,42,http://stload.se.ifmo.ru:8080/?token=518477874&user=-1355069478&config=1,1803,0,0
1776025902814,1784,config 1 request,200,OK,config 1 1-5,text,false,"The operation lasted too long: It took 1,784 milliseconds, but should not have lasted longer than 775 milliseconds.",231,167,14,42,http://stload.se.ifmo.ru:8080/?token=518477874&user=-1355069478&config=1,1784,0,0
1776025902895,1963,config 1 request,200,OK,config 1 1-7,text,false,"The operation lasted too long: It took 1,963 milliseconds, but should not have lasted longer than 775 milliseconds.",231,167,14,42,http://stload.se.ifmo.ru:8080/?token=518477874&user=-1355069478&config=1,1963,0,0
1776025903377,1844,config 1 request,200,OK,config 1 1-10,text,false,"The operation lasted too long: It took 1,844 milliseconds, but should not have lasted longer than 775 milliseconds.",231,167,14,42,http://stload.se.ifmo.ru:8080/?token=518477874&user=-1355069478&config=1,1844,0,0
1776025903570,1796,config 1 request,200,OK,config 1 1-11,text,false,"The operation lasted too long: It took 1,796 milliseconds, but should not have lasted longer than 775 milliseconds.",231,167,14,42,http://stload.se.ifmo.ru:8080/?token=518477874&user=-1355069478&config=1,1796,0,0
1776025903718,1729,config 1 request,200,OK,config 1 1-8,text,false,"The operation lasted too long: It took 1,729 milliseconds, but should not have lasted longer than 775 milliseconds.",231,167,14,42,http://stload.se.ifmo.ru:8080/?token=518477874&user=-1355069478&config=1,1729,0,0
1776025903718,1729,config 1 request,200,OK,config 1 1-13,text,false,"The operation lasted too long: It took 1,729 milliseconds, but should not have lasted longer than 775 milliseconds.",231,167,14,42,http://stload.se.ifmo.ru:8080/?token=518477874&user=-1355069478&config=1,1729,0,0
1776025903748,1751,config 1 request,200,OK,config 1 1-12,text,false,"The operation lasted too long: It took 1,751 milliseconds, but should not have lasted longer than 775 milliseconds.",231,167,14,42,http://stload.se.ifmo.ru:8080/?token=518477874&user=-1355069478&config=1,1751,0,0
1776025903787,1805,config 1 request,200,OK,config 1 1-14,text,false,"The operation lasted too long: It took 1,805 milliseconds, but should not have lasted longer than 775 milliseconds.",231,167,14,42,http://stload.se.ifmo.ru:8080/?token=518477874&user=-1355069478&config=1,1805,0,0
1776025903818,1909,config 1 request,200,OK,config 1 1-4,text,false,"The operation lasted too long: It took 1,909 milliseconds, but should not have lasted longer than 775 milliseconds.",231,167,14,42,http://stload.se.ifmo.ru:8080/?token=518477874&user=-1355069478&config=1,1909,0,0
1776025903718,2067,config 1 request,200,OK,config 1 1-2,text,false,"The operation lasted too long: It took 2,067 milliseconds, but should not have lasted longer than 775 milliseconds.",231,167,14,42,http://stload.se.ifmo.ru:8080/?token=518477874&user=-1355069478&config=1,2067,0,167
1776025903885,1900,config 1 request,200,OK,config 1 1-1,text,false,"The operation lasted too long: It took 1,900 milliseconds, but should not have lasted longer than 775 milliseconds.",231,167,14,42,http://stload.se.ifmo.ru:8080/?token=518477874&user=-1355069478&config=1,1900,0,0
1776025904202,1844,config 1 request,200,OK,config 1 1-6,text,false,"The operation lasted too long: It took 1,844 milliseconds, but should not have lasted longer than 775 milliseconds.",231,167,14,42,http://stload.se.ifmo.ru:8080/?token=518477874&user=-1355069478&config=1,1844,0,0
1776025904247,1962,config 1 request,200,OK,config 1 1-3,text,false,"The operation lasted too long: It took 1,962 milliseconds, but should not have lasted longer than 775 milliseconds.",231,167,14,42,http://stload.se.ifmo.ru:8080/?token=518477874&user=-1355069478&config=1,1962,0,0
1776025904598,1932,config 1 request,200,OK,config 1 1-5,text,false,"The operation lasted too long: It took 1,932 milliseconds, but should not have lasted longer than 775 milliseconds.",231,167,14,42,http://stload.se.ifmo.ru:8080/?token=518477874&user=-1355069478&config=1,1932,0,0
1776025904598,1933,config 1 request,200,OK,config 1 1-9,text,false,"The operation lasted too long: It took 1,933 milliseconds, but should not have lasted longer than 775 milliseconds.",231,167,14,42,http://stload.se.ifmo.ru:8080/?token=518477874&user=-1355069478&config=1,1933,0,0
1776025904858,1910,config 1 request,200,OK,config 1 1-7,text,false,"The operation lasted too long: It took 1,910 milliseconds, but should not have lasted longer than 775 milliseconds.",231,167,14,42,http://stload.se.ifmo.ru:8080/?token=518477874&user=-1355069478&config=1,1910,0,0
1776025905222,1808,config 1 request,200,OK,config 1 1-10,text,false,"The operation lasted too long: It took 1,808 milliseconds, but should not have lasted longer than 775 milliseconds.",231,167,14,42,http://stload.se.ifmo.ru:8080/?token=518477874&user=-1355069478&config=1,1808,0,0
1776025905367,1922,config 1 request,200,OK,config 1 1-11,text,false,"The operation lasted too long: It took 1,922 milliseconds, but should not have lasted longer than 775 milliseconds.",231,167,14,42,http://stload.se.ifmo.ru:8080/?token=518477874&user=-1355069478&config=1,1922,0,0
1776025905447,1910,config 1 request,200,OK,config 1 1-8,text,false,"The operation lasted too long: It took 1,910 milliseconds, but should not have lasted longer than 775 milliseconds.",231,167,14,42,http://stload.se.ifmo.ru:8080/?token=518477874&user=-1355069478&config=1,1910,0,0
1776025905500,1858,config 1 request,200,OK,config 1 1-12,text,false,"The operation lasted too long: It took 1,858 milliseconds, but should not have lasted longer than 775 milliseconds.",231,167,14,42,http://stload.se.ifmo.ru:8080/?token=518477874&user=-1355069478&config=1,1858,0,0
1776025905447,1911,config 1 request,200,OK,config 1 1-13,text,false,"The operation lasted too long: It took 1,911 milliseconds, but should not have lasted longer than 775 milliseconds.",231,167,14,42,http://stload.se.ifmo.ru:8080/?token=518477874&user=-1355069478&config=1,1911,0,0
1776025905593,1823,config 1 request,200,OK,config 1 1-14,text,false,"The operation lasted too long: It took 1,823 milliseconds, but should not have lasted longer than 775 milliseconds.",231,167,14,42,http://stload.se.ifmo.ru:8080/?token=518477874&user=-1355069478&config=1,1823,0,0
1776025905785,1739,config 1 request,200,OK,config 1 1-1,text,false,"The operation lasted too long: It took 1,739 milliseconds, but should not have lasted longer than 775 milliseconds.",231,167,14,42,http://stload.se.ifmo.ru:8080/?token=518477874&user=-1355069478&config=1,1739,0,0
1776025905785,1791,config 1 request,200,OK,config 1 1-2,text,false,"The operation lasted too long: It took 1,791 milliseconds, but should not have lasted longer than 775 milliseconds.",231,167,14,42,http://stload.se.ifmo.ru:8080/?token=518477874&user=-1355069478&config=1,1791,0,0
1776025905728,1933,config 1 request,200,OK,config 1 1-4,text,false,"The operation lasted too long: It took 1,933 milliseconds, but should not have lasted longer than 775 milliseconds.",231,167,14,42,http://stload.se.ifmo.ru:8080/?token=518477874&user=-1355069478&config=1,1933,0,184
1776025906047,2038,config 1 request,200,OK,config 1 1-6,text,false,"The operation lasted too long: It took 2,038 milliseconds, but should not have lasted longer than 775 milliseconds.",231,167,14,42,http://stload.se.ifmo.ru:8080/?token=518477874&user=-1355069478&config=1,2038,0,213
1776025906213,2010,config 1 request,200,OK,config 1 1-3,text,false,"The operation lasted too long: It took 2,010 milliseconds, but should not have lasted longer than 775 milliseconds.",231,167,14,42,http://stload.se.ifmo.ru:8080/?token=518477874&user=-1355069478&config=1,2010,0,145
1776025906535,1781,config 1 request,200,OK,config 1 1-9,text,false,"The operation lasted too long: It took 1,781 milliseconds, but should not have lasted longer than 775 milliseconds.",231,167,14,42,http://stload.se.ifmo.ru:8080/?token=518477874&user=-1355069478&config=1,1781,0,0
1776025906535,2115,config 1 request,200,OK,config 1 1-5,text,false,"The operation lasted too long: It took 2,115 milliseconds, but should not have lasted longer than 775 milliseconds.",231,167,14,42,http://stload.se.ifmo.ru:8080/?token=518477874&user=-1355069478&config=1,2115,0,188
1776025906773,1972,config 1 request,200,OK,config 1 1-7,text,false,"The operation lasted too long: It took 1,972 milliseconds, but should not have lasted longer than 775 milliseconds.",231,167,14,42,http://stload.se.ifmo.ru:8080/?token=518477874&user=-1355069478&config=1,1972,0,0
1776025907034,1904,config 1 request,200,OK,config 1 1-10,text,false,"The operation lasted too long: It took 1,904 milliseconds, but should not have lasted longer than 775 milliseconds.",231,167,14,42,http://stload.se.ifmo.ru:8080/?token=518477874&user=-1355069478&config=1,1904,0,0
1776025907293,1741,config 1 request,200,OK,config 1 1-11,text,false,"The operation lasted too long: It took 1,741 milliseconds, but should not have lasted longer than 775 milliseconds.",231,167,14,42,http://stload.se.ifmo.ru:8080/?token=518477874&user=-1355069478&config=1,1741,0,0
1776025907362,1759,config 1 request,200,OK,config 1 1-13,text,false,"The operation lasted too long: It took 1,759 milliseconds, but should not have lasted longer than 775 milliseconds.",231,167,14,42,http://stload.se.ifmo.ru:8080/?token=518477874&user=-1355069478&config=1,1759,0,0
1776025907362,1759,config 1 request,200,OK,config 1 1-8,text,false,"The operation lasted too long: It took 1,759 milliseconds, but should not have lasted longer than 775 milliseconds.",231,167,14,42,http://stload.se.ifmo.ru:8080/?token=518477874&user=-1355069478&config=1,1759,0,0
1776025907362,1759,config 1 request,200,OK,config 1 1-12,text,false,"The operation lasted too long: It took 1,759 milliseconds, but should not have lasted longer than 775 milliseconds.",231,167,14,42,http://stload.se.ifmo.ru:8080/?token=518477874&user=-1355069478&config=1,1759,0,0
1776025907421,1712,config 1 request,200,OK,config 1 1-14,text,false,"The operation lasted too long: It took 1,712 milliseconds, but should not have lasted longer than 775 milliseconds.",231,167,14,42,http://stload.se.ifmo.ru:8080/?token=518477874&user=-1355069478&config=1,1712,0,0
1776025907529,1763,config 1 request,200,OK,config 1 1-1,text,false,"The operation lasted too long: It took 1,763 milliseconds, but should not have lasted longer than 775 milliseconds.",231,167,14,42,http://stload.se.ifmo.ru:8080/?token=518477874&user=-1355069478&config=1,1763,0,0
1776025907581,1949,config 1 request,200,OK,config 1 1-2,text,false,"The operation lasted too long: It took 1,949 milliseconds, but should not have lasted longer than 775 milliseconds.",231,167,14,42,http://stload.se.ifmo.ru:8080/?token=518477874&user=-1355069478&config=1,1949,0,0
1776025907666,2107,config 1 request,200,OK,config 1 1-4,text,false,"The operation lasted too long: It took 2,107 milliseconds, but should not have lasted longer than 775 milliseconds.",231,167,14,42,http://stload.se.ifmo.ru:8080/?token=518477874&user=-1355069478&config=1,2107,0,0
1776025908089,1827,config 1 request,200,OK,config 1 1-6,text,false,"The operation lasted too long: It took 1,827 milliseconds, but should not have lasted longer than 775 milliseconds.",231,167,14,42,http://stload.se.ifmo.ru:8080/?token=518477874&user=-1355069478&config=1,1827,0,0
1776025908224,1886,config 1 request,200,OK,config 1 1-3,text,false,"The operation lasted too long: It took 1,886 milliseconds, but should not have lasted longer than 775 milliseconds.",231,167,14,42,http://stload.se.ifmo.ru:8080/?token=518477874&user=-1355069478&config=1,1886,0,0
1776025908316,1890,config 1 request,200,OK,config 1 1-9,text,false,"The operation lasted too long: It took 1,890 milliseconds, but should not have lasted longer than 775 milliseconds.",231,167,14,42,http://stload.se.ifmo.ru:8080/?token=518477874&user=-1355069478&config=1,1890,0,0
1776025908650,1884,config 1 request,200,OK,config 1 1-5,text,false,"The operation lasted too long: It took 1,884 milliseconds, but should not have lasted longer than 775 milliseconds.",231,167,14,42,http://stload.se.ifmo.ru:8080/?token=518477874&user=-1355069478&config=1,1884,0,0
1776025908746,1900,config 1 request,200,OK,config 1 1-7,text,false,"The operation lasted too long: It took 1,900 milliseconds, but should not have lasted longer than 775 milliseconds.",231,167,14,42,http://stload.se.ifmo.ru:8080/?token=518477874&user=-1355069478&config=1,1900,0,192
1776025908938,2005,config 1 request,200,OK,config 1 1-10,text,false,"The operation lasted too long: It took 2,005 milliseconds, but should not have lasted longer than 775 milliseconds.",231,167,14,42,http://stload.se.ifmo.ru:8080/?token=518477874&user=-1355069478&config=1,2005,0,0
1776025909034,1909,config 1 request,200,OK,config 1 1-11,text,false,"The operation lasted too long: It took 1,909 milliseconds, but should not have lasted longer than 775 milliseconds.",231,167,14,42,http://stload.se.ifmo.ru:8080/?token=518477874&user=-1355069478&config=1,1909,0,0
1776025909121,1923,config 1 request,200,OK,config 1 1-12,text,false,"The operation lasted too long: It took 1,923 milliseconds, but should not have lasted longer than 775 milliseconds.",231,167,14,42,http://stload.se.ifmo.ru:8080/?token=518477874&user=-1355069478&config=1,1923,0,0
1776025909121,1963,config 1 request,200,OK,config 1 1-13,text,false,"The operation lasted too long: It took 1,963 milliseconds, but should not have lasted longer than 775 milliseconds.",231,167,14,42,http://stload.se.ifmo.ru:8080/?token=518477874&user=-1355069478&config=1,1963,0,0
1776025909121,2015,config 1 request,200,OK,config 1 1-8,text,false,"The operation lasted too long: It took 2,015 milliseconds, but should not have lasted longer than 775 milliseconds.",231,167,14,42,http://stload.se.ifmo.ru:8080/?token=518477874&user=-1355069478&config=1,2015,0,126
1776025909133,2003,config 1 request,200,OK,config 1 1-14,text,false,"The operation lasted too long: It took 2,003 milliseconds, but should not have lasted longer than 775 milliseconds.",231,167,14,42,http://stload.se.ifmo.ru:8080/?token=518477874&user=-1355069478&config=1,2003,0,0
1776025909292,1891,config 1 request,200,OK,config 1 1-1,text,false,"The operation lasted too long: It took 1,891 milliseconds, but should not have lasted longer than 775 milliseconds.",231,167,14,42,http://stload.se.ifmo.ru:8080/?token=518477874&user=-1355069478&config=1,1891,0,0
1776025909530,1991,config 1 request,200,OK,config 1 1-2,text,false,"The operation lasted too long: It took 1,991 milliseconds, but should not have lasted longer than 775 milliseconds.",231,167,14,42,http://stload.se.ifmo.ru:8080/?token=518477874&user=-1355069478&config=1,1991,0,0
1776025909773,1901,config 1 request,200,OK,config 1 1-4,text,false,"The operation lasted too long: It took 1,901 milliseconds, but should not have lasted longer than 775 milliseconds.",231,167,14,42,http://stload.se.ifmo.ru:8080/?token=518477874&user=-1355069478&config=1,1901,0,0
1776025909916,1897,config 1 request,200,OK,config 1 1-6,text,false,"The operation lasted too long: It took 1,897 milliseconds, but should not have lasted longer than 775 milliseconds.",231,167,14,42,http://stload.se.ifmo.ru:8080/?token=518477874&user=-1355069478&config=1,1897,0,0
1776025910110,1793,config 1 request,200,OK,config 1 1-3,text,false,"The operation lasted too long: It took 1,793 milliseconds, but should not have lasted longer than 775 milliseconds.",231,167,14,42,http://stload.se.ifmo.ru:8080/?token=518477874&user=-1355069478&config=1,1793,0,0
1776025910207,1742,config 1 request,200,OK,config 1 1-9,text,false,"The operation lasted too long: It took 1,742 milliseconds, but should not have lasted longer than 775 milliseconds.",231,167,14,42,http://stload.se.ifmo.ru:8080/?token=518477874&user=-1355069478&config=1,1742,0,0
1776025910534,2069,config 1 request,200,OK,config 1 1-5,text,false,"The operation lasted too long: It took 2,069 milliseconds, but should not have lasted longer than 775 milliseconds.",231,167,14,42,http://stload.se.ifmo.ru:8080/?token=518477874&user=-1355069478&config=1,2069,0,0
1776025910647,2011,config 1 request,200,OK,config 1 1-7,text,false,"The operation lasted too long: It took 2,011 milliseconds, but should not have lasted longer than 775 milliseconds.",231,167,14,42,http://stload.se.ifmo.ru:8080/?token=518477874&user=-1355069478&config=1,2011,0,0
1776025910943,1807,config 1 request,200,OK,config 1 1-11,text,false,"The operation lasted too long: It took 1,807 milliseconds, but should not have lasted longer than 775 milliseconds.",231,167,14,42,http://stload.se.ifmo.ru:8080/?token=518477874&user=-1355069478&config=1,1807,0,0
1776025911044,1746,config 1 request,200,OK,config 1 1-12,text,false,"The operation lasted too long: It took 1,746 milliseconds, but should not have lasted longer than 775 milliseconds.",231,167,14,42,http://stload.se.ifmo.ru:8080/?token=518477874&user=-1355069478&config=1,1746,0,0
1776025911089,1758,config 1 request,200,OK,config 1 1-13,text,false,"The operation lasted too long: It took 1,758 milliseconds, but should not have lasted longer than 775 milliseconds.",231,167,14,42,http://stload.se.ifmo.ru:8080/?token=518477874&user=-1355069478&config=1,1758,0,0
1776025911141,1706,config 1 request,200,OK,config 1 1-14,text,false,"The operation lasted too long: It took 1,706 milliseconds, but should not have lasted longer than 775 milliseconds.",231,167,14,42,http://stload.se.ifmo.ru:8080/?token=518477874&user=-1355069478&config=1,1706,0,0
1776025911141,1706,config 1 request,200,OK,config 1 1-8,text,false,"The operation lasted too long: It took 1,706 milliseconds, but should not have lasted longer than 775 milliseconds.",231,167,14,42,http://stload.se.ifmo.ru:8080/?token=518477874&user=-1355069478&config=1,1706,0,0
1776025910943,1994,config 1 request,200,OK,config 1 1-10,text,false,"The operation lasted too long: It took 1,994 milliseconds, but should not have lasted longer than 775 milliseconds.",231,167,14,42,http://stload.se.ifmo.ru:8080/?token=518477874&user=-1355069478&config=1,1994,0,198
1776025911187,1832,config 1 request,200,OK,config 1 1-1,text,false,"The operation lasted too long: It took 1,832 milliseconds, but should not have lasted longer than 775 milliseconds.",231,167,14,42,http://stload.se.ifmo.ru:8080/?token=518477874&user=-1355069478&config=1,1832,0,0
1776025911525,1961,config 1 request,200,OK,config 1 1-2,text,false,"The operation lasted too long: It took 1,961 milliseconds, but should not have lasted longer than 775 milliseconds.",231,167,14,42,http://stload.se.ifmo.ru:8080/?token=518477874&user=-1355069478&config=1,1961,0,0
1776025911679,1807,config 1 request,200,OK,config 1 1-4,text,false,"The operation lasted too long: It took 1,807 milliseconds, but should not have lasted longer than 775 milliseconds.",231,167,14,42,http://stload.se.ifmo.ru:8080/?token=518477874&user=-1355069478&config=1,1807,0,0
1776025911817,1763,config 1 request,200,OK,config 1 1-6,text,false,"The operation lasted too long: It took 1,763 milliseconds, but should not have lasted longer than 775 milliseconds.",231,167,14,42,http://stload.se.ifmo.ru:8080/?token=518477874&user=-1355069478&config=1,1763,0,0
1776025911907,1781,config 1 request,200,OK,config 1 1-3,text,false,"The operation lasted too long: It took 1,781 milliseconds, but should not have lasted longer than 775 milliseconds.",231,167,14,42,http://stload.se.ifmo.ru:8080/?token=518477874&user=-1355069478&config=1,1781,0,0
1776025911953,2241,config 1 request,200,OK,config 1 1-9,text,false,"The operation lasted too long: It took 2,241 milliseconds, but should not have lasted longer than 775 milliseconds.",231,167,14,42,http://stload.se.ifmo.ru:8080/?token=518477874&user=-1355069478&config=1,2241,0,149
1776025912608,1734,config 1 request,200,OK,config 1 1-5,text,false,"The operation lasted too long: It took 1,734 milliseconds, but should not have lasted longer than 775 milliseconds.",231,167,14,42,http://stload.se.ifmo.ru:8080/?token=518477874&user=-1355069478&config=1,1734,0,0
1776025912794,1735,config 1 request,200,OK,config 1 1-12,text,false,"The operation lasted too long: It took 1,735 milliseconds, but should not have lasted longer than 775 milliseconds.",231,167,14,42,http://stload.se.ifmo.ru:8080/?token=518477874&user=-1355069478&config=1,1735,0,0
1776025912662,1867,config 1 request,200,OK,config 1 1-7,text,false,"The operation lasted too long: It took 1,867 milliseconds, but should not have lasted longer than 775 milliseconds.",231,167,14,42,http://stload.se.ifmo.ru:8080/?token=518477874&user=-1355069478&config=1,1867,0,0
1776025912848,1783,config 1 request,200,OK,config 1 1-8,text,false,"The operation lasted too long: It took 1,783 milliseconds, but should not have lasted longer than 775 milliseconds.",231,167,14,42,http://stload.se.ifmo.ru:8080/?token=518477874&user=-1355069478&config=1,1783,0,0
1776025912848,1783,config 1 request,200,OK,config 1 1-13,text,false,"The operation lasted too long: It took 1,783 milliseconds, but should not have lasted longer than 775 milliseconds.",231,167,14,42,http://stload.se.ifmo.ru:8080/?token=518477874&user=-1355069478&config=1,1783,0,0
1776025912848,1783,config 1 request,200,OK,config 1 1-14,text,false,"The operation lasted too long: It took 1,783 milliseconds, but should not have lasted longer than 775 milliseconds.",231,167,14,42,http://stload.se.ifmo.ru:8080/?token=518477874&user=-1355069478&config=1,1783,0,0
1776025912754,2069,config 1 request,200,OK,config 1 1-11,text,false,"The operation lasted too long: It took 2,069 milliseconds, but should not have lasted longer than 775 milliseconds.",231,167,14,42,http://stload.se.ifmo.ru:8080/?token=518477874&user=-1355069478&config=1,2069,0,172
1776025912942,1934,config 1 request,200,OK,config 1 1-10,text,false,"The operation lasted too long: It took 1,934 milliseconds, but should not have lasted longer than 775 milliseconds.",231,167,14,42,http://stload.se.ifmo.ru:8080/?token=518477874&user=-1355069478&config=1,1934,0,0
1776025913019,1901,config 1 request,200,OK,config 1 1-1,text,false,"The operation lasted too long: It took 1,901 milliseconds, but should not have lasted longer than 775 milliseconds.",231,167,14,42,http://stload.se.ifmo.ru:8080/?token=518477874&user=-1355069478&config=1,1901,0,0
1776025913487,1774,config 1 request,200,OK,config 1 1-2,text,false,"The operation lasted too long: It took 1,774 milliseconds, but should not have lasted longer than 775 milliseconds.",231,167,14,42,http://stload.se.ifmo.ru:8080/?token=518477874&user=-1355069478&config=1,1774,0,0
1776025913487,1820,config 1 request,200,OK,config 1 1-4,text,false,"The operation lasted too long: It took 1,820 milliseconds, but should not have lasted longer than 775 milliseconds.",231,167,14,42,http://stload.se.ifmo.ru:8080/?token=518477874&user=-1355069478&config=1,1820,0,0
1776025913580,1944,config 1 request,200,OK,config 1 1-6,text,false,"The operation lasted too long: It took 1,944 milliseconds, but should not have lasted longer than 775 milliseconds.",231,167,14,42,http://stload.se.ifmo.ru:8080/?token=518477874&user=-1355069478&config=1,1944,0,0
1776025913689,1937,config 1 request,200,OK,config 1 1-3,text,false,"The operation lasted too long: It took 1,937 milliseconds, but should not have lasted longer than 775 milliseconds.",231,167,14,42,http://stload.se.ifmo.ru:8080/?token=518477874&user=-1355069478&config=1,1937,0,0
1776025914194,1980,config 1 request,200,OK,config 1 1-9,text,false,"The operation lasted too long: It took 1,980 milliseconds, but should not have lasted longer than 775 milliseconds.",231,167,14,42,http://stload.se.ifmo.ru:8080/?token=518477874&user=-1355069478&config=1,1980,0,0
1776025914342,1910,config 1 request,200,OK,config 1 1-5,text,false,"The operation lasted too long: It took 1,910 milliseconds, but should not have lasted longer than 775 milliseconds.",231,167,14,42,http://stload.se.ifmo.ru:8080/?token=518477874&user=-1355069478&config=1,1910,0,0
1776025914529,1828,config 1 request,200,OK,config 1 1-7,text,false,"The operation lasted too long: It took 1,828 milliseconds, but should not have lasted longer than 775 milliseconds.",231,167,14,42,http://stload.se.ifmo.ru:8080/?token=518477874&user=-1355069478&config=1,1828,0,0
1776025914631,1801,config 1 request,200,OK,config 1 1-14,text,false,"The operation lasted too long: It took 1,801 milliseconds, but should not have lasted longer than 775 milliseconds.",231,167,14,42,http://stload.se.ifmo.ru:8080/?token=518477874&user=-1355069478&config=1,1801,0,0
1776025914631,1801,config 1 request,200,OK,config 1 1-8,text,false,"The operation lasted too long: It took 1,801 milliseconds, but should not have lasted longer than 775 milliseconds.",231,167,14,42,http://stload.se.ifmo.ru:8080/?token=518477874&user=-1355069478&config=1,1801,0,0
1776025914529,1905,config 1 request,200,OK,config 1 1-12,text,false,"The operation lasted too long: It took 1,905 milliseconds, but should not have lasted longer than 775 milliseconds.",231,167,14,42,http://stload.se.ifmo.ru:8080/?token=518477874&user=-1355069478&config=1,1905,0,147
1776025914631,1847,config 1 request,200,OK,config 1 1-13,text,false,"The operation lasted too long: It took 1,847 milliseconds, but should not have lasted longer than 775 milliseconds.",231,167,14,42,http://stload.se.ifmo.ru:8080/?token=518477874&user=-1355069478&config=1,1847,0,115
1776025914823,1769,config 1 request,200,OK,config 1 1-11,text,false,"The operation lasted too long: It took 1,769 milliseconds, but should not have lasted longer than 775 milliseconds.",231,167,14,42,http://stload.se.ifmo.ru:8080/?token=518477874&user=-1355069478&config=1,1769,0,0
1776025914877,1760,config 1 request,200,OK,config 1 1-10,text,false,"The operation lasted too long: It took 1,760 milliseconds, but should not have lasted longer than 775 milliseconds.",231,167,14,42,http://stload.se.ifmo.ru:8080/?token=518477874&user=-1355069478&config=1,1760,0,0
1776025914920,1810,config 1 request,200,OK,config 1 1-1,text,false,"The operation lasted too long: It took 1,810 milliseconds, but should not have lasted longer than 775 milliseconds.",231,167,14,42,http://stload.se.ifmo.ru:8080/?token=518477874&user=-1355069478&config=1,1810,0,0
1776025915261,1894,config 1 request,200,OK,config 1 1-2,text,false,"The operation lasted too long: It took 1,894 milliseconds, but should not have lasted longer than 775 milliseconds.",231,167,14,42,http://stload.se.ifmo.ru:8080/?token=518477874&user=-1355069478&config=1,1894,0,0
1776025915308,1996,config 1 request,200,OK,config 1 1-4,text,false,"The operation lasted too long: It took 1,996 milliseconds, but should not have lasted longer than 775 milliseconds.",231,167,14,42,http://stload.se.ifmo.ru:8080/?token=518477874&user=-1355069478&config=1,1996,0,0
1776025915524,1819,config 1 request,200,OK,config 1 1-6,text,false,"The operation lasted too long: It took 1,819 milliseconds, but should not have lasted longer than 775 milliseconds.",231,167,14,42,http://stload.se.ifmo.ru:8080/?token=518477874&user=-1355069478&config=1,1819,0,0
1776025915626,1891,config 1 request,200,OK,config 1 1-3,text,false,"The operation lasted too long: It took 1,891 milliseconds, but should not have lasted longer than 775 milliseconds.",231,167,14,42,http://stload.se.ifmo.ru:8080/?token=518477874&user=-1355069478&config=1,1891,0,0
1776025916255,1759,config 1 request,200,OK,config 1 1-5,text,false,"The operation lasted too long: It took 1,759 milliseconds, but should not have lasted longer than 775 milliseconds.",231,167,14,42,http://stload.se.ifmo.ru:8080/?token=518477874&user=-1355069478&config=1,1759,0,0
1776025916176,1838,config 1 request,200,OK,config 1 1-9,text,false,"The operation lasted too long: It took 1,838 milliseconds, but should not have lasted longer than 775 milliseconds.",231,167,14,42,http://stload.se.ifmo.ru:8080/?token=518477874&user=-1355069478&config=1,1838,0,0
1776025916359,1751,config 1 request,200,OK,config 1 1-7,text,false,"The operation lasted too long: It took 1,751 milliseconds, but should not have lasted longer than 775 milliseconds.",231,167,14,42,http://stload.se.ifmo.ru:8080/?token=518477874&user=-1355069478&config=1,1751,0,0
1776025916436,1721,config 1 request,200,OK,config 1 1-12,text,false,"The operation lasted too long: It took 1,721 milliseconds, but should not have lasted longer than 775 milliseconds.",231,167,14,42,http://stload.se.ifmo.ru:8080/?token=518477874&user=-1355069478&config=1,1721,0,0
1776025916434,1723,config 1 request,200,OK,config 1 1-8,text,false,"The operation lasted too long: It took 1,723 milliseconds, but should not have lasted longer than 775 milliseconds.",231,167,14,42,http://stload.se.ifmo.ru:8080/?token=518477874&user=-1355069478&config=1,1723,0,0
1776025916480,1727,config 1 request,200,OK,config 1 1-13,text,false,"The operation lasted too long: It took 1,727 milliseconds, but should not have lasted longer than 775 milliseconds.",231,167,14,42,http://stload.se.ifmo.ru:8080/?token=518477874&user=-1355069478&config=1,1727,0,0
1776025916594,1896,config 1 request,200,OK,config 1 1-11,text,false,"The operation lasted too long: It took 1,896 milliseconds, but should not have lasted longer than 775 milliseconds.",231,167,14,42,http://stload.se.ifmo.ru:8080/?token=518477874&user=-1355069478&config=1,1895,0,0
1776025916733,2022,config 1 request,200,OK,config 1 1-1,text,false,"The operation lasted too long: It took 2,022 milliseconds, but should not have lasted longer than 775 milliseconds.",231,167,14,42,http://stload.se.ifmo.ru:8080/?token=518477874&user=-1355069478&config=1,2022,0,0
1776025916434,2321,config 1 request,200,OK,config 1 1-14,text,false,"The operation lasted too long: It took 2,321 milliseconds, but should not have lasted longer than 775 milliseconds.",231,167,14,42,http://stload.se.ifmo.ru:8080/?token=518477874&user=-1355069478&config=1,2321,0,160
1776025916639,2117,config 1 request,200,OK,config 1 1-10,text,false,"The operation lasted too long: It took 2,117 milliseconds, but should not have lasted longer than 775 milliseconds.",231,167,14,42,http://stload.se.ifmo.ru:8080/?token=518477874&user=-1355069478&config=1,2117,0,0
1776025917157,2001,config 1 request,200,OK,config 1 1-2,text,false,"The operation lasted too long: It took 2,001 milliseconds, but should not have lasted longer than 775 milliseconds.",231,167,14,42,http://stload.se.ifmo.ru:8080/?token=518477874&user=-1355069478&config=1,2001,0,0
1776025917306,1987,config 1 request,200,OK,config 1 1-4,text,false,"The operation lasted too long: It took 1,987 milliseconds, but should not have lasted longer than 775 milliseconds.",231,167,14,42,http://stload.se.ifmo.ru:8080/?token=518477874&user=-1355069478&config=1,1987,0,0
1776025917346,1960,config 1 request,200,OK,config 1 1-6,text,false,"The operation lasted too long: It took 1,960 milliseconds, but should not have lasted longer than 775 milliseconds.",231,167,14,42,http://stload.se.ifmo.ru:8080/?token=518477874&user=-1355069478&config=1,1960,0,0
1776025917519,1866,config 1 request,200,OK,config 1 1-3,text,false,"The operation lasted too long: It took 1,866 milliseconds, but should not have lasted longer than 775 milliseconds.",231,167,14,42,http://stload.se.ifmo.ru:8080/?token=518477874&user=-1355069478&config=1,1866,0,0
1776025918014,1807,config 1 request,200,OK,config 1 1-5,text,false,"The operation lasted too long: It took 1,807 milliseconds, but should not have lasted longer than 775 milliseconds.",231,167,14,42,http://stload.se.ifmo.ru:8080/?token=518477874&user=-1355069478&config=1,1807,0,0
1776025918014,2048,config 1 request,200,OK,config 1 1-9,text,false,"The operation lasted too long: It took 2,048 milliseconds, but should not have lasted longer than 775 milliseconds.",231,167,14,42,http://stload.se.ifmo.ru:8080/?token=518477874&user=-1355069478&config=1,2048,0,0
1776025918111,1951,config 1 request,200,OK,config 1 1-7,text,false,"The operation lasted too long: It took 1,951 milliseconds, but should not have lasted longer than 775 milliseconds.",231,167,14,42,http://stload.se.ifmo.ru:8080/?token=518477874&user=-1355069478&config=1,1951,0,0
1776025918157,1945,config 1 request,200,OK,config 1 1-8,text,false,"The operation lasted too long: It took 1,945 milliseconds, but should not have lasted longer than 775 milliseconds.",231,167,14,42,http://stload.se.ifmo.ru:8080/?token=518477874&user=-1355069478&config=1,1945,0,0
1776025918208,1991,config 1 request,200,OK,config 1 1-13,text,false,"The operation lasted too long: It took 1,991 milliseconds, but should not have lasted longer than 775 milliseconds.",231,167,14,42,http://stload.se.ifmo.ru:8080/?token=518477874&user=-1355069478&config=1,1991,0,0
1776025918157,2042,config 1 request,200,OK,config 1 1-12,text,false,"The operation lasted too long: It took 2,042 milliseconds, but should not have lasted longer than 775 milliseconds.",231,167,14,42,http://stload.se.ifmo.ru:8080/?token=518477874&user=-1355069478&config=1,2042,0,0
1776025918490,1847,config 1 request,200,OK,config 1 1-11,text,false,"The operation lasted too long: It took 1,847 milliseconds, but should not have lasted longer than 775 milliseconds.",231,167,14,42,http://stload.se.ifmo.ru:8080/?token=518477874&user=-1355069478&config=1,1847,0,0
1776025918756,1775,config 1 request,200,OK,config 1 1-1,text,false,"The operation lasted too long: It took 1,775 milliseconds, but should not have lasted longer than 775 milliseconds.",231,167,14,42,http://stload.se.ifmo.ru:8080/?token=518477874&user=-1355069478&config=1,1775,0,0
1776025918756,2016,config 1 request,200,OK,config 1 1-14,text,false,"The operation lasted too long: It took 2,016 milliseconds, but should not have lasted longer than 775 milliseconds.",231,167,14,42,http://stload.se.ifmo.ru:8080/?token=518477874&user=-1355069478&config=1,2016,0,0
1776025918756,2016,config 1 request,200,OK,config 1 1-10,text,false,"The operation lasted too long: It took 2,016 milliseconds, but should not have lasted longer than 775 milliseconds.",231,167,14,42,http://stload.se.ifmo.ru:8080/?token=518477874&user=-1355069478&config=1,2016,0,0
1776025919158,1752,config 1 request,200,OK,config 1 1-2,text,false,"The operation lasted too long: It took 1,752 milliseconds, but should not have lasted longer than 775 milliseconds.",231,167,14,42,http://stload.se.ifmo.ru:8080/?token=518477874&user=-1355069478&config=1,1752,0,0
1776025919293,1714,config 1 request,200,OK,config 1 1-4,text,false,"The operation lasted too long: It took 1,714 milliseconds, but should not have lasted longer than 775 milliseconds.",231,167,14,42,http://stload.se.ifmo.ru:8080/?token=518477874&user=-1355069478&config=1,1714,0,0
1776025919307,1761,config 1 request,200,OK,config 1 1-6,text,false,"The operation lasted too long: It took 1,761 milliseconds, but should not have lasted longer than 775 milliseconds.",231,167,14,42,http://stload.se.ifmo.ru:8080/?token=518477874&user=-1355069478&config=1,1761,0,0
1776025919385,2128,config 1 request,200,OK,config 1 1-3,text,false,"The operation lasted too long: It took 2,128 milliseconds, but should not have lasted longer than 775 milliseconds.",231,167,14,42,http://stload.se.ifmo.ru:8080/?token=518477874&user=-1355069478&config=1,2128,0,0
1776025919821,1883,config 1 request,200,OK,config 1 1-5,text,false,"The operation lasted too long: It took 1,883 milliseconds, but should not have lasted longer than 775 milliseconds.",231,167,14,42,http://stload.se.ifmo.ru:8080/?token=518477874&user=-1355069478&config=1,1883,0,0
1776025920063,1866,config 1 request,200,OK,config 1 1-7,text,false,"The operation lasted too long: It took 1,866 milliseconds, but should not have lasted longer than 775 milliseconds.",231,167,14,42,http://stload.se.ifmo.ru:8080/?token=518477874&user=-1355069478&config=1,1866,0,0
1776025920066,1863,config 1 request,200,OK,config 1 1-9,text,false,"The operation lasted too long: It took 1,863 milliseconds, but should not have lasted longer than 775 milliseconds.",231,167,14,42,http://stload.se.ifmo.ru:8080/?token=518477874&user=-1355069478&config=1,1863,0,0
1776025920103,1869,config 1 request,200,OK,config 1 1-8,text,false,"The operation lasted too long: It took 1,869 milliseconds, but should not have lasted longer than 775 milliseconds.",231,167,14,42,http://stload.se.ifmo.ru:8080/?token=518477874&user=-1355069478&config=1,1869,0,0
1776025920199,1774,config 1 request,200,OK,config 1 1-13,text,false,"The operation lasted too long: It took 1,774 milliseconds, but should not have lasted longer than 775 milliseconds.",231,167,14,42,http://stload.se.ifmo.ru:8080/?token=518477874&user=-1355069478&config=1,1774,0,0
1776025920199,1774,config 1 request,200,OK,config 1 1-12,text,false,"The operation lasted too long: It took 1,774 milliseconds, but should not have lasted longer than 775 milliseconds.",231,167,14,42,http://stload.se.ifmo.ru:8080/?token=518477874&user=-1355069478&config=1,1774,0,0
1776025920337,1988,config 1 request,200,OK,config 1 1-11,text,false,"The operation lasted too long: It took 1,988 milliseconds, but should not have lasted longer than 775 milliseconds.",231,167,14,42,http://stload.se.ifmo.ru:8080/?token=518477874&user=-1355069478&config=1,1988,0,0
1776025920532,1968,config 1 request,200,OK,config 1 1-1,text,false,"The operation lasted too long: It took 1,968 milliseconds, but should not have lasted longer than 775 milliseconds.",231,167,14,42,http://stload.se.ifmo.ru:8080/?token=518477874&user=-1355069478&config=1,1968,0,0
1776025920773,1807,config 1 request,200,OK,config 1 1-10,text,false,"The operation lasted too long: It took 1,807 milliseconds, but should not have lasted longer than 775 milliseconds.",231,167,14,42,http://stload.se.ifmo.ru:8080/?token=518477874&user=-1355069478&config=1,1807,0,0
1776025920773,1808,config 1 request,200,OK,config 1 1-14,text,false,"The operation lasted too long: It took 1,808 milliseconds, but should not have lasted longer than 775 milliseconds.",231,167,14,42,http://stload.se.ifmo.ru:8080/?token=518477874&user=-1355069478&config=1,1808,0,0
1776025920910,1822,config 1 request,200,OK,config 1 1-2,text,false,"The operation lasted too long: It took 1,822 milliseconds, but should not have lasted longer than 775 milliseconds.",231,167,14,42,http://stload.se.ifmo.ru:8080/?token=518477874&user=-1355069478&config=1,1822,0,0
1776025921008,1856,config 1 request,200,OK,config 1 1-4,text,false,"The operation lasted too long: It took 1,856 milliseconds, but should not have lasted longer than 775 milliseconds.",231,167,14,42,http://stload.se.ifmo.ru:8080/?token=518477874&user=-1355069478&config=1,1856,0,0
1776025921068,2020,config 1 request,200,OK,config 1 1-6,text,false,"The operation lasted too long: It took 2,020 milliseconds, but should not have lasted longer than 775 milliseconds.",231,167,14,42,http://stload.se.ifmo.ru:8080/?token=518477874&user=-1355069478&config=1,2020,0,0
1776025921515,2046,config 1 request,200,OK,config 1 1-3,text,false,"The operation lasted too long: It took 2,046 milliseconds, but should not have lasted longer than 775 milliseconds.",231,167,14,42,http://stload.se.ifmo.ru:8080/?token=518477874&user=-1355069478&config=1,2046,0,0
1776025921706,1855,config 1 request,200,OK,config 1 1-5,text,false,"The operation lasted too long: It took 1,855 milliseconds, but should not have lasted longer than 775 milliseconds.",231,167,14,42,http://stload.se.ifmo.ru:8080/?token=518477874&user=-1355069478&config=1,1855,0,0
1776025921932,1857,config 1 request,200,OK,config 1 1-9,text,false,"The operation lasted too long: It took 1,857 milliseconds, but should not have lasted longer than 775 milliseconds.",231,167,14,42,http://stload.se.ifmo.ru:8080/?token=518477874&user=-1355069478&config=1,1857,0,0
1776025921932,1857,config 1 request,200,OK,config 1 1-7,text,false,"The operation lasted too long: It took 1,857 milliseconds, but should not have lasted longer than 775 milliseconds.",231,167,14,42,http://stload.se.ifmo.ru:8080/?token=518477874&user=-1355069478&config=1,1857,0,0
1776025921974,1858,config 1 request,200,OK,config 1 1-8,text,false,"The operation lasted too long: It took 1,858 milliseconds, but should not have lasted longer than 775 milliseconds.",231,167,14,42,http://stload.se.ifmo.ru:8080/?token=518477874&user=-1355069478&config=1,1858,0,0
1776025921975,1903,config 1 request,200,OK,config 1 1-12,text,false,"The operation lasted too long: It took 1,903 milliseconds, but should not have lasted longer than 775 milliseconds.",231,167,14,42,http://stload.se.ifmo.ru:8080/?token=518477874&user=-1355069478&config=1,1903,0,0
1776025921975,1954,config 1 request,200,OK,config 1 1-13,text,false,"The operation lasted too long: It took 1,954 milliseconds, but should not have lasted longer than 775 milliseconds.",231,167,14,42,http://stload.se.ifmo.ru:8080/?token=518477874&user=-1355069478&config=1,1954,0,0
1776025922327,1804,config 1 request,200,OK,config 1 1-11,text,false,"The operation lasted too long: It took 1,804 milliseconds, but should not have lasted longer than 775 milliseconds.",231,167,14,42,http://stload.se.ifmo.ru:8080/?token=518477874&user=-1355069478&config=1,1804,0,0
1776025922502,1761,config 1 request,200,OK,config 1 1-1,text,false,"The operation lasted too long: It took 1,761 milliseconds, but should not have lasted longer than 775 milliseconds.",231,167,14,42,http://stload.se.ifmo.ru:8080/?token=518477874&user=-1355069478&config=1,1761,0,0
1776025922583,1977,config 1 request,200,OK,config 1 1-10,text,false,"The operation lasted too long: It took 1,977 milliseconds, but should not have lasted longer than 775 milliseconds.",231,167,14,42,http://stload.se.ifmo.ru:8080/?token=518477874&user=-1355069478&config=1,1977,0,0
1776025922583,1977,config 1 request,200,OK,config 1 1-14,text,false,"The operation lasted too long: It took 1,977 milliseconds, but should not have lasted longer than 775 milliseconds.",231,167,14,42,http://stload.se.ifmo.ru:8080/?token=518477874&user=-1355069478&config=1,1977,0,0
1776025922735,1924,config 1 request,200,OK,config 1 1-2,text,false,"The operation lasted too long: It took 1,924 milliseconds, but should not have lasted longer than 775 milliseconds.",231,167,14,42,http://stload.se.ifmo.ru:8080/?token=518477874&user=-1355069478&config=1,1924,0,0
1776025922866,1845,config 1 request,200,OK,config 1 1-4,text,false,"The operation lasted too long: It took 1,845 milliseconds, but should not have lasted longer than 775 milliseconds.",231,167,14,42,http://stload.se.ifmo.ru:8080/?token=518477874&user=-1355069478&config=1,1845,0,0
1776025923091,2007,config 1 request,200,OK,config 1 1-6,text,false,"The operation lasted too long: It took 2,007 milliseconds, but should not have lasted longer than 775 milliseconds.",231,167,14,42,http://stload.se.ifmo.ru:8080/?token=518477874&user=-1355069478&config=1,2007,0,0
1776025923561,1873,config 1 request,200,OK,config 1 1-5,text,false,"The operation lasted too long: It took 1,873 milliseconds, but should not have lasted longer than 775 milliseconds.",231,167,14,42,http://stload.se.ifmo.ru:8080/?token=518477874&user=-1355069478&config=1,1873,0,0
1776025923561,1873,config 1 request,200,OK,config 1 1-3,text,false,"The operation lasted too long: It took 1,873 milliseconds, but should not have lasted longer than 775 milliseconds.",231,167,14,42,http://stload.se.ifmo.ru:8080/?token=518477874&user=-1355069478&config=1,1873,0,0
1776025923790,1736,config 1 request,200,OK,config 1 1-7,text,false,"The operation lasted too long: It took 1,736 milliseconds, but should not have lasted longer than 775 milliseconds.",231,167,14,42,http://stload.se.ifmo.ru:8080/?token=518477874&user=-1355069478&config=1,1736,0,0
1776025923790,1736,config 1 request,200,OK,config 1 1-9,text,false,"The operation lasted too long: It took 1,736 milliseconds, but should not have lasted longer than 775 milliseconds.",231,167,14,42,http://stload.se.ifmo.ru:8080/?token=518477874&user=-1355069478&config=1,1736,0,0
1776025923833,1748,config 1 request,200,OK,config 1 1-8,text,false,"The operation lasted too long: It took 1,748 milliseconds, but should not have lasted longer than 775 milliseconds.",231,167,14,42,http://stload.se.ifmo.ru:8080/?token=518477874&user=-1355069478&config=1,1748,0,0
1776025923879,1795,config 1 request,200,OK,config 1 1-12,text,false,"The operation lasted too long: It took 1,795 milliseconds, but should not have lasted longer than 775 milliseconds.",231,167,14,42,http://stload.se.ifmo.ru:8080/?token=518477874&user=-1355069478&config=1,1795,0,0
1776025923929,2012,config 1 request,200,OK,config 1 1-13,text,false,"The operation lasted too long: It took 2,012 milliseconds, but should not have lasted longer than 775 milliseconds.",231,167,14,42,http://stload.se.ifmo.ru:8080/?token=518477874&user=-1355069478&config=1,2012,0,0
1776025924131,2039,config 1 request,200,OK,config 1 1-11,text,false,"The operation lasted too long: It took 2,039 milliseconds, but should not have lasted longer than 775 milliseconds.",231,167,14,42,http://stload.se.ifmo.ru:8080/?token=518477874&user=-1355069478&config=1,2039,0,0
1776025924263,2060,config 1 request,200,OK,config 1 1-1,text,false,"The operation lasted too long: It took 2,060 milliseconds, but should not have lasted longer than 775 milliseconds.",231,167,14,42,http://stload.se.ifmo.ru:8080/?token=518477874&user=-1355069478&config=1,2060,0,0
1776025924561,1800,config 1 request,200,OK,config 1 1-10,text,false,"The operation lasted too long: It took 1,800 milliseconds, but should not have lasted longer than 775 milliseconds.",231,167,14,42,http://stload.se.ifmo.ru:8080/?token=518477874&user=-1355069478&config=1,1800,0,0
1776025924561,1800,config 1 request,200,OK,config 1 1-14,text,false,"The operation lasted too long: It took 1,800 milliseconds, but should not have lasted longer than 775 milliseconds.",231,167,14,42,http://stload.se.ifmo.ru:8080/?token=518477874&user=-1355069478&config=1,1800,0,0
1776025924659,1968,config 1 request,200,OK,config 1 1-2,text,false,"The operation lasted too long: It took 1,968 milliseconds, but should not have lasted longer than 775 milliseconds.",231,167,14,42,http://stload.se.ifmo.ru:8080/?token=518477874&user=-1355069478&config=1,1968,0,0
1776025924712,1988,config 1 request,200,OK,config 1 1-4,text,false,"The operation lasted too long: It took 1,988 milliseconds, but should not have lasted longer than 775 milliseconds.",231,167,14,42,http://stload.se.ifmo.ru:8080/?token=518477874&user=-1355069478&config=1,1988,0,0
1776025925098,1812,config 1 request,200,OK,config 1 1-6,text,false,"The operation lasted too long: It took 1,812 milliseconds, but should not have lasted longer than 775 milliseconds.",231,167,14,42,http://stload.se.ifmo.ru:8080/?token=518477874&user=-1355069478&config=1,1812,0,0
1776025925434,1732,config 1 request,200,OK,config 1 1-5,text,false,"The operation lasted too long: It took 1,732 milliseconds, but should not have lasted longer than 775 milliseconds.",231,167,14,42,http://stload.se.ifmo.ru:8080/?token=518477874&user=-1355069478&config=1,1732,0,0
1776025925434,1733,config 1 request,200,OK,config 1 1-3,text,false,"The operation lasted too long: It took 1,733 milliseconds, but should not have lasted longer than 775 milliseconds.",231,167,14,42,http://stload.se.ifmo.ru:8080/?token=518477874&user=-1355069478&config=1,1733,0,0
1776025925526,1757,config 1 request,200,OK,config 1 1-7,text,false,"The operation lasted too long: It took 1,757 milliseconds, but should not have lasted longer than 775 milliseconds.",231,167,14,42,http://stload.se.ifmo.ru:8080/?token=518477874&user=-1355069478&config=1,1757,0,0
1776025925526,1758,config 1 request,200,OK,config 1 1-9,text,false,"The operation lasted too long: It took 1,758 milliseconds, but should not have lasted longer than 775 milliseconds.",231,167,14,42,http://stload.se.ifmo.ru:8080/?token=518477874&user=-1355069478&config=1,1758,0,0
1776025925581,2072,config 1 request,200,OK,config 1 1-8,text,false,"The operation lasted too long: It took 2,072 milliseconds, but should not have lasted longer than 775 milliseconds.",231,167,14,42,http://stload.se.ifmo.ru:8080/?token=518477874&user=-1355069478&config=1,2072,0,0
1776025925674,2109,config 1 request,200,OK,config 1 1-12,text,false,"The operation lasted too long: It took 2,109 milliseconds, but should not have lasted longer than 775 milliseconds.",231,167,14,42,http://stload.se.ifmo.ru:8080/?token=518477874&user=-1355069478&config=1,2109,0,0
1776025925941,1937,config 1 request,200,OK,config 1 1-13,text,false,"The operation lasted too long: It took 1,937 milliseconds, but should not have lasted longer than 775 milliseconds.",231,167,14,42,http://stload.se.ifmo.ru:8080/?token=518477874&user=-1355069478&config=1,1937,0,0
1776025926172,1844,config 1 request,200,OK,config 1 1-11,text,false,"The operation lasted too long: It took 1,844 milliseconds, but should not have lasted longer than 775 milliseconds.",231,167,14,42,http://stload.se.ifmo.ru:8080/?token=518477874&user=-1355069478&config=1,1844,0,0
1776025926324,1952,config 1 request,200,OK,config 1 1-1,text,false,"The operation lasted too long: It took 1,952 milliseconds, but should not have lasted longer than 775 milliseconds.",231,167,14,42,http://stload.se.ifmo.ru:8080/?token=518477874&user=-1355069478&config=1,1952,0,0
1776025926362,1949,config 1 request,200,OK,config 1 1-10,text,false,"The operation lasted too long: It took 1,949 milliseconds, but should not have lasted longer than 775 milliseconds.",231,167,14,42,http://stload.se.ifmo.ru:8080/?token=518477874&user=-1355069478&config=1,1949,0,0
1776025926362,1949,config 1 request,200,OK,config 1 1-14,text,false,"The operation lasted too long: It took 1,949 milliseconds, but should not have lasted longer than 775 milliseconds.",231,167,14,42,http://stload.se.ifmo.ru:8080/?token=518477874&user=-1355069478&config=1,1949,0,0
1776025926629,1731,config 1 request,200,OK,config 1 1-2,text,false,"The operation lasted too long: It took 1,731 milliseconds, but should not have lasted longer than 775 milliseconds.",231,167,14,42,http://stload.se.ifmo.ru:8080/?token=518477874&user=-1355069478&config=1,1731,0,0
1776025926701,1736,config 1 request,200,OK,config 1 1-4,text,false,"The operation lasted too long: It took 1,736 milliseconds, but should not have lasted longer than 775 milliseconds.",231,167,14,42,http://stload.se.ifmo.ru:8080/?token=518477874&user=-1355069478&config=1,1736,0,0
1776025926911,2141,config 1 request,200,OK,config 1 1-6,text,false,"The operation lasted too long: It took 2,141 milliseconds, but should not have lasted longer than 775 milliseconds.",231,167,14,42,http://stload.se.ifmo.ru:8080/?token=518477874&user=-1355069478&config=1,2141,0,0
1776025927168,1919,config 1 request,200,OK,config 1 1-5,text,false,"The operation lasted too long: It took 1,919 milliseconds, but should not have lasted longer than 775 milliseconds.",231,167,14,42,http://stload.se.ifmo.ru:8080/?token=518477874&user=-1355069478&config=1,1919,0,0
1776025927169,2012,config 1 request,200,OK,config 1 1-3,text,false,"The operation lasted too long: It took 2,012 milliseconds, but should not have lasted longer than 775 milliseconds.",231,167,14,42,http://stload.se.ifmo.ru:8080/?token=518477874&user=-1355069478&config=1,2012,0,0
1776025927285,1896,config 1 request,200,OK,config 1 1-9,text,false,"The operation lasted too long: It took 1,896 milliseconds, but should not have lasted longer than 775 milliseconds.",231,167,14,42,http://stload.se.ifmo.ru:8080/?token=518477874&user=-1355069478&config=1,1896,0,0
1776025927285,1991,config 1 request,200,OK,config 1 1-7,text,false,"The operation lasted too long: It took 1,991 milliseconds, but should not have lasted longer than 775 milliseconds.",231,167,14,42,http://stload.se.ifmo.ru:8080/?token=518477874&user=-1355069478&config=1,1991,0,0
1776025927655,1714,config 1 request,200,OK,config 1 1-8,text,false,"The operation lasted too long: It took 1,714 milliseconds, but should not have lasted longer than 775 milliseconds.",231,167,14,42,http://stload.se.ifmo.ru:8080/?token=518477874&user=-1355069478&config=1,1714,0,0
1776025927784,2089,config 1 request,200,OK,config 1 1-12,text,false,"The operation lasted too long: It took 2,089 milliseconds, but should not have lasted longer than 775 milliseconds.",231,167,14,42,http://stload.se.ifmo.ru:8080/?token=518477874&user=-1355069478&config=1,2089,0,0
1776025927880,2047,config 1 request,200,OK,config 1 1-13,text,false,"The operation lasted too long: It took 2,047 milliseconds, but should not have lasted longer than 775 milliseconds.",231,167,14,42,http://stload.se.ifmo.ru:8080/?token=518477874&user=-1355069478&config=1,2047,0,0
1776025928017,1910,config 1 request,200,OK,config 1 1-11,text,false,"The operation lasted too long: It took 1,910 milliseconds, but should not have lasted longer than 775 milliseconds.",231,167,14,42,http://stload.se.ifmo.ru:8080/?token=518477874&user=-1355069478&config=1,1910,0,0
1776025928276,1729,config 1 request,200,OK,config 1 1-1,text,false,"The operation lasted too long: It took 1,729 milliseconds, but should not have lasted longer than 775 milliseconds.",231,167,14,42,http://stload.se.ifmo.ru:8080/?token=518477874&user=-1355069478&config=1,1729,0,0
1776025928311,1751,config 1 request,200,OK,config 1 1-10,text,false,"The operation lasted too long: It took 1,751 milliseconds, but should not have lasted longer than 775 milliseconds.",231,167,14,42,http://stload.se.ifmo.ru:8080/?token=518477874&user=-1355069478&config=1,1751,0,0
1776025928311,1802,config 1 request,200,OK,config 1 1-14,text,false,"The operation lasted too long: It took 1,802 milliseconds, but should not have lasted longer than 775 milliseconds.",231,167,14,42,http://stload.se.ifmo.ru:8080/?token=518477874&user=-1355069478&config=1,1802,0,0
1776025928360,1795,config 1 request,200,OK,config 1 1-2,text,false,"The operation lasted too long: It took 1,795 milliseconds, but should not have lasted longer than 775 milliseconds.",231,167,14,42,http://stload.se.ifmo.ru:8080/?token=518477874&user=-1355069478&config=1,1795,0,0
1776025928437,1809,config 1 request,200,OK,config 1 1-4,text,false,"The operation lasted too long: It took 1,809 milliseconds, but should not have lasted longer than 775 milliseconds.",231,167,14,42,http://stload.se.ifmo.ru:8080/?token=518477874&user=-1355069478&config=1,1809,0,0
1776025929052,1850,config 1 request,200,OK,config 1 1-6,text,false,"The operation lasted too long: It took 1,850 milliseconds, but should not have lasted longer than 775 milliseconds.",231,167,14,42,http://stload.se.ifmo.ru:8080/?token=518477874&user=-1355069478&config=1,1850,0,0
1776025929087,1816,config 1 request,200,OK,config 1 1-5,text,false,"The operation lasted too long: It took 1,816 milliseconds, but should not have lasted longer than 775 milliseconds.",231,167,14,42,http://stload.se.ifmo.ru:8080/?token=518477874&user=-1355069478&config=1,1816,0,0
1776025929181,1783,config 1 request,200,OK,config 1 1-3,text,false,"The operation lasted too long: It took 1,783 milliseconds, but should not have lasted longer than 775 milliseconds.",231,167,14,42,http://stload.se.ifmo.ru:8080/?token=518477874&user=-1355069478&config=1,1783,0,0
1776025929181,1783,config 1 request,200,OK,config 1 1-9,text,false,"The operation lasted too long: It took 1,783 milliseconds, but should not have lasted longer than 775 milliseconds.",231,167,14,42,http://stload.se.ifmo.ru:8080/?token=518477874&user=-1355069478&config=1,1783,0,0
1776025929276,1964,config 1 request,200,OK,config 1 1-7,text,false,"The operation lasted too long: It took 1,964 milliseconds, but should not have lasted longer than 775 milliseconds.",231,167,14,42,http://stload.se.ifmo.ru:8080/?token=518477874&user=-1355069478&config=1,1964,0,0
1776025929369,2004,config 1 request,200,OK,config 1 1-8,text,false,"The operation lasted too long: It took 2,004 milliseconds, but should not have lasted longer than 775 milliseconds.",231,167,14,42,http://stload.se.ifmo.ru:8080/?token=518477874&user=-1355069478&config=1,2004,0,0
1776025929873,1765,config 1 request,200,OK,config 1 1-12,text,false,"The operation lasted too long: It took 1,765 milliseconds, but should not have lasted longer than 775 milliseconds.",231,167,14,42,http://stload.se.ifmo.ru:8080/?token=518477874&user=-1355069478&config=1,1765,0,0
1776025929928,1803,config 1 request,200,OK,config 1 1-11,text,false,"The operation lasted too long: It took 1,803 milliseconds, but should not have lasted longer than 775 milliseconds.",231,167,14,42,http://stload.se.ifmo.ru:8080/?token=518477874&user=-1355069478&config=1,1803,0,0
1776025929928,1844,config 1 request,200,OK,config 1 1-13,text,false,"The operation lasted too long: It took 1,844 milliseconds, but should not have lasted longer than 775 milliseconds.",231,167,14,42,http://stload.se.ifmo.ru:8080/?token=518477874&user=-1355069478&config=1,1844,0,0
1776025930005,1767,config 1 request,200,OK,config 1 1-1,text,false,"The operation lasted too long: It took 1,767 milliseconds, but should not have lasted longer than 775 milliseconds.",231,167,14,42,http://stload.se.ifmo.ru:8080/?token=518477874&user=-1355069478&config=1,1767,0,0
1776025930063,1764,config 1 request,200,OK,config 1 1-10,text,false,"The operation lasted too long: It took 1,764 milliseconds, but should not have lasted longer than 775 milliseconds.",231,167,14,42,http://stload.se.ifmo.ru:8080/?token=518477874&user=-1355069478&config=1,1764,0,0
1776025930155,2039,config 1 request,200,OK,config 1 1-2,text,false,"The operation lasted too long: It took 2,039 milliseconds, but should not have lasted longer than 775 milliseconds.",231,167,14,42,http://stload.se.ifmo.ru:8080/?token=518477874&user=-1355069478&config=1,2039,0,0
1776025930114,2080,config 1 request,200,OK,config 1 1-14,text,false,"The operation lasted too long: It took 2,080 milliseconds, but should not have lasted longer than 775 milliseconds.",231,167,14,42,http://stload.se.ifmo.ru:8080/?token=518477874&user=-1355069478&config=1,2080,0,0
1776025930247,2371,config 1 request,200,OK,config 1 1-4,text,false,"The operation lasted too long: It took 2,371 milliseconds, but should not have lasted longer than 775 milliseconds.",231,167,14,42,http://stload.se.ifmo.ru:8080/?token=518477874&user=-1355069478&config=1,2371,0,0
1776025930903,1911,config 1 request,200,OK,config 1 1-6,text,false,"The operation lasted too long: It took 1,911 milliseconds, but should not have lasted longer than 775 milliseconds.",231,167,14,42,http://stload.se.ifmo.ru:8080/?token=518477874&user=-1355069478&config=1,1911,0,0
1776025930903,1923,config 1 request,200,OK,config 1 1-5,text,false,"The operation lasted too long: It took 1,923 milliseconds, but should not have lasted longer than 775 milliseconds.",231,167,14,42,http://stload.se.ifmo.ru:8080/?token=518477874&user=-1355069478&config=1,1923,0,0
1776025930964,1862,config 1 request,200,OK,config 1 1-9,text,false,"The operation lasted too long: It took 1,862 milliseconds, but should not have lasted longer than 775 milliseconds.",231,167,14,42,http://stload.se.ifmo.ru:8080/?token=518477874&user=-1355069478&config=1,1862,0,0
1776025930964,1863,config 1 request,200,OK,config 1 1-3,text,false,"The operation lasted too long: It took 1,863 milliseconds, but should not have lasted longer than 775 milliseconds.",231,167,14,42,http://stload.se.ifmo.ru:8080/?token=518477874&user=-1355069478&config=1,1862,0,0
1776025931242,1765,config 1 request,200,OK,config 1 1-7,text,false,"The operation lasted too long: It took 1,765 milliseconds, but should not have lasted longer than 775 milliseconds.",231,167,14,42,http://stload.se.ifmo.ru:8080/?token=518477874&user=-1355069478&config=1,1765,0,0
1776025931375,2058,config 1 request,200,OK,config 1 1-8,text,false,"The operation lasted too long: It took 2,058 milliseconds, but should not have lasted longer than 775 milliseconds.",231,167,14,42,http://stload.se.ifmo.ru:8080/?token=518477874&user=-1355069478&config=1,2058,0,0
1776025931641,1826,config 1 request,200,OK,config 1 1-12,text,false,"The operation lasted too long: It took 1,826 milliseconds, but should not have lasted longer than 775 milliseconds.",231,167,14,42,http://stload.se.ifmo.ru:8080/?token=518477874&user=-1355069478&config=1,1826,0,0
1776025931733,1873,config 1 request,200,OK,config 1 1-11,text,false,"The operation lasted too long: It took 1,873 milliseconds, but should not have lasted longer than 775 milliseconds.",231,167,14,42,http://stload.se.ifmo.ru:8080/?token=518477874&user=-1355069478&config=1,1873,0,0
1776025931774,1832,config 1 request,200,OK,config 1 1-1,text,false,"The operation lasted too long: It took 1,832 milliseconds, but should not have lasted longer than 775 milliseconds.",231,167,14,42,http://stload.se.ifmo.ru:8080/?token=518477874&user=-1355069478&config=1,1832,0,0
1776025931774,2085,config 1 request,200,OK,config 1 1-13,text,false,"The operation lasted too long: It took 2,085 milliseconds, but should not have lasted longer than 775 milliseconds.",231,167,14,42,http://stload.se.ifmo.ru:8080/?token=518477874&user=-1355069478&config=1,2085,0,0
1776025931835,2123,config 1 request,200,OK,config 1 1-10,text,false,"The operation lasted too long: It took 2,123 milliseconds, but should not have lasted longer than 775 milliseconds.",231,167,14,42,http://stload.se.ifmo.ru:8080/?token=518477874&user=-1355069478&config=1,2123,0,0
1776025932196,1778,config 1 request,200,OK,config 1 1-2,text,false,"The operation lasted too long: It took 1,778 milliseconds, but should not have lasted longer than 775 milliseconds.",231,167,14,42,http://stload.se.ifmo.ru:8080/?token=518477874&user=-1355069478&config=1,1778,0,0
1776025932196,1820,config 1 request,200,OK,config 1 1-14,text,false,"The operation lasted too long: It took 1,820 milliseconds, but should not have lasted longer than 775 milliseconds.",231,167,14,42,http://stload.se.ifmo.ru:8080/?token=518477874&user=-1355069478&config=1,1820,0,0
1776025932620,1819,config 1 request,200,OK,config 1 1-4,text,false,"The operation lasted too long: It took 1,819 milliseconds, but should not have lasted longer than 775 milliseconds.",231,167,14,42,http://stload.se.ifmo.ru:8080/?token=518477874&user=-1355069478&config=1,1819,0,0
1776025932817,1706,config 1 request,200,OK,config 1 1-6,text,false,"The operation lasted too long: It took 1,706 milliseconds, but should not have lasted longer than 775 milliseconds.",231,167,14,42,http://stload.se.ifmo.ru:8080/?token=518477874&user=-1355069478&config=1,1706,0,0
1776025932829,1716,config 1 request,200,OK,config 1 1-3,text,false,"The operation lasted too long: It took 1,716 milliseconds, but should not have lasted longer than 775 milliseconds.",231,167,14,42,http://stload.se.ifmo.ru:8080/?token=518477874&user=-1355069478&config=1,1716,0,0
1776025932829,1716,config 1 request,200,OK,config 1 1-9,text,false,"The operation lasted too long: It took 1,716 milliseconds, but should not have lasted longer than 775 milliseconds.",231,167,14,42,http://stload.se.ifmo.ru:8080/?token=518477874&user=-1355069478&config=1,1716,0,0
1776025932829,1717,config 1 request,200,OK,config 1 1-5,text,false,"The operation lasted too long: It took 1,717 milliseconds, but should not have lasted longer than 775 milliseconds.",231,167,14,42,http://stload.se.ifmo.ru:8080/?token=518477874&user=-1355069478&config=1,1717,0,0
1776025933008,1961,config 1 request,200,OK,config 1 1-7,text,false,"The operation lasted too long: It took 1,961 milliseconds, but should not have lasted longer than 775 milliseconds.",231,167,14,42,http://stload.se.ifmo.ru:8080/?token=518477874&user=-1355069478&config=1,1961,0,0
1776025933468,1963,config 1 request,200,OK,config 1 1-12,text,false,"The operation lasted too long: It took 1,963 milliseconds, but should not have lasted longer than 775 milliseconds.",231,167,14,42,http://stload.se.ifmo.ru:8080/?token=518477874&user=-1355069478&config=1,1963,0,0
1776025933433,1998,config 1 request,200,OK,config 1 1-8,text,false,"The operation lasted too long: It took 1,998 milliseconds, but should not have lasted longer than 775 milliseconds.",231,167,14,42,http://stload.se.ifmo.ru:8080/?token=518477874&user=-1355069478&config=1,1998,0,0
1776025933606,1912,config 1 request,200,OK,config 1 1-1,text,false,"The operation lasted too long: It took 1,912 milliseconds, but should not have lasted longer than 775 milliseconds.",231,167,14,42,http://stload.se.ifmo.ru:8080/?token=518477874&user=-1355069478&config=1,1912,0,0
1776025933606,1920,config 1 request,200,OK,config 1 1-11,text,false,"The operation lasted too long: It took 1,920 milliseconds, but should not have lasted longer than 775 milliseconds.",231,167,14,42,http://stload.se.ifmo.ru:8080/?token=518477874&user=-1355069478&config=1,1920,0,0
1776025933859,1749,config 1 request,200,OK,config 1 1-13,text,false,"The operation lasted too long: It took 1,749 milliseconds, but should not have lasted longer than 775 milliseconds.",231,167,14,42,http://stload.se.ifmo.ru:8080/?token=518477874&user=-1355069478&config=1,1749,0,0
1776025933959,1810,config 1 request,200,OK,config 1 1-10,text,false,"The operation lasted too long: It took 1,810 milliseconds, but should not have lasted longer than 775 milliseconds.",231,167,14,42,http://stload.se.ifmo.ru:8080/?token=518477874&user=-1355069478&config=1,1810,0,0
1776025933974,1888,config 1 request,200,OK,config 1 1-2,text,false,"The operation lasted too long: It took 1,888 milliseconds, but should not have lasted longer than 775 milliseconds.",231,167,14,42,http://stload.se.ifmo.ru:8080/?token=518477874&user=-1355069478&config=1,1888,0,0
1776025934016,1978,config 1 request,200,OK,config 1 1-14,text,false,"The operation lasted too long: It took 1,978 milliseconds, but should not have lasted longer than 775 milliseconds.",231,167,14,42,http://stload.se.ifmo.ru:8080/?token=518477874&user=-1355069478&config=1,1978,0,0
1776025934440,1730,config 1 request,200,OK,config 1 1-4,text,false,"The operation lasted too long: It took 1,730 milliseconds, but should not have lasted longer than 775 milliseconds.",231,167,14,42,http://stload.se.ifmo.ru:8080/?token=518477874&user=-1355069478&config=1,1730,0,0
1776025934546,1877,config 1 request,200,OK,config 1 1-5,text,false,"The operation lasted too long: It took 1,877 milliseconds, but should not have lasted longer than 775 milliseconds.",231,167,14,42,http://stload.se.ifmo.ru:8080/?token=518477874&user=-1355069478&config=1,1877,0,0
1776025934524,1899,config 1 request,200,OK,config 1 1-6,text,false,"The operation lasted too long: It took 1,899 milliseconds, but should not have lasted longer than 775 milliseconds.",231,167,14,42,http://stload.se.ifmo.ru:8080/?token=518477874&user=-1355069478&config=1,1899,0,0
1776025934546,1912,config 1 request,200,OK,config 1 1-9,text,false,"The operation lasted too long: It took 1,912 milliseconds, but should not have lasted longer than 775 milliseconds.",231,167,14,42,http://stload.se.ifmo.ru:8080/?token=518477874&user=-1355069478&config=1,1912,0,0
1776025934546,2053,config 1 request,200,OK,config 1 1-3,text,false,"The operation lasted too long: It took 2,053 milliseconds, but should not have lasted longer than 775 milliseconds.",231,167,14,42,http://stload.se.ifmo.ru:8080/?token=518477874&user=-1355069478&config=1,2053,0,0
1776025934970,2032,config 1 request,200,OK,config 1 1-7,text,false,"The operation lasted too long: It took 2,032 milliseconds, but should not have lasted longer than 775 milliseconds.",231,167,14,42,http://stload.se.ifmo.ru:8080/?token=518477874&user=-1355069478&config=1,2032,0,0
1776025935432,1785,config 1 request,200,OK,config 1 1-8,text,false,"The operation lasted too long: It took 1,785 milliseconds, but should not have lasted longer than 775 milliseconds.",231,167,14,42,http://stload.se.ifmo.ru:8080/?token=518477874&user=-1355069478&config=1,1785,0,0
1776025935432,1785,config 1 request,200,OK,config 1 1-12,text,false,"The operation lasted too long: It took 1,785 milliseconds, but should not have lasted longer than 775 milliseconds.",231,167,14,42,http://stload.se.ifmo.ru:8080/?token=518477874&user=-1355069478&config=1,1785,0,0
1776025935518,1835,config 1 request,200,OK,config 1 1-1,text,false,"The operation lasted too long: It took 1,835 milliseconds, but should not have lasted longer than 775 milliseconds.",231,167,14,42,http://stload.se.ifmo.ru:8080/?token=518477874&user=-1355069478&config=1,1835,0,0
1776025935526,1827,config 1 request,200,OK,config 1 1-11,text,false,"The operation lasted too long: It took 1,827 milliseconds, but should not have lasted longer than 775 milliseconds.",231,167,14,42,http://stload.se.ifmo.ru:8080/?token=518477874&user=-1355069478&config=1,1827,0,0
1776025935608,1780,config 1 request,200,OK,config 1 1-13,text,false,"The operation lasted too long: It took 1,780 milliseconds, but should not have lasted longer than 775 milliseconds.",231,167,14,42,http://stload.se.ifmo.ru:8080/?token=518477874&user=-1355069478&config=1,1780,0,0
1776025935769,1806,config 1 request,200,OK,config 1 1-10,text,false,"The operation lasted too long: It took 1,806 milliseconds, but should not have lasted longer than 775 milliseconds.",231,167,14,42,http://stload.se.ifmo.ru:8080/?token=518477874&user=-1355069478&config=1,1806,0,0
1776025935862,1753,config 1 request,200,OK,config 1 1-2,text,false,"The operation lasted too long: It took 1,753 milliseconds, but should not have lasted longer than 775 milliseconds.",231,167,14,42,http://stload.se.ifmo.ru:8080/?token=518477874&user=-1355069478&config=1,1753,0,0
1776025935994,2163,config 1 request,200,OK,config 1 1-14,text,false,"The operation lasted too long: It took 2,163 milliseconds, but should not have lasted longer than 775 milliseconds.",231,167,14,42,http://stload.se.ifmo.ru:8080/?token=518477874&user=-1355069478&config=1,2163,0,0
1776025936170,1988,config 1 request,200,OK,config 1 1-4,text,false,"The operation lasted too long: It took 1,988 milliseconds, but should not have lasted longer than 775 milliseconds.",231,167,14,42,http://stload.se.ifmo.ru:8080/?token=518477874&user=-1355069478&config=1,1988,0,0
1776025936423,1828,config 1 request,200,OK,config 1 1-5,text,false,"The operation lasted too long: It took 1,828 milliseconds, but should not have lasted longer than 775 milliseconds.",231,167,14,42,http://stload.se.ifmo.ru:8080/?token=518477874&user=-1355069478&config=1,1828,0,0
1776025936423,1868,config 1 request,200,OK,config 1 1-6,text,false,"The operation lasted too long: It took 1,868 milliseconds, but should not have lasted longer than 775 milliseconds.",231,167,14,42,http://stload.se.ifmo.ru:8080/?token=518477874&user=-1355069478&config=1,1868,0,0
1776025936459,1927,config 1 request,200,OK,config 1 1-9,text,false,"The operation lasted too long: It took 1,927 milliseconds, but should not have lasted longer than 775 milliseconds.",231,167,14,42,http://stload.se.ifmo.ru:8080/?token=518477874&user=-1355069478&config=1,1927,0,0
1776025936599,2010,config 1 request,200,OK,config 1 1-3,text,false,"The operation lasted too long: It took 2,010 milliseconds, but should not have lasted longer than 775 milliseconds.",231,167,14,42,http://stload.se.ifmo.ru:8080/?token=518477874&user=-1355069478&config=1,2010,0,0
1776025937003,1989,config 1 request,200,OK,config 1 1-7,text,false,"The operation lasted too long: It took 1,989 milliseconds, but should not have lasted longer than 775 milliseconds.",231,167,14,42,http://stload.se.ifmo.ru:8080/?token=518477874&user=-1355069478&config=1,1989,0,0
1776025937217,1807,config 1 request,200,OK,config 1 1-8,text,false,"The operation lasted too long: It took 1,807 milliseconds, but should not have lasted longer than 775 milliseconds.",231,167,14,42,http://stload.se.ifmo.ru:8080/?token=518477874&user=-1355069478&config=1,1807,0,0
1776025937353,1719,config 1 request,200,OK,config 1 1-1,text,false,"The operation lasted too long: It took 1,719 milliseconds, but should not have lasted longer than 775 milliseconds.",231,167,14,42,http://stload.se.ifmo.ru:8080/?token=518477874&user=-1355069478&config=1,1719,0,0
1776025937217,1855,config 1 request,200,OK,config 1 1-12,text,false,"The operation lasted too long: It took 1,855 milliseconds, but should not have lasted longer than 775 milliseconds.",231,167,14,42,http://stload.se.ifmo.ru:8080/?token=518477874&user=-1355069478&config=1,1855,0,0
1776025937353,1719,config 1 request,200,OK,config 1 1-11,text,false,"The operation lasted too long: It took 1,719 milliseconds, but should not have lasted longer than 775 milliseconds.",231,167,14,42,http://stload.se.ifmo.ru:8080/?token=518477874&user=-1355069478&config=1,1719,0,0
1776025937388,1756,config 1 request,200,OK,config 1 1-13,text,false,"The operation lasted too long: It took 1,756 milliseconds, but should not have lasted longer than 775 milliseconds.",231,167,14,42,http://stload.se.ifmo.ru:8080/?token=518477874&user=-1355069478&config=1,1756,0,0
1776025937575,2014,config 1 request,200,OK,config 1 1-10,text,false,"The operation lasted too long: It took 2,014 milliseconds, but should not have lasted longer than 775 milliseconds.",231,167,14,42,http://stload.se.ifmo.ru:8080/?token=518477874&user=-1355069478&config=1,2014,0,0
1776025937616,2129,config 1 request,200,OK,config 1 1-2,text,false,"The operation lasted too long: It took 2,129 milliseconds, but should not have lasted longer than 775 milliseconds.",231,167,14,42,http://stload.se.ifmo.ru:8080/?token=518477874&user=-1355069478&config=1,2129,0,0
1776025938157,1884,config 1 request,200,OK,config 1 1-14,text,false,"The operation lasted too long: It took 1,884 milliseconds, but should not have lasted longer than 775 milliseconds.",231,167,14,42,http://stload.se.ifmo.ru:8080/?token=518477874&user=-1355069478&config=1,1884,0,0
1776025938158,1883,config 1 request,200,OK,config 1 1-4,text,false,"The operation lasted too long: It took 1,883 milliseconds, but should not have lasted longer than 775 milliseconds.",231,167,14,42,http://stload.se.ifmo.ru:8080/?token=518477874&user=-1355069478&config=1,1883,0,0
1776025938251,1882,config 1 request,200,OK,config 1 1-5,text,false,"The operation lasted too long: It took 1,882 milliseconds, but should not have lasted longer than 775 milliseconds.",231,167,14,42,http://stload.se.ifmo.ru:8080/?token=518477874&user=-1355069478&config=1,1882,0,0
1776025938292,1882,config 1 request,200,OK,config 1 1-6,text,false,"The operation lasted too long: It took 1,882 milliseconds, but should not have lasted longer than 775 milliseconds.",231,167,14,42,http://stload.se.ifmo.ru:8080/?token=518477874&user=-1355069478&config=1,1882,0,0
1776025938387,1921,config 1 request,200,OK,config 1 1-9,text,false,"The operation lasted too long: It took 1,921 milliseconds, but should not have lasted longer than 775 milliseconds.",231,167,14,42,http://stload.se.ifmo.ru:8080/?token=518477874&user=-1355069478&config=1,1921,0,0
1776025938610,1840,config 1 request,200,OK,config 1 1-3,text,false,"The operation lasted too long: It took 1,840 milliseconds, but should not have lasted longer than 775 milliseconds.",231,167,14,42,http://stload.se.ifmo.ru:8080/?token=518477874&user=-1355069478&config=1,1840,0,0
1776025938992,1818,config 1 request,200,OK,config 1 1-7,text,false,"The operation lasted too long: It took 1,818 milliseconds, but should not have lasted longer than 775 milliseconds.",231,167,14,42,http://stload.se.ifmo.ru:8080/?token=518477874&user=-1355069478&config=1,1818,0,0
1776025939073,1772,config 1 request,200,OK,config 1 1-12,text,false,"The operation lasted too long: It took 1,772 milliseconds, but should not have lasted longer than 775 milliseconds.",231,167,14,42,http://stload.se.ifmo.ru:8080/?token=518477874&user=-1355069478&config=1,1772,0,0
1776025939072,1773,config 1 request,200,OK,config 1 1-11,text,false,"The operation lasted too long: It took 1,773 milliseconds, but should not have lasted longer than 775 milliseconds.",231,167,14,42,http://stload.se.ifmo.ru:8080/?token=518477874&user=-1355069478&config=1,1773,0,0
1776025939024,1821,config 1 request,200,OK,config 1 1-8,text,false,"The operation lasted too long: It took 1,821 milliseconds, but should not have lasted longer than 775 milliseconds.",231,167,14,42,http://stload.se.ifmo.ru:8080/?token=518477874&user=-1355069478&config=1,1821,0,0
1776025939072,1830,config 1 request,200,OK,config 1 1-1,text,false,"The operation lasted too long: It took 1,830 milliseconds, but should not have lasted longer than 775 milliseconds.",231,167,14,42,http://stload.se.ifmo.ru:8080/?token=518477874&user=-1355069478&config=1,1830,0,0
1776025939144,1929,config 1 request,200,OK,config 1 1-13,text,false,"The operation lasted too long: It took 1,929 milliseconds, but should not have lasted longer than 775 milliseconds.",231,167,14,42,http://stload.se.ifmo.ru:8080/?token=518477874&user=-1355069478&config=1,1929,0,0
1776025939589,1963,config 1 request,200,OK,config 1 1-10,text,false,"The operation lasted too long: It took 1,963 milliseconds, but should not have lasted longer than 775 milliseconds.",231,167,14,42,http://stload.se.ifmo.ru:8080/?token=518477874&user=-1355069478&config=1,1963,0,0
1776025939745,1861,config 1 request,200,OK,config 1 1-2,text,false,"The operation lasted too long: It took 1,861 milliseconds, but should not have lasted longer than 775 milliseconds.",231,167,14,42,http://stload.se.ifmo.ru:8080/?token=518477874&user=-1355069478&config=1,1861,0,0
1776025940041,1864,config 1 request,200,OK,config 1 1-14,text,false,"The operation lasted too long: It took 1,864 milliseconds, but should not have lasted longer than 775 milliseconds.",231,167,14,42,http://stload.se.ifmo.ru:8080/?token=518477874&user=-1355069478&config=1,1864,0,0
1776025940042,1865,config 1 request,200,OK,config 1 1-4,text,false,"The operation lasted too long: It took 1,865 milliseconds, but should not have lasted longer than 775 milliseconds.",231,167,14,42,http://stload.se.ifmo.ru:8080/?token=518477874&user=-1355069478&config=1,1865,0,0
1776025940133,1787,config 1 request,200,OK,config 1 1-5,text,false,"The operation lasted too long: It took 1,787 milliseconds, but should not have lasted longer than 775 milliseconds.",231,167,14,42,http://stload.se.ifmo.ru:8080/?token=518477874&user=-1355069478&config=1,1787,0,0
1776025940174,1746,config 1 request,200,OK,config 1 1-6,text,false,"The operation lasted too long: It took 1,746 milliseconds, but should not have lasted longer than 775 milliseconds.",231,167,14,42,http://stload.se.ifmo.ru:8080/?token=518477874&user=-1355069478&config=1,1746,0,0
1776025940308,1900,config 1 request,200,OK,config 1 1-9,text,false,"The operation lasted too long: It took 1,900 milliseconds, but should not have lasted longer than 775 milliseconds.",231,167,14,42,http://stload.se.ifmo.ru:8080/?token=518477874&user=-1355069478&config=1,1900,0,0
1776025940451,2003,config 1 request,200,OK,config 1 1-3,text,false,"The operation lasted too long: It took 2,003 milliseconds, but should not have lasted longer than 775 milliseconds.",231,167,14,42,http://stload.se.ifmo.ru:8080/?token=518477874&user=-1355069478&config=1,2003,0,0
1776025940845,1832,config 1 request,200,OK,config 1 1-8,text,false,"The operation lasted too long: It took 1,832 milliseconds, but should not have lasted longer than 775 milliseconds.",231,167,14,42,http://stload.se.ifmo.ru:8080/?token=518477874&user=-1355069478&config=1,1832,0,0
1776025940810,2036,config 1 request,200,OK,config 1 1-7,text,false,"The operation lasted too long: It took 2,036 milliseconds, but should not have lasted longer than 775 milliseconds.",231,167,14,42,http://stload.se.ifmo.ru:8080/?token=518477874&user=-1355069478&config=1,2036,0,0
1776025940903,1944,config 1 request,200,OK,config 1 1-1,text,false,"The operation lasted too long: It took 1,944 milliseconds, but should not have lasted longer than 775 milliseconds.",231,167,14,42,http://stload.se.ifmo.ru:8080/?token=518477874&user=-1355069478&config=1,1944,0,0
1776025940845,2001,config 1 request,200,OK,config 1 1-11,text,false,"The operation lasted too long: It took 2,001 milliseconds, but should not have lasted longer than 775 milliseconds.",231,167,14,42,http://stload.se.ifmo.ru:8080/?token=518477874&user=-1355069478&config=1,2001,0,0
1776025940845,2001,config 1 request,200,OK,config 1 1-12,text,false,"The operation lasted too long: It took 2,001 milliseconds, but should not have lasted longer than 775 milliseconds.",231,167,14,42,http://stload.se.ifmo.ru:8080/?token=518477874&user=-1355069478&config=1,2001,0,0
1776025941073,2023,config 1 request,200,OK,config 1 1-13,text,false,"The operation lasted too long: It took 2,023 milliseconds, but should not have lasted longer than 775 milliseconds.",231,167,14,42,http://stload.se.ifmo.ru:8080/?token=518477874&user=-1355069478&config=1,2023,0,0
1776025941553,1925,config 1 request,200,OK,config 1 1-10,text,false,"The operation lasted too long: It took 1,925 milliseconds, but should not have lasted longer than 775 milliseconds.",231,167,14,42,http://stload.se.ifmo.ru:8080/?token=518477874&user=-1355069478&config=1,1925,0,0
1776025941607,1936,config 1 request,200,OK,config 1 1-2,text,false,"The operation lasted too long: It took 1,936 milliseconds, but should not have lasted longer than 775 milliseconds.",231,167,14,42,http://stload.se.ifmo.ru:8080/?token=518477874&user=-1355069478&config=1,1936,0,0
1776025941907,1752,config 1 request,200,OK,config 1 1-14,text,false,"The operation lasted too long: It took 1,752 milliseconds, but should not have lasted longer than 775 milliseconds.",231,167,14,42,http://stload.se.ifmo.ru:8080/?token=518477874&user=-1355069478&config=1,1752,0,0
1776025941921,1752,config 1 request,200,OK,config 1 1-6,text,false,"The operation lasted too long: It took 1,752 milliseconds, but should not have lasted longer than 775 milliseconds.",231,167,14,42,http://stload.se.ifmo.ru:8080/?token=518477874&user=-1355069478&config=1,1752,0,0
1776025941909,1764,config 1 request,200,OK,config 1 1-4,text,false,"The operation lasted too long: It took 1,764 milliseconds, but should not have lasted longer than 775 milliseconds.",231,167,14,42,http://stload.se.ifmo.ru:8080/?token=518477874&user=-1355069478&config=1,1764,0,0
1776025941921,1763,config 1 request,200,OK,config 1 1-5,text,false,"The operation lasted too long: It took 1,763 milliseconds, but should not have lasted longer than 775 milliseconds.",231,167,14,42,http://stload.se.ifmo.ru:8080/?token=518477874&user=-1355069478&config=1,1763,0,0
1776025942209,2059,config 1 request,200,OK,config 1 1-9,text,false,"The operation lasted too long: It took 2,059 milliseconds, but should not have lasted longer than 775 milliseconds.",231,167,14,42,http://stload.se.ifmo.ru:8080/?token=518477874&user=-1355069478&config=1,2059,0,0
1776025942456,1853,config 1 request,200,OK,config 1 1-3,text,false,"The operation lasted too long: It took 1,853 milliseconds, but should not have lasted longer than 775 milliseconds.",231,167,14,42,http://stload.se.ifmo.ru:8080/?token=518477874&user=-1355069478&config=1,1853,0,0
1776025942679,1832,config 1 request,200,OK,config 1 1-8,text,false,"The operation lasted too long: It took 1,832 milliseconds, but should not have lasted longer than 775 milliseconds.",231,167,14,42,http://stload.se.ifmo.ru:8080/?token=518477874&user=-1355069478&config=1,1832,0,0
1776025942848,1779,config 1 request,200,OK,config 1 1-12,text,false,"The operation lasted too long: It took 1,779 milliseconds, but should not have lasted longer than 775 milliseconds.",231,167,14,42,http://stload.se.ifmo.ru:8080/?token=518477874&user=-1355069478&config=1,1779,0,0
1776025942848,1779,config 1 request,200,OK,config 1 1-1,text,false,"The operation lasted too long: It took 1,779 milliseconds, but should not have lasted longer than 775 milliseconds.",231,167,14,42,http://stload.se.ifmo.ru:8080/?token=518477874&user=-1355069478&config=1,1779,0,0
1776025942848,1780,config 1 request,200,OK,config 1 1-7,text,false,"The operation lasted too long: It took 1,780 milliseconds, but should not have lasted longer than 775 milliseconds.",231,167,14,42,http://stload.se.ifmo.ru:8080/?token=518477874&user=-1355069478&config=1,1780,0,0
1776025942848,1817,config 1 request,200,OK,config 1 1-11,text,false,"The operation lasted too long: It took 1,817 milliseconds, but should not have lasted longer than 775 milliseconds.",231,167,14,42,http://stload.se.ifmo.ru:8080/?token=518477874&user=-1355069478&config=1,1817,0,0
1776025943098,2394,config 1 request,200,OK,config 1 1-13,text,false,"The operation lasted too long: It took 2,394 milliseconds, but should not have lasted longer than 775 milliseconds.",231,167,14,42,http://stload.se.ifmo.ru:8080/?token=518477874&user=-1355069478&config=1,2394,0,0
1776025943478,2015,config 1 request,200,OK,config 1 1-10,text,false,"The operation lasted too long: It took 2,015 milliseconds, but should not have lasted longer than 775 milliseconds.",231,167,14,42,http://stload.se.ifmo.ru:8080/?token=518477874&user=-1355069478&config=1,2015,0,0
1776025943544,2023,config 1 request,200,OK,config 1 1-2,text,false,"The operation lasted too long: It took 2,023 milliseconds, but should not have lasted longer than 775 milliseconds.",231,167,14,42,http://stload.se.ifmo.ru:8080/?token=518477874&user=-1355069478&config=1,2023,0,0
1776025943660,1935,config 1 request,200,OK,config 1 1-14,text,false,"The operation lasted too long: It took 1,935 milliseconds, but should not have lasted longer than 775 milliseconds.",231,167,14,42,http://stload.se.ifmo.ru:8080/?token=518477874&user=-1355069478&config=1,1935,0,0
1776025943673,1950,config 1 request,200,OK,config 1 1-4,text,false,"The operation lasted too long: It took 1,950 milliseconds, but should not have lasted longer than 775 milliseconds.",231,167,14,42,http://stload.se.ifmo.ru:8080/?token=518477874&user=-1355069478&config=1,1950,0,0
1776025943673,2051,config 1 request,200,OK,config 1 1-6,text,false,"The operation lasted too long: It took 2,051 milliseconds, but should not have lasted longer than 775 milliseconds.",231,167,14,42,http://stload.se.ifmo.ru:8080/?token=518477874&user=-1355069478&config=1,2051,0,0
1776025943684,2068,config 1 request,200,OK,config 1 1-5,text,false,"The operation lasted too long: It took 2,068 milliseconds, but should not have lasted longer than 775 milliseconds.",231,167,14,42,http://stload.se.ifmo.ru:8080/?token=518477874&user=-1355069478&config=1,2068,0,0
1776025944269,1907,config 1 request,200,OK,config 1 1-9,text,false,"The operation lasted too long: It took 1,907 milliseconds, but should not have lasted longer than 775 milliseconds.",231,167,14,42,http://stload.se.ifmo.ru:8080/?token=518477874&user=-1355069478&config=1,1907,0,0
1776025944309,1868,config 1 request,200,OK,config 1 1-3,text,false,"The operation lasted too long: It took 1,868 milliseconds, but should not have lasted longer than 775 milliseconds.",231,167,14,42,http://stload.se.ifmo.ru:8080/?token=518477874&user=-1355069478&config=1,1868,0,0
1776025944512,1705,config 1 request,200,OK,config 1 1-8,text,false,"The operation lasted too long: It took 1,705 milliseconds, but should not have lasted longer than 775 milliseconds.",231,167,14,42,http://stload.se.ifmo.ru:8080/?token=518477874&user=-1355069478&config=1,1705,0,0
1776025944628,1729,config 1 request,200,OK,config 1 1-12,text,false,"The operation lasted too long: It took 1,729 milliseconds, but should not have lasted longer than 775 milliseconds.",231,167,14,42,http://stload.se.ifmo.ru:8080/?token=518477874&user=-1355069478&config=1,1729,0,0
1776025944627,1730,config 1 request,200,OK,config 1 1-1,text,false,"The operation lasted too long: It took 1,730 milliseconds, but should not have lasted longer than 775 milliseconds.",231,167,14,42,http://stload.se.ifmo.ru:8080/?token=518477874&user=-1355069478&config=1,1730,0,0
1776025944628,1830,config 1 request,200,OK,config 1 1-7,text,false,"The operation lasted too long: It took 1,830 milliseconds, but should not have lasted longer than 775 milliseconds.",231,167,14,42,http://stload.se.ifmo.ru:8080/?token=518477874&user=-1355069478&config=1,1830,0,0
1776025944665,1834,config 1 request,200,OK,config 1 1-11,text,false,"The operation lasted too long: It took 1,834 milliseconds, but should not have lasted longer than 775 milliseconds.",231,167,14,42,http://stload.se.ifmo.ru:8080/?token=518477874&user=-1355069478&config=1,1834,0,0
1776025945493,1694,config 1 request,200,OK,config 1 1-10,text,false,"The operation lasted too long: It took 1,694 milliseconds, but should not have lasted longer than 775 milliseconds.",231,167,14,42,http://stload.se.ifmo.ru:8080/?token=518477874&user=-1355069478&config=1,1694,0,0
1776025945493,1694,config 1 request,200,OK,config 1 1-13,text,false,"The operation lasted too long: It took 1,694 milliseconds, but should not have lasted longer than 775 milliseconds.",231,167,14,42,http://stload.se.ifmo.ru:8080/?token=518477874&user=-1355069478&config=1,1694,0,0
1776025945568,1811,config 1 request,200,OK,config 1 1-2,text,false,"The operation lasted too long: It took 1,811 milliseconds, but should not have lasted longer than 775 milliseconds.",231,167,14,42,http://stload.se.ifmo.ru:8080/?token=518477874&user=-1355069478&config=1,1811,0,0
1776025945595,1784,config 1 request,200,OK,config 1 1-14,text,false,"The operation lasted too long: It took 1,784 milliseconds, but should not have lasted longer than 775 milliseconds.",231,167,14,42,http://stload.se.ifmo.ru:8080/?token=518477874&user=-1355069478&config=1,1784,0,0
1776025945623,1896,config 1 request,200,OK,config 1 1-4,text,false,"The operation lasted too long: It took 1,896 milliseconds, but should not have lasted longer than 775 milliseconds.",231,167,14,42,http://stload.se.ifmo.ru:8080/?token=518477874&user=-1355069478&config=1,1896,0,0
1776025945753,1896,config 1 request,200,OK,config 1 1-5,text,false,"The operation lasted too long: It took 1,896 milliseconds, but should not have lasted longer than 775 milliseconds.",231,167,14,42,http://stload.se.ifmo.ru:8080/?token=518477874&user=-1355069478&config=1,1896,0,0
1776025945724,1925,config 1 request,200,OK,config 1 1-6,text,false,"The operation lasted too long: It took 1,925 milliseconds, but should not have lasted longer than 775 milliseconds.",231,167,14,42,http://stload.se.ifmo.ru:8080/?token=518477874&user=-1355069478&config=1,1925,0,0
1776025946177,1911,config 1 request,200,OK,config 1 1-9,text,false,"The operation lasted too long: It took 1,911 milliseconds, but should not have lasted longer than 775 milliseconds.",231,167,14,42,http://stload.se.ifmo.ru:8080/?token=518477874&user=-1355069478&config=1,1911,0,0
1776025946218,1957,config 1 request,200,OK,config 1 1-8,text,false,"The operation lasted too long: It took 1,957 milliseconds, but should not have lasted longer than 775 milliseconds.",231,167,14,42,http://stload.se.ifmo.ru:8080/?token=518477874&user=-1355069478&config=1,1957,0,0
1776025946177,1998,config 1 request,200,OK,config 1 1-3,text,false,"The operation lasted too long: It took 1,998 milliseconds, but should not have lasted longer than 775 milliseconds.",231,167,14,42,http://stload.se.ifmo.ru:8080/?token=518477874&user=-1355069478&config=1,1998,0,0
1776025946357,1818,config 1 request,200,OK,config 1 1-12,text,false,"The operation lasted too long: It took 1,818 milliseconds, but should not have lasted longer than 775 milliseconds.",231,167,14,42,http://stload.se.ifmo.ru:8080/?token=518477874&user=-1355069478&config=1,1818,0,0
1776025946357,1895,config 1 request,200,OK,config 1 1-1,text,false,"The operation lasted too long: It took 1,895 milliseconds, but should not have lasted longer than 775 milliseconds.",231,167,14,42,http://stload.se.ifmo.ru:8080/?token=518477874&user=-1355069478&config=1,1895,0,0
1776025946458,1934,config 1 request,200,OK,config 1 1-7,text,false,"The operation lasted too long: It took 1,934 milliseconds, but should not have lasted longer than 775 milliseconds.",231,167,14,42,http://stload.se.ifmo.ru:8080/?token=518477874&user=-1355069478&config=1,1934,0,0
1776025946500,2006,config 1 request,200,OK,config 1 1-11,text,false,"The operation lasted too long: It took 2,006 milliseconds, but should not have lasted longer than 775 milliseconds.",231,167,14,42,http://stload.se.ifmo.ru:8080/?token=518477874&user=-1355069478&config=1,2006,0,0
1776025947187,1991,config 1 request,200,OK,config 1 1-13,text,false,"The operation lasted too long: It took 1,991 milliseconds, but should not have lasted longer than 775 milliseconds.",231,167,14,42,http://stload.se.ifmo.ru:8080/?token=518477874&user=-1355069478&config=1,1991,0,0
1776025947187,2023,config 1 request,200,OK,config 1 1-10,text,false,"The operation lasted too long: It took 2,023 milliseconds, but should not have lasted longer than 775 milliseconds.",231,167,14,42,http://stload.se.ifmo.ru:8080/?token=518477874&user=-1355069478&config=1,2023,0,0
1776025947379,1842,config 1 request,200,OK,config 1 1-2,text,false,"The operation lasted too long: It took 1,842 milliseconds, but should not have lasted longer than 775 milliseconds.",231,167,14,42,http://stload.se.ifmo.ru:8080/?token=518477874&user=-1355069478&config=1,1842,0,0
1776025947379,1842,config 1 request,200,OK,config 1 1-14,text,false,"The operation lasted too long: It took 1,842 milliseconds, but should not have lasted longer than 775 milliseconds.",231,167,14,42,http://stload.se.ifmo.ru:8080/?token=518477874&user=-1355069478&config=1,1842,0,0
1776025947520,2018,config 1 request,200,OK,config 1 1-4,text,false,"The operation lasted too long: It took 2,018 milliseconds, but should not have lasted longer than 775 milliseconds.",231,167,14,42,http://stload.se.ifmo.ru:8080/?token=518477874&user=-1355069478&config=1,2018,0,0
1776025947649,1889,config 1 request,200,OK,config 1 1-5,text,false,"The operation lasted too long: It took 1,889 milliseconds, but should not have lasted longer than 775 milliseconds.",231,167,14,42,http://stload.se.ifmo.ru:8080/?token=518477874&user=-1355069478&config=1,1889,0,0
1776025947649,2090,config 1 request,200,OK,config 1 1-6,text,false,"The operation lasted too long: It took 2,090 milliseconds, but should not have lasted longer than 775 milliseconds.",231,167,14,42,http://stload.se.ifmo.ru:8080/?token=518477874&user=-1355069478&config=1,2090,0,0
1776025948088,2080,config 1 request,200,OK,config 1 1-9,text,false,"The operation lasted too long: It took 2,080 milliseconds, but should not have lasted longer than 775 milliseconds.",231,167,14,42,http://stload.se.ifmo.ru:8080/?token=518477874&user=-1355069478&config=1,2080,0,0
1776025948175,1993,config 1 request,200,OK,config 1 1-12,text,false,"The operation lasted too long: It took 1,993 milliseconds, but should not have lasted longer than 775 milliseconds.",231,167,14,42,http://stload.se.ifmo.ru:8080/?token=518477874&user=-1355069478&config=1,1993,0,0
1776025948176,2046,config 1 request,200,OK,config 1 1-3,text,false,"The operation lasted too long: It took 2,046 milliseconds, but should not have lasted longer than 775 milliseconds.",231,167,14,42,http://stload.se.ifmo.ru:8080/?token=518477874&user=-1355069478&config=1,2046,0,0
1776025948176,2046,config 1 request,200,OK,config 1 1-8,text,false,"The operation lasted too long: It took 2,046 milliseconds, but should not have lasted longer than 775 milliseconds.",231,167,14,42,http://stload.se.ifmo.ru:8080/?token=518477874&user=-1355069478&config=1,2046,0,0
1776025948252,1970,config 1 request,200,OK,config 1 1-1,text,false,"The operation lasted too long: It took 1,970 milliseconds, but should not have lasted longer than 775 milliseconds.",231,167,14,42,http://stload.se.ifmo.ru:8080/?token=518477874&user=-1355069478&config=1,1970,0,0
1776025948393,1829,config 1 request,200,OK,config 1 1-7,text,false,"The operation lasted too long: It took 1,829 milliseconds, but should not have lasted longer than 775 milliseconds.",231,167,14,42,http://stload.se.ifmo.ru:8080/?token=518477874&user=-1355069478&config=1,1829,0,0
1776025948507,1876,config 1 request,200,OK,config 1 1-11,text,false,"The operation lasted too long: It took 1,876 milliseconds, but should not have lasted longer than 775 milliseconds.",231,167,14,42,http://stload.se.ifmo.ru:8080/?token=518477874&user=-1355069478&config=1,1876,0,0
1776025949178,1760,config 1 request,200,OK,config 1 1-13,text,false,"The operation lasted too long: It took 1,760 milliseconds, but should not have lasted longer than 775 milliseconds.",231,167,14,42,http://stload.se.ifmo.ru:8080/?token=518477874&user=-1355069478&config=1,1760,0,0
1776025949210,1728,config 1 request,200,OK,config 1 1-10,text,false,"The operation lasted too long: It took 1,728 milliseconds, but should not have lasted longer than 775 milliseconds.",231,167,14,42,http://stload.se.ifmo.ru:8080/?token=518477874&user=-1355069478&config=1,1728,0,0
1776025949222,1800,config 1 request,200,OK,config 1 1-2,text,false,"The operation lasted too long: It took 1,800 milliseconds, but should not have lasted longer than 775 milliseconds.",231,167,14,42,http://stload.se.ifmo.ru:8080/?token=518477874&user=-1355069478&config=1,1800,0,0
1776025949222,1942,config 1 request,200,OK,config 1 1-14,text,false,"The operation lasted too long: It took 1,942 milliseconds, but should not have lasted longer than 775 milliseconds.",231,167,14,42,http://stload.se.ifmo.ru:8080/?token=518477874&user=-1355069478&config=1,1942,0,0
1776025949539,1926,config 1 request,200,OK,config 1 1-4,text,false,"The operation lasted too long: It took 1,926 milliseconds, but should not have lasted longer than 775 milliseconds.",231,167,14,42,http://stload.se.ifmo.ru:8080/?token=518477874&user=-1355069478&config=1,1926,0,0
1776025949539,1926,config 1 request,200,OK,config 1 1-5,text,false,"The operation lasted too long: It took 1,926 milliseconds, but should not have lasted longer than 775 milliseconds.",231,167,14,42,http://stload.se.ifmo.ru:8080/?token=518477874&user=-1355069478&config=1,1926,0,0
1776025949740,1839,config 1 request,200,OK,config 1 1-6,text,false,"The operation lasted too long: It took 1,839 milliseconds, but should not have lasted longer than 775 milliseconds.",231,167,14,42,http://stload.se.ifmo.ru:8080/?token=518477874&user=-1355069478&config=1,1838,0,0
1776025950168,1711,config 1 request,200,OK,config 1 1-12,text,false,"The operation lasted too long: It took 1,711 milliseconds, but should not have lasted longer than 775 milliseconds.",231,167,14,42,http://stload.se.ifmo.ru:8080/?token=518477874&user=-1355069478&config=1,1711,0,0
1776025950168,1759,config 1 request,200,OK,config 1 1-9,text,false,"The operation lasted too long: It took 1,759 milliseconds, but should not have lasted longer than 775 milliseconds.",231,167,14,42,http://stload.se.ifmo.ru:8080/?token=518477874&user=-1355069478&config=1,1759,0,0
1776025950222,1705,config 1 request,200,OK,config 1 1-3,text,false,"The operation lasted too long: It took 1,705 milliseconds, but should not have lasted longer than 775 milliseconds.",231,167,14,42,http://stload.se.ifmo.ru:8080/?token=518477874&user=-1355069478&config=1,1705,0,0
1776025950222,1705,config 1 request,200,OK,config 1 1-8,text,false,"The operation lasted too long: It took 1,705 milliseconds, but should not have lasted longer than 775 milliseconds.",231,167,14,42,http://stload.se.ifmo.ru:8080/?token=518477874&user=-1355069478&config=1,1705,0,0
1776025950223,1711,config 1 request,200,OK,config 1 1-1,text,false,"The operation lasted too long: It took 1,711 milliseconds, but should not have lasted longer than 775 milliseconds.",231,167,14,42,http://stload.se.ifmo.ru:8080/?token=518477874&user=-1355069478&config=1,1711,0,0
1776025950223,1994,config 1 request,200,OK,config 1 1-7,text,false,"The operation lasted too long: It took 1,994 milliseconds, but should not have lasted longer than 775 milliseconds.",231,167,14,42,http://stload.se.ifmo.ru:8080/?token=518477874&user=-1355069478&config=1,1994,0,0
1776025950383,1834,config 1 request,200,OK,config 1 1-11,text,false,"The operation lasted too long: It took 1,834 milliseconds, but should not have lasted longer than 775 milliseconds.",231,167,14,42,http://stload.se.ifmo.ru:8080/?token=518477874&user=-1355069478&config=1,1834,0,0
1776025950938,1910,config 1 request,200,OK,config 1 1-10,text,false,"The operation lasted too long: It took 1,910 milliseconds, but should not have lasted longer than 775 milliseconds.",231,167,14,42,http://stload.se.ifmo.ru:8080/?token=518477874&user=-1355069478&config=1,1910,0,0
1776025950938,1910,config 1 request,200,OK,config 1 1-13,text,false,"The operation lasted too long: It took 1,910 milliseconds, but should not have lasted longer than 775 milliseconds.",231,167,14,42,http://stload.se.ifmo.ru:8080/?token=518477874&user=-1355069478&config=1,1910,0,0
1776025951022,2111,config 1 request,200,OK,config 1 1-2,text,false,"The operation lasted too long: It took 2,111 milliseconds, but should not have lasted longer than 775 milliseconds.",231,167,14,42,http://stload.se.ifmo.ru:8080/?token=518477874&user=-1355069478&config=1,2111,0,0
1776025951163,2029,config 1 request,200,OK,config 1 1-14,text,false,"The operation lasted too long: It took 2,029 milliseconds, but should not have lasted longer than 775 milliseconds.",231,167,14,42,http://stload.se.ifmo.ru:8080/?token=518477874&user=-1355069478&config=1,2029,0,0
1776025951464,1734,config 1 request,200,OK,config 1 1-5,text,false,"The operation lasted too long: It took 1,734 milliseconds, but should not have lasted longer than 775 milliseconds.",231,167,14,42,http://stload.se.ifmo.ru:8080/?token=518477874&user=-1355069478&config=1,1734,0,0
1776025951464,1828,config 1 request,200,OK,config 1 1-4,text,false,"The operation lasted too long: It took 1,828 milliseconds, but should not have lasted longer than 775 milliseconds.",231,167,14,42,http://stload.se.ifmo.ru:8080/?token=518477874&user=-1355069478&config=1,1828,0,0
1776025951578,1815,config 1 request,200,OK,config 1 1-6,text,false,"The operation lasted too long: It took 1,815 milliseconds, but should not have lasted longer than 775 milliseconds.",231,167,14,42,http://stload.se.ifmo.ru:8080/?token=518477874&user=-1355069478&config=1,1815,0,0
1776025951879,1914,config 1 request,200,OK,config 1 1-12,text,false,"The operation lasted too long: It took 1,914 milliseconds, but should not have lasted longer than 775 milliseconds.",231,167,14,42,http://stload.se.ifmo.ru:8080/?token=518477874&user=-1355069478&config=1,1914,0,0
1776025951928,1866,config 1 request,200,OK,config 1 1-8,text,false,"The operation lasted too long: It took 1,866 milliseconds, but should not have lasted longer than 775 milliseconds.",231,167,14,42,http://stload.se.ifmo.ru:8080/?token=518477874&user=-1355069478&config=1,1866,0,0
1776025951927,1868,config 1 request,200,OK,config 1 1-3,text,false,"The operation lasted too long: It took 1,868 milliseconds, but should not have lasted longer than 775 milliseconds.",231,167,14,42,http://stload.se.ifmo.ru:8080/?token=518477874&user=-1355069478&config=1,1868,0,0
1776025951927,1868,config 1 request,200,OK,config 1 1-9,text,false,"The operation lasted too long: It took 1,868 milliseconds, but should not have lasted longer than 775 milliseconds.",231,167,14,42,http://stload.se.ifmo.ru:8080/?token=518477874&user=-1355069478&config=1,1868,0,0
1776025951934,1896,config 1 request,200,OK,config 1 1-1,text,false,"The operation lasted too long: It took 1,896 milliseconds, but should not have lasted longer than 775 milliseconds.",231,167,14,42,http://stload.se.ifmo.ru:8080/?token=518477874&user=-1355069478&config=1,1896,0,0
1776025952217,1848,config 1 request,200,OK,config 1 1-11,text,false,"The operation lasted too long: It took 1,848 milliseconds, but should not have lasted longer than 775 milliseconds.",231,167,14,42,http://stload.se.ifmo.ru:8080/?token=518477874&user=-1355069478&config=1,1848,0,0
1776025952217,2023,config 1 request,200,OK,config 1 1-7,text,false,"The operation lasted too long: It took 2,023 milliseconds, but should not have lasted longer than 775 milliseconds.",231,167,14,42,http://stload.se.ifmo.ru:8080/?token=518477874&user=-1355069478&config=1,2023,0,0
1776025952848,1955,config 1 request,200,OK,config 1 1-13,text,false,"The operation lasted too long: It took 1,955 milliseconds, but should not have lasted longer than 775 milliseconds.",231,167,14,42,http://stload.se.ifmo.ru:8080/?token=518477874&user=-1355069478&config=1,1955,0,0
1776025952848,1955,config 1 request,200,OK,config 1 1-10,text,false,"The operation lasted too long: It took 1,955 milliseconds, but should not have lasted longer than 775 milliseconds.",231,167,14,42,http://stload.se.ifmo.ru:8080/?token=518477874&user=-1355069478&config=1,1955,0,0
1776025953192,2220,config 1 request,200,OK,config 1 1-14,text,false,"The operation lasted too long: It took 2,220 milliseconds, but should not have lasted longer than 775 milliseconds.",231,167,14,42,http://stload.se.ifmo.ru:8080/?token=518477874&user=-1355069478&config=1,2220,0,0
1776025953132,2280,config 1 request,200,OK,config 1 1-2,text,false,"The operation lasted too long: It took 2,280 milliseconds, but should not have lasted longer than 775 milliseconds.",231,167,14,42,http://stload.se.ifmo.ru:8080/?token=518477874&user=-1355069478&config=1,2280,0,0
1776025953293,2121,config 1 request,200,OK,config 1 1-4,text,false,"The operation lasted too long: It took 2,121 milliseconds, but should not have lasted longer than 775 milliseconds.",231,167,14,42,http://stload.se.ifmo.ru:8080/?token=518477874&user=-1355069478&config=1,2121,0,0
1776025953198,2216,config 1 request,200,OK,config 1 1-5,text,false,"The operation lasted too long: It took 2,216 milliseconds, but should not have lasted longer than 775 milliseconds.",231,167,14,42,http://stload.se.ifmo.ru:8080/?token=518477874&user=-1355069478&config=1,2216,0,0
1776025953393,2021,config 1 request,200,OK,config 1 1-6,text,false,"The operation lasted too long: It took 2,021 milliseconds, but should not have lasted longer than 775 milliseconds.",231,167,14,42,http://stload.se.ifmo.ru:8080/?token=518477874&user=-1355069478&config=1,2021,0,0
1776025953793,1766,config 1 request,200,OK,config 1 1-12,text,false,"The operation lasted too long: It took 1,766 milliseconds, but should not have lasted longer than 775 milliseconds.",231,167,14,42,http://stload.se.ifmo.ru:8080/?token=518477874&user=-1355069478&config=1,1766,0,0
1776025953794,1765,config 1 request,200,OK,config 1 1-8,text,false,"The operation lasted too long: It took 1,765 milliseconds, but should not have lasted longer than 775 milliseconds.",231,167,14,42,http://stload.se.ifmo.ru:8080/?token=518477874&user=-1355069478&config=1,1765,0,0
1776025953795,1764,config 1 request,200,OK,config 1 1-3,text,false,"The operation lasted too long: It took 1,764 milliseconds, but should not have lasted longer than 775 milliseconds.",231,167,14,42,http://stload.se.ifmo.ru:8080/?token=518477874&user=-1355069478&config=1,1764,0,0
1776025953795,1802,config 1 request,200,OK,config 1 1-9,text,false,"The operation lasted too long: It took 1,802 milliseconds, but should not have lasted longer than 775 milliseconds.",231,167,14,42,http://stload.se.ifmo.ru:8080/?token=518477874&user=-1355069478&config=1,1802,0,0
1776025953830,1831,config 1 request,200,OK,config 1 1-1,text,false,"The operation lasted too long: It took 1,831 milliseconds, but should not have lasted longer than 775 milliseconds.",231,167,14,42,http://stload.se.ifmo.ru:8080/?token=518477874&user=-1355069478&config=1,1831,0,0
1776025954066,1793,config 1 request,200,OK,config 1 1-11,text,false,"The operation lasted too long: It took 1,793 milliseconds, but should not have lasted longer than 775 milliseconds.",231,167,14,42,http://stload.se.ifmo.ru:8080/?token=518477874&user=-1355069478&config=1,1793,0,0
1776025954241,1997,config 1 request,200,OK,config 1 1-7,text,false,"The operation lasted too long: It took 1,997 milliseconds, but should not have lasted longer than 775 milliseconds.",231,167,14,42,http://stload.se.ifmo.ru:8080/?token=518477874&user=-1355069478&config=1,1997,0,0
1776025954803,1988,config 1 request,200,OK,config 1 1-13,text,false,"The operation lasted too long: It took 1,988 milliseconds, but should not have lasted longer than 775 milliseconds.",231,167,14,42,http://stload.se.ifmo.ru:8080/?token=518477874&user=-1355069478&config=1,1987,0,0
1776025954803,1988,config 1 request,200,OK,config 1 1-10,text,false,"The operation lasted too long: It took 1,988 milliseconds, but should not have lasted longer than 775 milliseconds.",231,167,14,42,http://stload.se.ifmo.ru:8080/?token=518477874&user=-1355069478&config=1,1988,0,0
1776025955413,1720,config 1 request,200,OK,config 1 1-2,text,false,"The operation lasted too long: It took 1,720 milliseconds, but should not have lasted longer than 775 milliseconds.",231,167,14,42,http://stload.se.ifmo.ru:8080/?token=518477874&user=-1355069478&config=1,1720,0,0
1776025955414,1719,config 1 request,200,OK,config 1 1-4,text,false,"The operation lasted too long: It took 1,719 milliseconds, but should not have lasted longer than 775 milliseconds.",231,167,14,42,http://stload.se.ifmo.ru:8080/?token=518477874&user=-1355069478&config=1,1719,0,0
1776025955414,1719,config 1 request,200,OK,config 1 1-6,text,false,"The operation lasted too long: It took 1,719 milliseconds, but should not have lasted longer than 775 milliseconds.",231,167,14,42,http://stload.se.ifmo.ru:8080/?token=518477874&user=-1355069478&config=1,1719,0,0
1776025955413,1720,config 1 request,200,OK,config 1 1-14,text,false,"The operation lasted too long: It took 1,720 milliseconds, but should not have lasted longer than 775 milliseconds.",231,167,14,42,http://stload.se.ifmo.ru:8080/?token=518477874&user=-1355069478&config=1,1720,0,0
1776025955414,1757,config 1 request,200,OK,config 1 1-5,text,false,"The operation lasted too long: It took 1,757 milliseconds, but should not have lasted longer than 775 milliseconds.",231,167,14,42,http://stload.se.ifmo.ru:8080/?token=518477874&user=-1355069478&config=1,1757,0,0
1776025955560,1714,config 1 request,200,OK,config 1 1-8,text,false,"The operation lasted too long: It took 1,714 milliseconds, but should not have lasted longer than 775 milliseconds.",231,167,14,42,http://stload.se.ifmo.ru:8080/?token=518477874&user=-1355069478&config=1,1714,0,0
1776025955560,1970,config 1 request,200,OK,config 1 1-12,text,false,"The operation lasted too long: It took 1,970 milliseconds, but should not have lasted longer than 775 milliseconds.",231,167,14,42,http://stload.se.ifmo.ru:8080/?token=518477874&user=-1355069478&config=1,1970,0,0
1776025955560,1970,config 1 request,200,OK,config 1 1-3,text,false,"The operation lasted too long: It took 1,970 milliseconds, but should not have lasted longer than 775 milliseconds.",231,167,14,42,http://stload.se.ifmo.ru:8080/?token=518477874&user=-1355069478&config=1,1970,0,0
1776025955597,1934,config 1 request,200,OK,config 1 1-9,text,false,"The operation lasted too long: It took 1,934 milliseconds, but should not have lasted longer than 775 milliseconds.",231,167,14,42,http://stload.se.ifmo.ru:8080/?token=518477874&user=-1355069478&config=1,1934,0,0
1776025955662,1950,config 1 request,200,OK,config 1 1-1,text,false,"The operation lasted too long: It took 1,950 milliseconds, but should not have lasted longer than 775 milliseconds.",231,167,14,42,http://stload.se.ifmo.ru:8080/?token=518477874&user=-1355069478&config=1,1950,0,0
1776025955860,1914,config 1 request,200,OK,config 1 1-11,text,false,"The operation lasted too long: It took 1,914 milliseconds, but should not have lasted longer than 775 milliseconds.",231,167,14,42,http://stload.se.ifmo.ru:8080/?token=518477874&user=-1355069478&config=1,1914,0,0
1776025956238,2104,config 1 request,200,OK,config 1 1-7,text,false,"The operation lasted too long: It took 2,104 milliseconds, but should not have lasted longer than 775 milliseconds.",231,167,14,42,http://stload.se.ifmo.ru:8080/?token=518477874&user=-1355069478&config=1,2104,0,0
1776025956791,1736,config 1 request,200,OK,config 1 1-10,text,false,"The operation lasted too long: It took 1,736 milliseconds, but should not have lasted longer than 775 milliseconds.",231,167,14,42,http://stload.se.ifmo.ru:8080/?token=518477874&user=-1355069478&config=1,1736,0,0
1776025956791,1736,config 1 request,200,OK,config 1 1-13,text,false,"The operation lasted too long: It took 1,736 milliseconds, but should not have lasted longer than 775 milliseconds.",231,167,14,42,http://stload.se.ifmo.ru:8080/?token=518477874&user=-1355069478&config=1,1736,0,0
1776025957133,1719,config 1 request,200,OK,config 1 1-2,text,false,"The operation lasted too long: It took 1,719 milliseconds, but should not have lasted longer than 775 milliseconds.",231,167,14,42,http://stload.se.ifmo.ru:8080/?token=518477874&user=-1355069478&config=1,1719,0,0
1776025957133,1862,config 1 request,200,OK,config 1 1-6,text,false,"The operation lasted too long: It took 1,862 milliseconds, but should not have lasted longer than 775 milliseconds.",231,167,14,42,http://stload.se.ifmo.ru:8080/?token=518477874&user=-1355069478&config=1,1862,0,0
1776025957172,1918,config 1 request,200,OK,config 1 1-5,text,false,"The operation lasted too long: It took 1,918 milliseconds, but should not have lasted longer than 775 milliseconds.",231,167,14,42,http://stload.se.ifmo.ru:8080/?token=518477874&user=-1355069478&config=1,1918,0,0
1776025957133,1957,config 1 request,200,OK,config 1 1-14,text,false,"The operation lasted too long: It took 1,957 milliseconds, but should not have lasted longer than 775 milliseconds.",231,167,14,42,http://stload.se.ifmo.ru:8080/?token=518477874&user=-1355069478&config=1,1956,0,0
1776025957133,1958,config 1 request,200,OK,config 1 1-4,text,false,"The operation lasted too long: It took 1,958 milliseconds, but should not have lasted longer than 775 milliseconds.",231,167,14,42,http://stload.se.ifmo.ru:8080/?token=518477874&user=-1355069478&config=1,1958,0,0
1776025957531,1705,config 1 request,200,OK,config 1 1-9,text,false,"The operation lasted too long: It took 1,705 milliseconds, but should not have lasted longer than 775 milliseconds.",231,167,14,42,http://stload.se.ifmo.ru:8080/?token=518477874&user=-1355069478&config=1,1705,0,0
1776025957275,1961,config 1 request,200,OK,config 1 1-8,text,false,"The operation lasted too long: It took 1,961 milliseconds, but should not have lasted longer than 775 milliseconds.",231,167,14,42,http://stload.se.ifmo.ru:8080/?token=518477874&user=-1355069478&config=1,1961,0,0
1776025957531,1802,config 1 request,200,OK,config 1 1-3,text,false,"The operation lasted too long: It took 1,802 milliseconds, but should not have lasted longer than 775 milliseconds.",231,167,14,42,http://stload.se.ifmo.ru:8080/?token=518477874&user=-1355069478&config=1,1802,0,0
1776025957531,1822,config 1 request,200,OK,config 1 1-12,text,false,"The operation lasted too long: It took 1,822 milliseconds, but should not have lasted longer than 775 milliseconds.",231,167,14,42,http://stload.se.ifmo.ru:8080/?token=518477874&user=-1355069478&config=1,1822,0,0
1776025957612,1844,config 1 request,200,OK,config 1 1-1,text,false,"The operation lasted too long: It took 1,844 milliseconds, but should not have lasted longer than 775 milliseconds.",231,167,14,42,http://stload.se.ifmo.ru:8080/?token=518477874&user=-1355069478&config=1,1844,0,0
1776025957774,2121,config 1 request,200,OK,config 1 1-11,text,false,"The operation lasted too long: It took 2,121 milliseconds, but should not have lasted longer than 775 milliseconds.",231,167,14,42,http://stload.se.ifmo.ru:8080/?token=518477874&user=-1355069478&config=1,2121,0,0
1776025958343,1960,config 1 request,200,OK,config 1 1-7,text,false,"The operation lasted too long: It took 1,960 milliseconds, but should not have lasted longer than 775 milliseconds.",231,167,14,42,http://stload.se.ifmo.ru:8080/?token=518477874&user=-1355069478&config=1,1960,0,0
1776025958527,1846,config 1 request,200,OK,config 1 1-13,text,false,"The operation lasted too long: It took 1,846 milliseconds, but should not have lasted longer than 775 milliseconds.",231,167,14,42,http://stload.se.ifmo.ru:8080/?token=518477874&user=-1355069478&config=1,1846,0,0
1776025958527,1846,config 1 request,200,OK,config 1 1-10,text,false,"The operation lasted too long: It took 1,846 milliseconds, but should not have lasted longer than 775 milliseconds.",231,167,14,42,http://stload.se.ifmo.ru:8080/?token=518477874&user=-1355069478&config=1,1846,0,0
1776025958852,1888,config 1 request,200,OK,config 1 1-2,text,false,"The operation lasted too long: It took 1,888 milliseconds, but should not have lasted longer than 775 milliseconds.",231,167,14,42,http://stload.se.ifmo.ru:8080/?token=518477874&user=-1355069478&config=1,1888,0,0
1776025958995,1745,config 1 request,200,OK,config 1 1-6,text,false,"The operation lasted too long: It took 1,745 milliseconds, but should not have lasted longer than 775 milliseconds.",231,167,14,42,http://stload.se.ifmo.ru:8080/?token=518477874&user=-1355069478&config=1,1745,0,0
1776025959090,1710,config 1 request,200,OK,config 1 1-5,text,false,"The operation lasted too long: It took 1,710 milliseconds, but should not have lasted longer than 775 milliseconds.",231,167,12,38,http://stload.se.ifmo.ru:8080/?token=518477874&user=-1355069478&config=1,1710,0,0
1776025959090,1790,config 1 request,200,OK,config 1 1-14,text,false,"The operation lasted too long: It took 1,790 milliseconds, but should not have lasted longer than 775 milliseconds.",231,167,11,37,http://stload.se.ifmo.ru:8080/?token=518477874&user=-1355069478&config=1,1790,0,0
1776025959091,1850,config 1 request,200,OK,config 1 1-4,text,false,"The operation lasted too long: It took 1,850 milliseconds, but should not have lasted longer than 775 milliseconds.",231,167,10,35,http://stload.se.ifmo.ru:8080/?token=518477874&user=-1355069478&config=1,1850,0,0
1776025959236,1865,config 1 request,200,OK,config 1 1-8,text,false,"The operation lasted too long: It took 1,865 milliseconds, but should not have lasted longer than 775 milliseconds.",231,167,9,31,http://stload.se.ifmo.ru:8080/?token=518477874&user=-1355069478&config=1,1865,0,0
1776025959236,1925,config 1 request,200,OK,config 1 1-9,text,false,"The operation lasted too long: It took 1,925 milliseconds, but should not have lasted longer than 775 milliseconds.",231,167,8,30,http://stload.se.ifmo.ru:8080/?token=518477874&user=-1355069478&config=1,1925,0,0
1776025959333,1835,config 1 request,200,OK,config 1 1-3,text,false,"The operation lasted too long: It took 1,835 milliseconds, but should not have lasted longer than 775 milliseconds.",231,167,7,27,http://stload.se.ifmo.ru:8080/?token=518477874&user=-1355069478&config=1,1835,0,0
1776025959353,1874,config 1 request,200,OK,config 1 1-12,text,false,"The operation lasted too long: It took 1,874 milliseconds, but should not have lasted longer than 775 milliseconds.",231,167,6,25,http://stload.se.ifmo.ru:8080/?token=518477874&user=-1355069478&config=1,1874,0,0
1776025959456,2084,config 1 request,200,OK,config 1 1-1,text,false,"The operation lasted too long: It took 2,084 milliseconds, but should not have lasted longer than 775 milliseconds.",231,167,5,17,http://stload.se.ifmo.ru:8080/?token=518477874&user=-1355069478&config=1,2084,0,0
1776025959896,1759,config 1 request,200,OK,config 1 1-11,text,false,"The operation lasted too long: It took 1,759 milliseconds, but should not have lasted longer than 775 milliseconds.",231,167,4,15,http://stload.se.ifmo.ru:8080/?token=518477874&user=-1355069478&config=1,1759,0,0
1776025960303,1886,config 1 request,200,OK,config 1 1-7,text,false,"The operation lasted too long: It took 1,886 milliseconds, but should not have lasted longer than 775 milliseconds.",231,167,3,4,http://stload.se.ifmo.ru:8080/?token=518477874&user=-1355069478&config=1,1886,0,0
1776025960373,1876,config 1 request,200,OK,config 1 1-13,text,false,"The operation lasted too long: It took 1,876 milliseconds, but should not have lasted longer than 775 milliseconds.",231,167,2,2,http://stload.se.ifmo.ru:8080/?token=518477874&user=-1355069478&config=1,1876,0,0
1776025960373,1917,config 1 request,200,OK,config 1 1-10,text,false,"The operation lasted too long: It took 1,917 milliseconds, but should not have lasted longer than 775 milliseconds.",231,167,1,1,http://stload.se.ifmo.ru:8080/?token=518477874&user=-1355069478&config=1,1917,0,0
